payment_id,account_id,payment_date,amount_paid,status,days_past_due
1,1,2026-02-15T17:09:49.360109,0.0,Arrears,92
2,1,2026-03-17T17:09:49.360109,0.0,Arrears,62
3,1,2026-04-16T17:09:49.360109,0.0,Late,32
4,1,2026-05-16T17:09:49.360109,15655.359965584257,On-time,2
5,2,2024-11-27T17:09:49.360109,0.0,Arrears,537
6,2,2024-12-27T17:09:49.360109,0.0,Arrears,507
7,2,2025-01-26T17:09:49.360109,0.0,Arrears,477
8,2,2025-02-25T17:09:49.360109,0.0,Arrears,447
9,2,2025-03-27T17:09:49.360109,0.0,Arrears,417
10,2,2025-04-26T17:09:49.360109,0.0,Arrears,387
11,2,2025-05-26T17:09:49.360109,0.0,Arrears,357
12,2,2025-06-25T17:09:49.360109,0.0,Arrears,327
13,2,2025-07-25T17:09:49.360109,0.0,Arrears,297
14,2,2025-08-24T17:09:49.360109,0.0,Arrears,267
15,2,2025-09-23T17:09:49.360109,0.0,Arrears,237
16,2,2025-10-23T17:09:49.360109,0.0,Arrears,207
17,2,2025-11-22T17:09:49.360109,0.0,Arrears,177
18,2,2025-12-22T17:09:49.360109,0.0,Arrears,147
19,2,2026-01-21T17:09:49.360109,0.0,Arrears,117
20,2,2026-02-20T17:09:49.360109,0.0,Arrears,87
21,2,2026-03-22T17:09:49.360109,0.0,Late,57
22,2,2026-04-21T17:09:49.360109,17295.335183768635,On-time,27
23,3,2024-05-28T17:09:49.362118,0.0,Arrears,720
24,3,2024-06-27T17:09:49.362118,0.0,Arrears,690
25,3,2024-07-27T17:09:49.362118,0.0,Arrears,660
26,3,2024-08-26T17:09:49.362118,0.0,Arrears,630
27,3,2024-09-25T17:09:49.362118,0.0,Arrears,600
28,3,2024-10-25T17:09:49.362118,0.0,Arrears,570
29,3,2024-11-24T17:09:49.362118,0.0,Arrears,540
30,3,2024-12-24T17:09:49.362118,0.0,Arrears,510
31,3,2025-01-23T17:09:49.362118,0.0,Arrears,480
32,3,2025-02-22T17:09:49.362118,0.0,Arrears,450
33,3,2025-03-24T17:09:49.362118,0.0,Arrears,420
34,3,2025-04-23T17:09:49.362118,0.0,Arrears,390
35,3,2025-05-23T17:09:49.362118,0.0,Arrears,360
36,3,2025-06-22T17:09:49.362118,0.0,Arrears,330
37,3,2025-07-22T17:09:49.362118,0.0,Arrears,300
38,3,2025-08-21T17:09:49.362118,0.0,Arrears,270
39,3,2025-09-20T17:09:49.362118,0.0,Arrears,240
40,3,2025-10-20T17:09:49.362118,0.0,Arrears,210
41,4,2025-11-26T17:09:49.362118,0.0,Arrears,173
42,4,2025-12-26T17:09:49.362118,0.0,Arrears,143
43,4,2026-01-25T17:09:49.362118,0.0,Arrears,113
44,4,2026-02-24T17:09:49.362118,0.0,Arrears,83
45,4,2026-03-26T17:09:49.362118,0.0,Late,53
46,4,2026-04-25T17:09:49.362118,342.7411877907738,On-time,23
47,5,2025-03-09T17:09:49.362118,0.0,Arrears,435
48,5,2025-04-08T17:09:49.362118,0.0,Arrears,405
49,5,2025-05-08T17:09:49.362118,0.0,Arrears,375
50,5,2025-06-07T17:09:49.362118,0.0,Arrears,345
51,5,2025-07-07T17:09:49.362118,0.0,Arrears,315
52,5,2025-08-06T17:09:49.362118,0.0,Arrears,285
53,6,2025-09-03T17:09:49.364127,0.0,Arrears,257
54,6,2025-10-03T17:09:49.364127,0.0,Arrears,227
55,6,2025-11-02T17:09:49.364127,0.0,Arrears,197
56,6,2025-12-02T17:09:49.364127,0.0,Arrears,167
57,6,2026-01-01T17:09:49.364127,0.0,Arrears,137
58,6,2026-01-31T17:09:49.364127,0.0,Arrears,107
59,6,2026-03-02T17:09:49.364127,0.0,Arrears,77
60,6,2026-04-01T17:09:49.364127,0.0,Late,47
61,6,2026-05-01T17:09:49.364127,19357.4305943816,On-time,17
62,7,2025-07-22T17:09:49.364127,0.0,Arrears,300
63,7,2025-08-21T17:09:49.364127,0.0,Arrears,270
64,7,2025-09-20T17:09:49.364127,0.0,Arrears,240
65,7,2025-10-20T17:09:49.364127,0.0,Arrears,210
66,7,2025-11-19T17:09:49.364127,0.0,Arrears,180
67,7,2025-12-19T17:09:49.364127,0.0,Arrears,150
68,7,2026-01-18T17:09:49.364127,0.0,Arrears,120
69,7,2026-02-17T17:09:49.364127,0.0,Arrears,90
70,7,2026-03-19T17:09:49.364127,0.0,Arrears,60
71,7,2026-04-18T17:09:49.364127,0.0,Late,30
72,7,2026-05-18T17:09:49.364127,8775.338862359204,On-time,0
73,8,2024-10-20T17:09:49.366915,0.0,Arrears,575
74,8,2024-11-19T17:09:49.366915,0.0,Arrears,545
75,8,2024-12-19T17:09:49.366915,0.0,Arrears,515
76,8,2025-01-18T17:09:49.366915,0.0,Arrears,485
77,8,2025-02-17T17:09:49.366915,0.0,Arrears,455
78,8,2025-03-19T17:09:49.366915,0.0,Arrears,425
79,8,2025-04-18T17:09:49.366915,0.0,Arrears,395
80,8,2025-05-18T17:09:49.366915,0.0,Arrears,365
81,8,2025-06-17T17:09:49.366915,0.0,Arrears,335
82,9,2025-03-18T17:09:49.366915,0.0,Arrears,426
83,9,2025-04-17T17:09:49.366915,0.0,Arrears,396
84,9,2025-05-17T17:09:49.366915,0.0,Arrears,366
85,9,2025-06-16T17:09:49.366915,0.0,Arrears,336
86,9,2025-07-16T17:09:49.366915,0.0,Arrears,306
87,9,2025-08-15T17:09:49.366915,0.0,Arrears,276
88,9,2025-09-14T17:09:49.366915,0.0,Arrears,246
89,9,2025-10-14T17:09:49.366915,0.0,Arrears,216
90,9,2025-11-13T17:09:49.366915,0.0,Arrears,186
91,9,2025-12-13T17:09:49.366915,0.0,Arrears,156
92,9,2026-01-12T17:09:49.366915,0.0,Arrears,126
93,9,2026-02-11T17:09:49.366915,0.0,Arrears,96
94,9,2026-03-13T17:09:49.366915,0.0,Arrears,66
95,9,2026-04-12T17:09:49.366915,0.0,Late,36
96,9,2026-05-12T17:09:49.366915,11457.290522746984,On-time,6
97,10,2026-01-13T17:09:49.368949,0.0,Arrears,125
98,10,2026-02-12T17:09:49.368949,0.0,Arrears,95
99,10,2026-03-14T17:09:49.368949,0.0,Arrears,65
100,10,2026-04-13T17:09:49.368949,0.0,Late,35
101,10,2026-05-13T17:09:49.368949,12070.63985232988,On-time,5
102,11,2026-02-05T17:09:49.368949,0.0,Arrears,102
103,11,2026-03-07T17:09:49.368949,0.0,Arrears,72
104,11,2026-04-06T17:09:49.368949,0.0,Late,42
105,11,2026-05-06T17:09:49.368949,35877.9590090787,On-time,12
106,12,2025-07-10T17:09:49.368949,0.0,Arrears,312
107,12,2025-08-09T17:09:49.368949,0.0,Arrears,282
108,12,2025-09-08T17:09:49.368949,0.0,Arrears,252
109,12,2025-10-08T17:09:49.368949,0.0,Arrears,222
110,12,2025-11-07T17:09:49.368949,0.0,Arrears,192
111,12,2025-12-07T17:09:49.368949,0.0,Arrears,162
112,12,2026-01-06T17:09:49.368949,0.0,Arrears,132
113,12,2026-02-05T17:09:49.368949,0.0,Arrears,102
114,12,2026-03-07T17:09:49.368949,0.0,Arrears,72
115,12,2026-04-06T17:09:49.368949,0.0,Late,42
116,13,2026-03-16T17:09:49.368949,0.0,Arrears,63
117,13,2026-04-15T17:09:49.368949,0.0,Late,33
118,13,2026-05-15T17:09:49.368949,1738.163915820155,On-time,3
119,14,2024-05-25T17:09:49.370958,0.0,Arrears,723
120,14,2024-06-24T17:09:49.370958,0.0,Arrears,693
121,14,2024-07-24T17:09:49.370958,0.0,Arrears,663
122,14,2024-08-23T17:09:49.370958,0.0,Arrears,633
123,14,2024-09-22T17:09:49.370958,0.0,Arrears,603
124,15,2025-07-24T17:09:49.370958,0.0,Arrears,298
125,15,2025-08-23T17:09:49.370958,0.0,Arrears,268
126,15,2025-09-22T17:09:49.370958,0.0,Arrears,238
127,15,2025-10-22T17:09:49.370958,0.0,Arrears,208
128,15,2025-11-21T17:09:49.370958,0.0,Arrears,178
129,15,2025-12-21T17:09:49.370958,0.0,Arrears,148
130,15,2026-01-20T17:09:49.370958,0.0,Arrears,118
131,15,2026-02-19T17:09:49.370958,0.0,Arrears,88
132,15,2026-03-21T17:09:49.370958,0.0,Late,58
133,15,2026-04-20T17:09:49.370958,12941.81060372774,On-time,28
134,16,2026-02-04T17:09:49.370958,0.0,Arrears,103
135,16,2026-03-06T17:09:49.370958,0.0,Arrears,73
136,16,2026-04-05T17:09:49.370958,0.0,Late,43
137,16,2026-05-05T17:09:49.370958,13065.269463976994,On-time,13
138,17,2024-09-28T17:09:49.372967,0.0,Arrears,597
139,17,2024-10-28T17:09:49.372967,0.0,Arrears,567
140,17,2024-11-27T17:09:49.372967,0.0,Arrears,537
141,17,2024-12-27T17:09:49.372967,0.0,Arrears,507
142,17,2025-01-26T17:09:49.372967,0.0,Arrears,477
143,17,2025-02-25T17:09:49.372967,0.0,Arrears,447
144,17,2025-03-27T17:09:49.372967,0.0,Arrears,417
145,17,2025-04-26T17:09:49.372967,0.0,Arrears,387
146,17,2025-05-26T17:09:49.372967,0.0,Arrears,357
147,17,2025-06-25T17:09:49.372967,0.0,Arrears,327
148,17,2025-07-25T17:09:49.372967,0.0,Arrears,297
149,17,2025-08-24T17:09:49.372967,0.0,Arrears,267
150,17,2025-09-23T17:09:49.372967,0.0,Arrears,237
151,17,2025-10-23T17:09:49.372967,0.0,Arrears,207
152,17,2025-11-22T17:09:49.372967,0.0,Arrears,177
153,17,2025-12-22T17:09:49.372967,0.0,Arrears,147
154,17,2026-01-21T17:09:49.372967,0.0,Arrears,117
155,17,2026-02-20T17:09:49.372967,0.0,Arrears,87
156,17,2026-03-22T17:09:49.372967,0.0,Late,57
157,17,2026-04-21T17:09:49.372967,7377.692680178047,On-time,27
158,18,2024-12-14T17:09:49.373974,0.0,Arrears,520
159,18,2025-01-13T17:09:49.373974,0.0,Arrears,490
160,18,2025-02-12T17:09:49.373974,0.0,Arrears,460
161,18,2025-03-14T17:09:49.373974,0.0,Arrears,430
162,18,2025-04-13T17:09:49.373974,0.0,Arrears,400
163,18,2025-05-13T17:09:49.373974,0.0,Arrears,370
164,18,2025-06-12T17:09:49.373974,0.0,Arrears,340
165,18,2025-07-12T17:09:49.373974,0.0,Arrears,310
166,18,2025-08-11T17:09:49.373974,0.0,Arrears,280
167,18,2025-09-10T17:09:49.373974,0.0,Arrears,250
168,18,2025-10-10T17:09:49.373974,0.0,Arrears,220
169,18,2025-11-09T17:09:49.373974,0.0,Arrears,190
170,18,2025-12-09T17:09:49.373974,0.0,Arrears,160
171,18,2026-01-08T17:09:49.373974,0.0,Arrears,130
172,18,2026-02-07T17:09:49.373974,0.0,Arrears,100
173,18,2026-03-09T17:09:49.373974,0.0,Arrears,70
174,18,2026-04-08T17:09:49.373974,0.0,Late,40
175,18,2026-05-08T17:09:49.373974,960.0382177642538,On-time,10
176,19,2025-11-21T17:09:49.373974,0.0,Arrears,178
177,19,2025-12-21T17:09:49.373974,0.0,Arrears,148
178,19,2026-01-20T17:09:49.373974,0.0,Arrears,118
179,19,2026-02-19T17:09:49.373974,0.0,Arrears,88
180,19,2026-03-21T17:09:49.373974,0.0,Late,58
181,19,2026-04-20T17:09:49.373974,26616.892457303984,On-time,28
182,20,2024-12-18T17:09:49.373974,0.0,Arrears,516
183,20,2025-01-17T17:09:49.373974,0.0,Arrears,486
184,20,2025-02-16T17:09:49.373974,0.0,Arrears,456
185,20,2025-03-18T17:09:49.373974,0.0,Arrears,426
186,20,2025-04-17T17:09:49.373974,0.0,Arrears,396
187,20,2025-05-17T17:09:49.373974,0.0,Arrears,366
188,20,2025-06-16T17:09:49.373974,0.0,Arrears,336
189,20,2025-07-16T17:09:49.373974,0.0,Arrears,306
190,20,2025-08-15T17:09:49.373974,0.0,Arrears,276
191,20,2025-09-14T17:09:49.373974,0.0,Arrears,246
192,20,2025-10-14T17:09:49.373974,0.0,Arrears,216
193,20,2025-11-13T17:09:49.373974,0.0,Arrears,186
194,20,2025-12-13T17:09:49.373974,0.0,Arrears,156
195,20,2026-01-12T17:09:49.373974,0.0,Arrears,126
196,20,2026-02-11T17:09:49.373974,0.0,Arrears,96
197,21,2025-04-29T17:09:49.375983,0.0,Arrears,384
198,21,2025-05-29T17:09:49.375983,0.0,Arrears,354
199,22,2024-11-12T17:09:49.375983,0.0,Arrears,552
200,22,2024-12-12T17:09:49.375983,0.0,Arrears,522
201,22,2025-01-11T17:09:49.375983,0.0,Arrears,492
202,22,2025-02-10T17:09:49.375983,0.0,Arrears,462
203,22,2025-03-12T17:09:49.375983,0.0,Arrears,432
204,22,2025-04-11T17:09:49.375983,0.0,Arrears,402
205,22,2025-05-11T17:09:49.375983,0.0,Arrears,372
206,22,2025-06-10T17:09:49.375983,0.0,Arrears,342
207,22,2025-07-10T17:09:49.375983,0.0,Arrears,312
208,22,2025-08-09T17:09:49.375983,0.0,Arrears,282
209,22,2025-09-08T17:09:49.375983,0.0,Arrears,252
210,22,2025-10-08T17:09:49.375983,0.0,Arrears,222
211,22,2025-11-07T17:09:49.375983,0.0,Arrears,192
212,22,2025-12-07T17:09:49.375983,0.0,Arrears,162
213,22,2026-01-06T17:09:49.375983,0.0,Arrears,132
214,22,2026-02-05T17:09:49.375983,0.0,Arrears,102
215,22,2026-03-07T17:09:49.375983,0.0,Arrears,72
216,22,2026-04-06T17:09:49.375983,0.0,Late,42
217,22,2026-05-06T17:09:49.375983,4108.047263862691,On-time,12
218,23,2025-12-12T17:09:49.375983,0.0,Arrears,157
219,23,2026-01-11T17:09:49.375983,0.0,Arrears,127
220,23,2026-02-10T17:09:49.375983,0.0,Arrears,97
221,23,2026-03-12T17:09:49.375983,0.0,Arrears,67
222,23,2026-04-11T17:09:49.375983,0.0,Late,37
223,23,2026-05-11T17:09:49.375983,16056.477302830457,On-time,7
224,24,2024-05-24T17:09:49.375983,0.0,Arrears,724
225,24,2024-06-23T17:09:49.375983,0.0,Arrears,694
226,24,2024-07-23T17:09:49.375983,0.0,Arrears,664
227,24,2024-08-22T17:09:49.375983,0.0,Arrears,634
228,24,2024-09-21T17:09:49.375983,0.0,Arrears,604
229,24,2024-10-21T17:09:49.375983,0.0,Arrears,574
230,24,2024-11-20T17:09:49.375983,0.0,Arrears,544
231,24,2024-12-20T17:09:49.375983,0.0,Arrears,514
232,24,2025-01-19T17:09:49.375983,0.0,Arrears,484
233,24,2025-02-18T17:09:49.375983,0.0,Arrears,454
234,24,2025-03-20T17:09:49.375983,0.0,Arrears,424
235,24,2025-04-19T17:09:49.375983,0.0,Arrears,394
236,24,2025-05-19T17:09:49.375983,0.0,Arrears,364
237,24,2025-06-18T17:09:49.375983,0.0,Arrears,334
238,24,2025-07-18T17:09:49.375983,0.0,Arrears,304
239,24,2025-08-17T17:09:49.375983,0.0,Arrears,274
240,25,2025-09-10T17:09:49.377991,0.0,Arrears,250
241,25,2025-10-10T17:09:49.377991,0.0,Arrears,220
242,26,2025-03-12T17:09:49.377991,0.0,Arrears,432
243,26,2025-04-11T17:09:49.377991,0.0,Arrears,402
244,26,2025-05-11T17:09:49.377991,0.0,Arrears,372
245,26,2025-06-10T17:09:49.377991,0.0,Arrears,342
246,26,2025-07-10T17:09:49.377991,0.0,Arrears,312
247,26,2025-08-09T17:09:49.377991,0.0,Arrears,282
248,26,2025-09-08T17:09:49.377991,0.0,Arrears,252
249,26,2025-10-08T17:09:49.377991,0.0,Arrears,222
250,26,2025-11-07T17:09:49.377991,0.0,Arrears,192
251,26,2025-12-07T17:09:49.377991,0.0,Arrears,162
252,26,2026-01-06T17:09:49.377991,0.0,Arrears,132
253,26,2026-02-05T17:09:49.377991,0.0,Arrears,102
254,26,2026-03-07T17:09:49.377991,0.0,Arrears,72
255,26,2026-04-06T17:09:49.377991,0.0,Late,42
256,26,2026-05-06T17:09:49.377991,6432.755349595768,On-time,12
257,27,2025-03-28T17:09:49.377991,0.0,Arrears,416
258,27,2025-04-27T17:09:49.377991,0.0,Arrears,386
259,27,2025-05-27T17:09:49.377991,0.0,Arrears,356
260,27,2025-06-26T17:09:49.377991,0.0,Arrears,326
261,27,2025-07-26T17:09:49.377991,0.0,Arrears,296
262,27,2025-08-25T17:09:49.377991,0.0,Arrears,266
263,27,2025-09-24T17:09:49.377991,0.0,Arrears,236
264,27,2025-10-24T17:09:49.377991,0.0,Arrears,206
265,27,2025-11-23T17:09:49.377991,0.0,Arrears,176
266,27,2025-12-23T17:09:49.377991,0.0,Arrears,146
267,27,2026-01-22T17:09:49.377991,0.0,Arrears,116
268,27,2026-02-21T17:09:49.377991,0.0,Arrears,86
269,27,2026-03-23T17:09:49.377991,0.0,Late,56
270,27,2026-04-22T17:09:49.377991,4058.9294639947793,On-time,26
271,28,2024-08-17T17:09:49.380000,0.0,Arrears,639
272,28,2024-09-16T17:09:49.380000,0.0,Arrears,609
273,28,2024-10-16T17:09:49.380000,0.0,Arrears,579
274,28,2024-11-15T17:09:49.380000,0.0,Arrears,549
275,28,2024-12-15T17:09:49.380000,0.0,Arrears,519
276,28,2025-01-14T17:09:49.380000,0.0,Arrears,489
277,28,2025-02-13T17:09:49.380000,0.0,Arrears,459
278,28,2025-03-15T17:09:49.380000,0.0,Arrears,429
279,28,2025-04-14T17:09:49.380000,0.0,Arrears,399
280,28,2025-05-14T17:09:49.380000,0.0,Arrears,369
281,28,2025-06-13T17:09:49.380000,0.0,Arrears,339
282,28,2025-07-13T17:09:49.380000,0.0,Arrears,309
283,28,2025-08-12T17:09:49.380000,0.0,Arrears,279
284,28,2025-09-11T17:09:49.380000,0.0,Arrears,249
285,28,2025-10-11T17:09:49.380000,0.0,Arrears,219
286,28,2025-11-10T17:09:49.380000,0.0,Arrears,189
287,28,2025-12-10T17:09:49.380000,0.0,Arrears,159
288,28,2026-01-09T17:09:49.380000,0.0,Arrears,129
289,28,2026-02-08T17:09:49.380000,0.0,Arrears,99
290,28,2026-03-10T17:09:49.380000,0.0,Arrears,69
291,29,2025-01-17T17:09:49.380000,0.0,Arrears,486
292,29,2025-02-16T17:09:49.380000,0.0,Arrears,456
293,30,2026-02-04T17:09:49.380000,0.0,Arrears,103
294,30,2026-03-06T17:09:49.380000,0.0,Arrears,73
295,30,2026-04-05T17:09:49.380000,0.0,Late,43
296,30,2026-05-05T17:09:49.380000,36356.674105884194,On-time,13
297,31,2025-07-08T17:09:49.382008,0.0,Arrears,314
298,31,2025-08-07T17:09:49.382008,0.0,Arrears,284
299,31,2025-09-06T17:09:49.382008,0.0,Arrears,254
300,31,2025-10-06T17:09:49.382008,0.0,Arrears,224
301,31,2025-11-05T17:09:49.382008,0.0,Arrears,194
302,31,2025-12-05T17:09:49.382008,0.0,Arrears,164
303,31,2026-01-04T17:09:49.382008,0.0,Arrears,134
304,31,2026-02-03T17:09:49.382008,0.0,Arrears,104
305,32,2024-06-06T17:09:49.382008,0.0,Arrears,711
306,32,2024-07-06T17:09:49.382008,0.0,Arrears,681
307,32,2024-08-05T17:09:49.382008,0.0,Arrears,651
308,32,2024-09-04T17:09:49.382008,0.0,Arrears,621
309,32,2024-10-04T17:09:49.382008,0.0,Arrears,591
310,32,2024-11-03T17:09:49.382008,0.0,Arrears,561
311,32,2024-12-03T17:09:49.382008,0.0,Arrears,531
312,32,2025-01-02T17:09:49.382008,0.0,Arrears,501
313,32,2025-02-01T17:09:49.382008,0.0,Arrears,471
314,32,2025-03-03T17:09:49.382008,0.0,Arrears,441
315,32,2025-04-02T17:09:49.382008,0.0,Arrears,411
316,32,2025-05-02T17:09:49.382008,0.0,Arrears,381
317,32,2025-06-01T17:09:49.382008,0.0,Arrears,351
318,32,2025-07-01T17:09:49.382008,0.0,Arrears,321
319,32,2025-07-31T17:09:49.382008,0.0,Arrears,291
320,32,2025-08-30T17:09:49.382008,0.0,Arrears,261
321,32,2025-09-29T17:09:49.382008,0.0,Arrears,231
322,32,2025-10-29T17:09:49.382008,0.0,Arrears,201
323,32,2025-11-28T17:09:49.382008,0.0,Arrears,171
324,32,2025-12-28T17:09:49.382008,0.0,Arrears,141
325,32,2026-01-27T17:09:49.382008,0.0,Arrears,111
326,32,2026-02-26T17:09:49.382008,0.0,Arrears,81
327,32,2026-03-28T17:09:49.382008,0.0,Late,51
328,32,2026-04-27T17:09:49.382008,17442.48358274277,On-time,21
329,33,2025-02-20T17:09:49.382008,0.0,Arrears,452
330,33,2025-03-22T17:09:49.382008,0.0,Arrears,422
331,33,2025-04-21T17:09:49.382008,0.0,Arrears,392
332,33,2025-05-21T17:09:49.382008,0.0,Arrears,362
333,33,2025-06-20T17:09:49.382008,0.0,Arrears,332
334,33,2025-07-20T17:09:49.382008,0.0,Arrears,302
335,34,2025-04-10T17:09:49.384017,0.0,Arrears,403
336,34,2025-05-10T17:09:49.384017,0.0,Arrears,373
337,34,2025-06-09T17:09:49.384017,0.0,Arrears,343
338,34,2025-07-09T17:09:49.384017,0.0,Arrears,313
339,34,2025-08-08T17:09:49.384017,0.0,Arrears,283
340,34,2025-09-07T17:09:49.384017,0.0,Arrears,253
341,34,2025-10-07T17:09:49.384017,0.0,Arrears,223
342,34,2025-11-06T17:09:49.384017,0.0,Arrears,193
343,34,2025-12-06T17:09:49.384017,0.0,Arrears,163
344,34,2026-01-05T17:09:49.384017,0.0,Arrears,133
345,34,2026-02-04T17:09:49.384017,0.0,Arrears,103
346,34,2026-03-06T17:09:49.384017,0.0,Arrears,73
347,34,2026-04-05T17:09:49.384017,0.0,Late,43
348,34,2026-05-05T17:09:49.384017,14212.015714483688,On-time,13
349,35,2024-09-09T17:09:49.384697,0.0,Arrears,616
350,35,2024-10-09T17:09:49.384697,0.0,Arrears,586
351,35,2024-11-08T17:09:49.384697,0.0,Arrears,556
352,35,2024-12-08T17:09:49.384697,0.0,Arrears,526
353,35,2025-01-07T17:09:49.384697,0.0,Arrears,496
354,35,2025-02-06T17:09:49.384697,0.0,Arrears,466
355,35,2025-03-08T17:09:49.384697,0.0,Arrears,436
356,35,2025-04-07T17:09:49.384697,0.0,Arrears,406
357,35,2025-05-07T17:09:49.384697,0.0,Arrears,376
358,35,2025-06-06T17:09:49.384697,0.0,Arrears,346
359,35,2025-07-06T17:09:49.384697,0.0,Arrears,316
360,35,2025-08-05T17:09:49.384697,0.0,Arrears,286
361,35,2025-09-04T17:09:49.384697,0.0,Arrears,256
362,35,2025-10-04T17:09:49.384697,0.0,Arrears,226
363,35,2025-11-03T17:09:49.384697,0.0,Arrears,196
364,35,2025-12-03T17:09:49.384697,0.0,Arrears,166
365,35,2026-01-02T17:09:49.384697,0.0,Arrears,136
366,35,2026-02-01T17:09:49.384697,0.0,Arrears,106
367,35,2026-03-03T17:09:49.384697,0.0,Arrears,76
368,35,2026-04-02T17:09:49.384697,0.0,Late,46
369,35,2026-05-02T17:09:49.384697,7964.013248228736,On-time,16
370,36,2025-03-12T17:09:49.388715,0.0,Arrears,432
371,36,2025-04-11T17:09:49.388715,0.0,Arrears,402
372,36,2025-05-11T17:09:49.388715,0.0,Arrears,372
373,36,2025-06-10T17:09:49.388715,0.0,Arrears,342
374,36,2025-07-10T17:09:49.388715,0.0,Arrears,312
375,36,2025-08-09T17:09:49.388715,0.0,Arrears,282
376,36,2025-09-08T17:09:49.388715,0.0,Arrears,252
377,36,2025-10-08T17:09:49.388715,0.0,Arrears,222
378,36,2025-11-07T17:09:49.388715,0.0,Arrears,192
379,36,2025-12-07T17:09:49.388715,0.0,Arrears,162
380,36,2026-01-06T17:09:49.388715,0.0,Arrears,132
381,36,2026-02-05T17:09:49.388715,0.0,Arrears,102
382,36,2026-03-07T17:09:49.388715,0.0,Arrears,72
383,36,2026-04-06T17:09:49.388715,0.0,Late,42
384,36,2026-05-06T17:09:49.388715,11864.25854345943,On-time,12
385,37,2024-10-04T17:09:49.388715,0.0,Arrears,591
386,37,2024-11-03T17:09:49.388715,0.0,Arrears,561
387,37,2024-12-03T17:09:49.388715,0.0,Arrears,531
388,37,2025-01-02T17:09:49.388715,0.0,Arrears,501
389,37,2025-02-01T17:09:49.388715,0.0,Arrears,471
390,37,2025-03-03T17:09:49.388715,0.0,Arrears,441
391,37,2025-04-02T17:09:49.388715,0.0,Arrears,411
392,37,2025-05-02T17:09:49.388715,0.0,Arrears,381
393,37,2025-06-01T17:09:49.388715,0.0,Arrears,351
394,37,2025-07-01T17:09:49.388715,0.0,Arrears,321
395,37,2025-07-31T17:09:49.388715,0.0,Arrears,291
396,37,2025-08-30T17:09:49.388715,0.0,Arrears,261
397,37,2025-09-29T17:09:49.388715,0.0,Arrears,231
398,38,2024-05-25T17:09:49.388715,0.0,Arrears,723
399,38,2024-06-24T17:09:49.388715,0.0,Arrears,693
400,38,2024-07-24T17:09:49.388715,0.0,Arrears,663
401,38,2024-08-23T17:09:49.388715,0.0,Arrears,633
402,38,2024-09-22T17:09:49.388715,0.0,Arrears,603
403,38,2024-10-22T17:09:49.388715,0.0,Arrears,573
404,38,2024-11-21T17:09:49.388715,0.0,Arrears,543
405,38,2024-12-21T17:09:49.388715,0.0,Arrears,513
406,38,2025-01-20T17:09:49.388715,0.0,Arrears,483
407,38,2025-02-19T17:09:49.388715,0.0,Arrears,453
408,38,2025-03-21T17:09:49.388715,0.0,Arrears,423
409,38,2025-04-20T17:09:49.388715,0.0,Arrears,393
410,38,2025-05-20T17:09:49.388715,0.0,Arrears,363
411,39,2025-07-30T17:09:49.388715,0.0,Arrears,292
412,39,2025-08-29T17:09:49.388715,0.0,Arrears,262
413,39,2025-09-28T17:09:49.388715,0.0,Arrears,232
414,39,2025-10-28T17:09:49.388715,0.0,Arrears,202
415,39,2025-11-27T17:09:49.388715,0.0,Arrears,172
416,39,2025-12-27T17:09:49.388715,0.0,Arrears,142
417,39,2026-01-26T17:09:49.388715,0.0,Arrears,112
418,39,2026-02-25T17:09:49.388715,0.0,Arrears,82
419,39,2026-03-27T17:09:49.388715,0.0,Late,52
420,39,2026-04-26T17:09:49.388715,6516.936620707447,On-time,22
421,40,2024-06-20T17:09:49.394032,0.0,Arrears,697
422,40,2024-07-20T17:09:49.394032,0.0,Arrears,667
423,40,2024-08-19T17:09:49.394032,0.0,Arrears,637
424,40,2024-09-18T17:09:49.394032,0.0,Arrears,607
425,40,2024-10-18T17:09:49.394032,0.0,Arrears,577
426,40,2024-11-17T17:09:49.394032,0.0,Arrears,547
427,40,2024-12-17T17:09:49.394032,0.0,Arrears,517
428,40,2025-01-16T17:09:49.394032,0.0,Arrears,487
429,40,2025-02-15T17:09:49.394032,0.0,Arrears,457
430,40,2025-03-17T17:09:49.394032,0.0,Arrears,427
431,40,2025-04-16T17:09:49.394032,0.0,Arrears,397
432,40,2025-05-16T17:09:49.394032,0.0,Arrears,367
433,40,2025-06-15T17:09:49.394032,0.0,Arrears,337
434,40,2025-07-15T17:09:49.394032,0.0,Arrears,307
435,40,2025-08-14T17:09:49.394032,0.0,Arrears,277
436,40,2025-09-13T17:09:49.394032,0.0,Arrears,247
437,40,2025-10-13T17:09:49.394032,0.0,Arrears,217
438,40,2025-11-12T17:09:49.394032,0.0,Arrears,187
439,40,2025-12-12T17:09:49.394032,0.0,Arrears,157
440,40,2026-01-11T17:09:49.394032,0.0,Arrears,127
441,40,2026-02-10T17:09:49.394032,0.0,Arrears,97
442,40,2026-03-12T17:09:49.394032,0.0,Arrears,67
443,40,2026-04-11T17:09:49.394032,0.0,Late,37
444,40,2026-05-11T17:09:49.394032,7668.725018504514,On-time,7
445,41,2024-10-14T17:09:49.396041,0.0,Arrears,581
446,41,2024-11-13T17:09:49.396041,0.0,Arrears,551
447,41,2024-12-13T17:09:49.396041,0.0,Arrears,521
448,41,2025-01-12T17:09:49.396041,0.0,Arrears,491
449,41,2025-02-11T17:09:49.396041,0.0,Arrears,461
450,41,2025-03-13T17:09:49.396041,0.0,Arrears,431
451,41,2025-04-12T17:09:49.396041,0.0,Arrears,401
452,41,2025-05-12T17:09:49.396041,0.0,Arrears,371
453,41,2025-06-11T17:09:49.396041,0.0,Arrears,341
454,41,2025-07-11T17:09:49.396041,0.0,Arrears,311
455,41,2025-08-10T17:09:49.396041,0.0,Arrears,281
456,41,2025-09-09T17:09:49.396041,0.0,Arrears,251
457,41,2025-10-09T17:09:49.396041,0.0,Arrears,221
458,41,2025-11-08T17:09:49.396041,0.0,Arrears,191
459,41,2025-12-08T17:09:49.396041,0.0,Arrears,161
460,41,2026-01-07T17:09:49.396041,0.0,Arrears,131
461,41,2026-02-06T17:09:49.396041,0.0,Arrears,101
462,41,2026-03-08T17:09:49.396041,0.0,Arrears,71
463,42,2025-02-21T17:09:49.397790,0.0,Arrears,451
464,42,2025-03-23T17:09:49.397790,0.0,Arrears,421
465,42,2025-04-22T17:09:49.397790,0.0,Arrears,391
466,42,2025-05-22T17:09:49.397790,0.0,Arrears,361
467,42,2025-06-21T17:09:49.397790,0.0,Arrears,331
468,42,2025-07-21T17:09:49.397790,0.0,Arrears,301
469,42,2025-08-20T17:09:49.397790,0.0,Arrears,271
470,42,2025-09-19T17:09:49.397790,0.0,Arrears,241
471,42,2025-10-19T17:09:49.397790,0.0,Arrears,211
472,42,2025-11-18T17:09:49.397790,0.0,Arrears,181
473,42,2025-12-18T17:09:49.397790,0.0,Arrears,151
474,42,2026-01-17T17:09:49.397790,0.0,Arrears,121
475,42,2026-02-16T17:09:49.397790,0.0,Arrears,91
476,42,2026-03-18T17:09:49.397790,0.0,Arrears,61
477,42,2026-04-17T17:09:49.397790,0.0,Late,31
478,42,2026-05-17T17:09:49.397790,11276.724583448758,On-time,1
479,43,2024-08-03T17:09:49.399797,0.0,Arrears,653
480,43,2024-09-02T17:09:49.399797,0.0,Arrears,623
481,43,2024-10-02T17:09:49.399797,0.0,Arrears,593
482,43,2024-11-01T17:09:49.399797,0.0,Arrears,563
483,43,2024-12-01T17:09:49.399797,0.0,Arrears,533
484,43,2024-12-31T17:09:49.399797,0.0,Arrears,503
485,43,2025-01-30T17:09:49.399797,0.0,Arrears,473
486,43,2025-03-01T17:09:49.399797,0.0,Arrears,443
487,43,2025-03-31T17:09:49.399797,0.0,Arrears,413
488,43,2025-04-30T17:09:49.399797,0.0,Arrears,383
489,43,2025-05-30T17:09:49.399797,0.0,Arrears,353
490,43,2025-06-29T17:09:49.399797,0.0,Arrears,323
491,43,2025-07-29T17:09:49.399797,0.0,Arrears,293
492,43,2025-08-28T17:09:49.399797,0.0,Arrears,263
493,44,2024-10-10T17:09:49.401979,0.0,Arrears,585
494,44,2024-11-09T17:09:49.401979,0.0,Arrears,555
495,44,2024-12-09T17:09:49.401979,0.0,Arrears,525
496,44,2025-01-08T17:09:49.401979,0.0,Arrears,495
497,44,2025-02-07T17:09:49.401979,0.0,Arrears,465
498,44,2025-03-09T17:09:49.401979,0.0,Arrears,435
499,44,2025-04-08T17:09:49.401979,0.0,Arrears,405
500,44,2025-05-08T17:09:49.401979,0.0,Arrears,375
501,45,2025-06-02T17:09:49.401979,0.0,Arrears,350
502,45,2025-07-02T17:09:49.401979,0.0,Arrears,320
503,45,2025-08-01T17:09:49.401979,0.0,Arrears,290
504,45,2025-08-31T17:09:49.401979,0.0,Arrears,260
505,45,2025-09-30T17:09:49.401979,0.0,Arrears,230
506,45,2025-10-30T17:09:49.401979,0.0,Arrears,200
507,45,2025-11-29T17:09:49.401979,0.0,Arrears,170
508,45,2025-12-29T17:09:49.401979,0.0,Arrears,140
509,45,2026-01-28T17:09:49.401979,0.0,Arrears,110
510,45,2026-02-27T17:09:49.401979,0.0,Arrears,80
511,45,2026-03-29T17:09:49.401979,0.0,Late,50
512,45,2026-04-28T17:09:49.401979,16264.378802993928,On-time,20
513,46,2025-04-24T17:09:49.403989,0.0,Arrears,389
514,46,2025-05-24T17:09:49.403989,0.0,Arrears,359
515,46,2025-06-23T17:09:49.403989,0.0,Arrears,329
516,46,2025-07-23T17:09:49.403989,0.0,Arrears,299
517,46,2025-08-22T17:09:49.403989,0.0,Arrears,269
518,46,2025-09-21T17:09:49.403989,0.0,Arrears,239
519,46,2025-10-21T17:09:49.403989,0.0,Arrears,209
520,46,2025-11-20T17:09:49.403989,0.0,Arrears,179
521,46,2025-12-20T17:09:49.403989,0.0,Arrears,149
522,47,2026-01-28T17:09:49.405996,0.0,Arrears,110
523,47,2026-02-27T17:09:49.405996,0.0,Arrears,80
524,47,2026-03-29T17:09:49.405996,0.0,Late,50
525,47,2026-04-28T17:09:49.405996,16487.466344394627,On-time,20
526,48,2026-03-21T17:09:49.411862,0.0,Late,58
527,48,2026-04-20T17:09:49.411862,24620.795674572797,On-time,28
528,49,2025-08-31T17:09:49.411862,0.0,Arrears,260
529,49,2025-09-30T17:09:49.411862,0.0,Arrears,230
530,49,2025-10-30T17:09:49.411862,0.0,Arrears,200
531,49,2025-11-29T17:09:49.411862,0.0,Arrears,170
532,49,2025-12-29T17:09:49.411862,0.0,Arrears,140
533,49,2026-01-28T17:09:49.411862,0.0,Arrears,110
534,49,2026-02-27T17:09:49.411862,0.0,Arrears,80
535,49,2026-03-29T17:09:49.411862,0.0,Late,50
536,49,2026-04-28T17:09:49.411862,19642.24758912565,On-time,20
537,50,2026-03-13T17:09:49.413885,0.0,Arrears,66
538,50,2026-04-12T17:09:49.413885,0.0,Late,36
539,50,2026-05-12T17:09:49.413885,1846.7831479064073,On-time,6
540,51,2024-06-11T17:09:49.419090,0.0,Arrears,706
541,51,2024-07-11T17:09:49.419090,0.0,Arrears,676
542,51,2024-08-10T17:09:49.419090,0.0,Arrears,646
543,51,2024-09-09T17:09:49.419090,0.0,Arrears,616
544,51,2024-10-09T17:09:49.419090,0.0,Arrears,586
545,51,2024-11-08T17:09:49.419090,0.0,Arrears,556
546,52,2025-07-08T17:09:49.421097,0.0,Arrears,314
547,52,2025-08-07T17:09:49.421097,0.0,Arrears,284
548,52,2025-09-06T17:09:49.421097,0.0,Arrears,254
549,52,2025-10-06T17:09:49.421097,0.0,Arrears,224
550,52,2025-11-05T17:09:49.421097,0.0,Arrears,194
551,52,2025-12-05T17:09:49.421097,0.0,Arrears,164
552,52,2026-01-04T17:09:49.421097,0.0,Arrears,134
553,52,2026-02-03T17:09:49.421097,0.0,Arrears,104
554,52,2026-03-05T17:09:49.421097,0.0,Arrears,74
555,52,2026-04-04T17:09:49.421097,0.0,Late,44
556,52,2026-05-04T17:09:49.421097,1144.9178025597218,On-time,14
557,53,2025-05-04T17:09:49.421097,0.0,Arrears,379
558,53,2025-06-03T17:09:49.421097,0.0,Arrears,349
559,53,2025-07-03T17:09:49.421097,0.0,Arrears,319
560,53,2025-08-02T17:09:49.421097,0.0,Arrears,289
561,53,2025-09-01T17:09:49.421097,0.0,Arrears,259
562,53,2025-10-01T17:09:49.421097,0.0,Arrears,229
563,53,2025-10-31T17:09:49.421097,0.0,Arrears,199
564,53,2025-11-30T17:09:49.421097,0.0,Arrears,169
565,53,2025-12-30T17:09:49.421097,0.0,Arrears,139
566,53,2026-01-29T17:09:49.421097,0.0,Arrears,109
567,53,2026-02-28T17:09:49.421097,0.0,Arrears,79
568,53,2026-03-30T17:09:49.421097,0.0,Late,49
569,53,2026-04-29T17:09:49.421097,3037.611481383993,On-time,19
570,54,2025-06-30T17:09:49.423107,0.0,Arrears,322
571,54,2025-07-30T17:09:49.423107,0.0,Arrears,292
572,54,2025-08-29T17:09:49.423107,0.0,Arrears,262
573,54,2025-09-28T17:09:49.423107,0.0,Arrears,232
574,54,2025-10-28T17:09:49.423107,0.0,Arrears,202
575,54,2025-11-27T17:09:49.423107,0.0,Arrears,172
576,54,2025-12-27T17:09:49.423107,0.0,Arrears,142
577,54,2026-01-26T17:09:49.423107,0.0,Arrears,112
578,54,2026-02-25T17:09:49.423107,0.0,Arrears,82
579,54,2026-03-27T17:09:49.423107,0.0,Late,52
580,54,2026-04-26T17:09:49.423107,6133.376807038244,On-time,22
581,55,2025-09-25T17:09:49.423107,0.0,Arrears,235
582,55,2025-10-25T17:09:49.423107,0.0,Arrears,205
583,55,2025-11-24T17:09:49.423107,0.0,Arrears,175
584,55,2025-12-24T17:09:49.423107,0.0,Arrears,145
585,55,2026-01-23T17:09:49.423107,0.0,Arrears,115
586,55,2026-02-22T17:09:49.423107,0.0,Arrears,85
587,55,2026-03-24T17:09:49.423107,0.0,Late,55
588,55,2026-04-23T17:09:49.423107,1695.4302300974011,On-time,25
589,56,2025-06-16T17:09:49.423107,0.0,Arrears,336
590,56,2025-07-16T17:09:49.423107,0.0,Arrears,306
591,56,2025-08-15T17:09:49.423107,0.0,Arrears,276
592,56,2025-09-14T17:09:49.423107,0.0,Arrears,246
593,56,2025-10-14T17:09:49.423107,0.0,Arrears,216
594,56,2025-11-13T17:09:49.423107,0.0,Arrears,186
595,56,2025-12-13T17:09:49.423107,0.0,Arrears,156
596,56,2026-01-12T17:09:49.423107,0.0,Arrears,126
597,56,2026-02-11T17:09:49.423107,0.0,Arrears,96
598,56,2026-03-13T17:09:49.423107,0.0,Arrears,66
599,56,2026-04-12T17:09:49.423107,0.0,Late,36
600,56,2026-05-12T17:09:49.423107,12684.236307237159,On-time,6
601,57,2025-10-30T17:09:49.425116,0.0,Arrears,200
602,57,2025-11-29T17:09:49.425116,0.0,Arrears,170
603,57,2025-12-29T17:09:49.425116,0.0,Arrears,140
604,57,2026-01-28T17:09:49.425116,0.0,Arrears,110
605,57,2026-02-27T17:09:49.425116,0.0,Arrears,80
606,57,2026-03-29T17:09:49.425116,0.0,Late,50
607,57,2026-04-28T17:09:49.425116,12035.78822302475,On-time,20
608,58,2025-12-03T17:09:49.425116,0.0,Arrears,166
609,58,2026-01-02T17:09:49.425116,0.0,Arrears,136
610,58,2026-02-01T17:09:49.425116,0.0,Arrears,106
611,59,2025-06-18T17:09:49.425116,0.0,Arrears,334
612,59,2025-07-18T17:09:49.425116,0.0,Arrears,304
613,59,2025-08-17T17:09:49.425116,0.0,Arrears,274
614,59,2025-09-16T17:09:49.425116,0.0,Arrears,244
615,59,2025-10-16T17:09:49.425116,0.0,Arrears,214
616,60,2025-01-11T17:09:49.427125,0.0,Arrears,492
617,60,2025-02-10T17:09:49.427125,0.0,Arrears,462
618,60,2025-03-12T17:09:49.427125,0.0,Arrears,432
619,60,2025-04-11T17:09:49.427125,0.0,Arrears,402
620,60,2025-05-11T17:09:49.427125,0.0,Arrears,372
621,60,2025-06-10T17:09:49.427125,0.0,Arrears,342
622,60,2025-07-10T17:09:49.427125,0.0,Arrears,312
623,60,2025-08-09T17:09:49.427125,0.0,Arrears,282
624,60,2025-09-08T17:09:49.427125,0.0,Arrears,252
625,60,2025-10-08T17:09:49.427125,0.0,Arrears,222
626,60,2025-11-07T17:09:49.427125,0.0,Arrears,192
627,60,2025-12-07T17:09:49.427125,0.0,Arrears,162
628,60,2026-01-06T17:09:49.427125,0.0,Arrears,132
629,60,2026-02-05T17:09:49.427125,0.0,Arrears,102
630,60,2026-03-07T17:09:49.427125,0.0,Arrears,72
631,60,2026-04-06T17:09:49.427125,0.0,Late,42
632,61,2024-06-21T17:09:49.427125,0.0,Arrears,696
633,61,2024-07-21T17:09:49.427125,0.0,Arrears,666
634,61,2024-08-20T17:09:49.427125,0.0,Arrears,636
635,61,2024-09-19T17:09:49.427125,0.0,Arrears,606
636,61,2024-10-19T17:09:49.427125,0.0,Arrears,576
637,61,2024-11-18T17:09:49.427125,0.0,Arrears,546
638,61,2024-12-18T17:09:49.427125,0.0,Arrears,516
639,61,2025-01-17T17:09:49.427125,0.0,Arrears,486
640,61,2025-02-16T17:09:49.427125,0.0,Arrears,456
641,61,2025-03-18T17:09:49.427125,0.0,Arrears,426
642,61,2025-04-17T17:09:49.427125,0.0,Arrears,396
643,61,2025-05-17T17:09:49.427125,0.0,Arrears,366
644,61,2025-06-16T17:09:49.427125,0.0,Arrears,336
645,61,2025-07-16T17:09:49.427125,0.0,Arrears,306
646,61,2025-08-15T17:09:49.427125,0.0,Arrears,276
647,61,2025-09-14T17:09:49.427125,0.0,Arrears,246
648,61,2025-10-14T17:09:49.427125,0.0,Arrears,216
649,61,2025-11-13T17:09:49.427125,0.0,Arrears,186
650,61,2025-12-13T17:09:49.427125,0.0,Arrears,156
651,61,2026-01-12T17:09:49.427125,0.0,Arrears,126
652,61,2026-02-11T17:09:49.427125,0.0,Arrears,96
653,62,2025-08-29T17:09:49.427125,0.0,Arrears,262
654,62,2025-09-28T17:09:49.427125,0.0,Arrears,232
655,62,2025-10-28T17:09:49.427125,0.0,Arrears,202
656,62,2025-11-27T17:09:49.427125,0.0,Arrears,172
657,62,2025-12-27T17:09:49.427125,0.0,Arrears,142
658,62,2026-01-26T17:09:49.427125,0.0,Arrears,112
659,62,2026-02-25T17:09:49.427125,0.0,Arrears,82
660,62,2026-03-27T17:09:49.427125,0.0,Late,52
661,62,2026-04-26T17:09:49.427125,13950.282913237746,On-time,22
662,63,2025-03-28T17:09:49.429132,0.0,Arrears,416
663,63,2025-04-27T17:09:49.429132,0.0,Arrears,386
664,63,2025-05-27T17:09:49.429132,0.0,Arrears,356
665,63,2025-06-26T17:09:49.429132,0.0,Arrears,326
666,63,2025-07-26T17:09:49.429132,0.0,Arrears,296
667,63,2025-08-25T17:09:49.429132,0.0,Arrears,266
668,63,2025-09-24T17:09:49.429132,0.0,Arrears,236
669,63,2025-10-24T17:09:49.429132,0.0,Arrears,206
670,63,2025-11-23T17:09:49.429132,0.0,Arrears,176
671,63,2025-12-23T17:09:49.429132,0.0,Arrears,146
672,63,2026-01-22T17:09:49.429132,0.0,Arrears,116
673,63,2026-02-21T17:09:49.429132,0.0,Arrears,86
674,63,2026-03-23T17:09:49.429132,0.0,Late,56
675,63,2026-04-22T17:09:49.429132,17888.309039046388,On-time,26
676,64,2025-09-03T17:09:49.429132,0.0,Arrears,257
677,64,2025-10-03T17:09:49.429132,0.0,Arrears,227
678,64,2025-11-02T17:09:49.429132,0.0,Arrears,197
679,64,2025-12-02T17:09:49.429132,0.0,Arrears,167
680,64,2026-01-01T17:09:49.429132,0.0,Arrears,137
681,64,2026-01-31T17:09:49.429132,0.0,Arrears,107
682,64,2026-03-02T17:09:49.429132,0.0,Arrears,77
683,64,2026-04-01T17:09:49.429132,0.0,Late,47
684,64,2026-05-01T17:09:49.429132,23476.18743146539,On-time,17
685,65,2024-09-10T17:09:49.429132,0.0,Arrears,615
686,65,2024-10-10T17:09:49.429132,0.0,Arrears,585
687,65,2024-11-09T17:09:49.429132,0.0,Arrears,555
688,65,2024-12-09T17:09:49.429132,0.0,Arrears,525
689,65,2025-01-08T17:09:49.429132,0.0,Arrears,495
690,65,2025-02-07T17:09:49.429132,0.0,Arrears,465
691,65,2025-03-09T17:09:49.429132,0.0,Arrears,435
692,65,2025-04-08T17:09:49.429132,0.0,Arrears,405
693,65,2025-05-08T17:09:49.429132,0.0,Arrears,375
694,65,2025-06-07T17:09:49.429132,0.0,Arrears,345
695,65,2025-07-07T17:09:49.429132,0.0,Arrears,315
696,65,2025-08-06T17:09:49.429132,0.0,Arrears,285
697,65,2025-09-05T17:09:49.429132,0.0,Arrears,255
698,65,2025-10-05T17:09:49.429132,0.0,Arrears,225
699,65,2025-11-04T17:09:49.429132,0.0,Arrears,195
700,65,2025-12-04T17:09:49.429132,0.0,Arrears,165
701,65,2026-01-03T17:09:49.429132,0.0,Arrears,135
702,65,2026-02-02T17:09:49.429132,0.0,Arrears,105
703,65,2026-03-04T17:09:49.429132,0.0,Arrears,75
704,65,2026-04-03T17:09:49.429132,0.0,Late,45
705,66,2025-04-25T17:09:49.429132,0.0,Arrears,388
706,66,2025-05-25T17:09:49.429132,0.0,Arrears,358
707,66,2025-06-24T17:09:49.429132,0.0,Arrears,328
708,66,2025-07-24T17:09:49.429132,0.0,Arrears,298
709,66,2025-08-23T17:09:49.429132,0.0,Arrears,268
710,66,2025-09-22T17:09:49.429132,0.0,Arrears,238
711,66,2025-10-22T17:09:49.429132,0.0,Arrears,208
712,66,2025-11-21T17:09:49.429132,0.0,Arrears,178
713,66,2025-12-21T17:09:49.429132,0.0,Arrears,148
714,66,2026-01-20T17:09:49.429132,0.0,Arrears,118
715,66,2026-02-19T17:09:49.429132,0.0,Arrears,88
716,66,2026-03-21T17:09:49.429132,0.0,Late,58
717,66,2026-04-20T17:09:49.429132,2265.1694334815325,On-time,28
718,67,2024-07-28T17:09:49.431140,0.0,Arrears,659
719,67,2024-08-27T17:09:49.431140,0.0,Arrears,629
720,67,2024-09-26T17:09:49.431140,0.0,Arrears,599
721,67,2024-10-26T17:09:49.431140,0.0,Arrears,569
722,67,2024-11-25T17:09:49.431140,0.0,Arrears,539
723,67,2024-12-25T17:09:49.431140,0.0,Arrears,509
724,67,2025-01-24T17:09:49.431140,0.0,Arrears,479
725,67,2025-02-23T17:09:49.431140,0.0,Arrears,449
726,67,2025-03-25T17:09:49.431140,0.0,Arrears,419
727,67,2025-04-24T17:09:49.431140,0.0,Arrears,389
728,67,2025-05-24T17:09:49.431140,0.0,Arrears,359
729,67,2025-06-23T17:09:49.431140,0.0,Arrears,329
730,67,2025-07-23T17:09:49.431140,0.0,Arrears,299
731,67,2025-08-22T17:09:49.431140,0.0,Arrears,269
732,67,2025-09-21T17:09:49.431140,0.0,Arrears,239
733,67,2025-10-21T17:09:49.431140,0.0,Arrears,209
734,68,2024-12-29T17:09:49.431140,0.0,Arrears,505
735,68,2025-01-28T17:09:49.431140,0.0,Arrears,475
736,68,2025-02-27T17:09:49.431140,0.0,Arrears,445
737,68,2025-03-29T17:09:49.431140,0.0,Arrears,415
738,69,2026-01-14T17:09:49.433861,0.0,Arrears,124
739,69,2026-02-13T17:09:49.433861,0.0,Arrears,94
740,69,2026-03-15T17:09:49.433861,0.0,Arrears,64
741,69,2026-04-14T17:09:49.433861,0.0,Late,34
742,69,2026-05-14T17:09:49.433861,12332.973424388267,On-time,4
743,70,2025-07-29T17:09:49.433861,0.0,Arrears,293
744,70,2025-08-28T17:09:49.433861,0.0,Arrears,263
745,70,2025-09-27T17:09:49.433861,0.0,Arrears,233
746,70,2025-10-27T17:09:49.433861,0.0,Arrears,203
747,70,2025-11-26T17:09:49.433861,0.0,Arrears,173
748,70,2025-12-26T17:09:49.433861,0.0,Arrears,143
749,70,2026-01-25T17:09:49.433861,0.0,Arrears,113
750,70,2026-02-24T17:09:49.433861,0.0,Arrears,83
751,70,2026-03-26T17:09:49.433861,0.0,Late,53
752,70,2026-04-25T17:09:49.433861,13888.526849728272,On-time,23
753,71,2025-10-23T17:09:49.435873,0.0,Arrears,207
754,71,2025-11-22T17:09:49.435873,0.0,Arrears,177
755,71,2025-12-22T17:09:49.435873,0.0,Arrears,147
756,71,2026-01-21T17:09:49.435873,0.0,Arrears,117
757,71,2026-02-20T17:09:49.435873,0.0,Arrears,87
758,71,2026-03-22T17:09:49.435873,0.0,Late,57
759,71,2026-04-21T17:09:49.435873,14930.552168688628,On-time,27
760,72,2025-04-17T17:09:49.435873,0.0,Arrears,396
761,72,2025-05-17T17:09:49.435873,0.0,Arrears,366
762,72,2025-06-16T17:09:49.435873,0.0,Arrears,336
763,72,2025-07-16T17:09:49.435873,0.0,Arrears,306
764,72,2025-08-15T17:09:49.435873,0.0,Arrears,276
765,72,2025-09-14T17:09:49.435873,0.0,Arrears,246
766,72,2025-10-14T17:09:49.435873,0.0,Arrears,216
767,72,2025-11-13T17:09:49.435873,0.0,Arrears,186
768,72,2025-12-13T17:09:49.435873,0.0,Arrears,156
769,72,2026-01-12T17:09:49.435873,0.0,Arrears,126
770,72,2026-02-11T17:09:49.435873,0.0,Arrears,96
771,72,2026-03-13T17:09:49.435873,0.0,Arrears,66
772,72,2026-04-12T17:09:49.435873,0.0,Late,36
773,72,2026-05-12T17:09:49.435873,15875.642816105308,On-time,6
774,73,2025-11-14T17:09:49.435873,0.0,Arrears,185
775,73,2025-12-14T17:09:49.435873,0.0,Arrears,155
776,73,2026-01-13T17:09:49.435873,0.0,Arrears,125
777,73,2026-02-12T17:09:49.435873,0.0,Arrears,95
778,73,2026-03-14T17:09:49.435873,0.0,Arrears,65
779,73,2026-04-13T17:09:49.435873,0.0,Late,35
780,73,2026-05-13T17:09:49.435873,12415.43616957707,On-time,5
781,74,2025-01-12T17:09:49.437881,0.0,Arrears,491
782,74,2025-02-11T17:09:49.437881,0.0,Arrears,461
783,74,2025-03-13T17:09:49.437881,0.0,Arrears,431
784,74,2025-04-12T17:09:49.437881,0.0,Arrears,401
785,74,2025-05-12T17:09:49.437881,0.0,Arrears,371
786,74,2025-06-11T17:09:49.437881,0.0,Arrears,341
787,74,2025-07-11T17:09:49.437881,0.0,Arrears,311
788,74,2025-08-10T17:09:49.437881,0.0,Arrears,281
789,74,2025-09-09T17:09:49.437881,0.0,Arrears,251
790,74,2025-10-09T17:09:49.437881,0.0,Arrears,221
791,74,2025-11-08T17:09:49.437881,0.0,Arrears,191
792,74,2025-12-08T17:09:49.437881,0.0,Arrears,161
793,74,2026-01-07T17:09:49.437881,0.0,Arrears,131
794,74,2026-02-06T17:09:49.437881,0.0,Arrears,101
795,74,2026-03-08T17:09:49.437881,0.0,Arrears,71
796,74,2026-04-07T17:09:49.437881,0.0,Late,41
797,74,2026-05-07T17:09:49.437881,12914.252442062758,On-time,11
798,75,2024-09-04T17:09:49.437881,0.0,Arrears,621
799,75,2024-10-04T17:09:49.437881,0.0,Arrears,591
800,75,2024-11-03T17:09:49.437881,0.0,Arrears,561
801,75,2024-12-03T17:09:49.437881,0.0,Arrears,531
802,75,2025-01-02T17:09:49.437881,0.0,Arrears,501
803,75,2025-02-01T17:09:49.437881,0.0,Arrears,471
804,75,2025-03-03T17:09:49.437881,0.0,Arrears,441
805,75,2025-04-02T17:09:49.437881,0.0,Arrears,411
806,75,2025-05-02T17:09:49.437881,0.0,Arrears,381
807,75,2025-06-01T17:09:49.437881,0.0,Arrears,351
808,75,2025-07-01T17:09:49.437881,0.0,Arrears,321
809,75,2025-07-31T17:09:49.437881,0.0,Arrears,291
810,75,2025-08-30T17:09:49.437881,0.0,Arrears,261
811,75,2025-09-29T17:09:49.437881,0.0,Arrears,231
812,75,2025-10-29T17:09:49.437881,0.0,Arrears,201
813,75,2025-11-28T17:09:49.437881,0.0,Arrears,171
814,75,2025-12-28T17:09:49.437881,0.0,Arrears,141
815,76,2026-02-23T17:09:49.437881,0.0,Arrears,84
816,76,2026-03-25T17:09:49.437881,0.0,Late,54
817,76,2026-04-24T17:09:49.437881,11398.991243882412,On-time,24
818,77,2026-02-02T17:09:49.437881,0.0,Arrears,105
819,77,2026-03-04T17:09:49.437881,0.0,Arrears,75
820,77,2026-04-03T17:09:49.437881,0.0,Late,45
821,77,2026-05-03T17:09:49.437881,13624.057375199447,On-time,15
822,78,2025-12-06T17:09:49.439889,0.0,Arrears,163
823,78,2026-01-05T17:09:49.439889,0.0,Arrears,133
824,78,2026-02-04T17:09:49.439889,0.0,Arrears,103
825,78,2026-03-06T17:09:49.439889,0.0,Arrears,73
826,78,2026-04-05T17:09:49.439889,0.0,Late,43
827,78,2026-05-05T17:09:49.439889,14602.133749151406,On-time,13
828,79,2024-07-22T17:09:49.439889,0.0,Arrears,665
829,79,2024-08-21T17:09:49.439889,0.0,Arrears,635
830,79,2024-09-20T17:09:49.439889,0.0,Arrears,605
831,79,2024-10-20T17:09:49.439889,0.0,Arrears,575
832,79,2024-11-19T17:09:49.439889,0.0,Arrears,545
833,79,2024-12-19T17:09:49.439889,0.0,Arrears,515
834,79,2025-01-18T17:09:49.439889,0.0,Arrears,485
835,79,2025-02-17T17:09:49.439889,0.0,Arrears,455
836,79,2025-03-19T17:09:49.439889,0.0,Arrears,425
837,79,2025-04-18T17:09:49.439889,0.0,Arrears,395
838,79,2025-05-18T17:09:49.439889,0.0,Arrears,365
839,79,2025-06-17T17:09:49.439889,0.0,Arrears,335
840,79,2025-07-17T17:09:49.439889,0.0,Arrears,305
841,79,2025-08-16T17:09:49.439889,0.0,Arrears,275
842,80,2024-12-25T17:09:49.439889,0.0,Arrears,509
843,80,2025-01-24T17:09:49.439889,0.0,Arrears,479
844,80,2025-02-23T17:09:49.439889,0.0,Arrears,449
845,80,2025-03-25T17:09:49.439889,0.0,Arrears,419
846,80,2025-04-24T17:09:49.439889,0.0,Arrears,389
847,80,2025-05-24T17:09:49.439889,0.0,Arrears,359
848,80,2025-06-23T17:09:49.439889,0.0,Arrears,329
849,80,2025-07-23T17:09:49.439889,0.0,Arrears,299
850,80,2025-08-22T17:09:49.439889,0.0,Arrears,269
851,80,2025-09-21T17:09:49.439889,0.0,Arrears,239
852,80,2025-10-21T17:09:49.439889,0.0,Arrears,209
853,81,2026-03-18T17:09:49.441897,0.0,Arrears,61
854,81,2026-04-17T17:09:49.441897,0.0,Late,31
855,81,2026-05-17T17:09:49.441897,45155.3950969914,On-time,1
856,82,2026-03-05T17:09:49.441897,0.0,Arrears,74
857,82,2026-04-04T17:09:49.441897,0.0,Late,44
858,82,2026-05-04T17:09:49.441897,19770.891017457525,On-time,14
859,83,2025-05-30T17:09:49.441897,0.0,Arrears,353
860,84,2025-04-13T17:09:49.443905,0.0,Arrears,400
861,85,2025-01-12T17:09:49.443905,0.0,Arrears,491
862,85,2025-02-11T17:09:49.443905,0.0,Arrears,461
863,85,2025-03-13T17:09:49.443905,0.0,Arrears,431
864,85,2025-04-12T17:09:49.443905,0.0,Arrears,401
865,85,2025-05-12T17:09:49.443905,0.0,Arrears,371
866,85,2025-06-11T17:09:49.443905,0.0,Arrears,341
867,85,2025-07-11T17:09:49.443905,0.0,Arrears,311
868,85,2025-08-10T17:09:49.443905,0.0,Arrears,281
869,86,2025-03-12T17:09:49.443905,0.0,Arrears,432
870,86,2025-04-11T17:09:49.443905,0.0,Arrears,402
871,86,2025-05-11T17:09:49.443905,0.0,Arrears,372
872,86,2025-06-10T17:09:49.443905,0.0,Arrears,342
873,86,2025-07-10T17:09:49.443905,0.0,Arrears,312
874,86,2025-08-09T17:09:49.443905,0.0,Arrears,282
875,86,2025-09-08T17:09:49.443905,0.0,Arrears,252
876,86,2025-10-08T17:09:49.443905,0.0,Arrears,222
877,86,2025-11-07T17:09:49.443905,0.0,Arrears,192
878,86,2025-12-07T17:09:49.443905,0.0,Arrears,162
879,86,2026-01-06T17:09:49.443905,0.0,Arrears,132
880,86,2026-02-05T17:09:49.443905,0.0,Arrears,102
881,86,2026-03-07T17:09:49.443905,0.0,Arrears,72
882,86,2026-04-06T17:09:49.443905,0.0,Late,42
883,86,2026-05-06T17:09:49.443905,8927.789775313955,On-time,12
884,87,2024-12-26T17:09:49.445913,0.0,Arrears,508
885,87,2025-01-25T17:09:49.445913,0.0,Arrears,478
886,87,2025-02-24T17:09:49.445913,0.0,Arrears,448
887,87,2025-03-26T17:09:49.445913,0.0,Arrears,418
888,87,2025-04-25T17:09:49.445913,0.0,Arrears,388
889,87,2025-05-25T17:09:49.445913,0.0,Arrears,358
890,87,2025-06-24T17:09:49.445913,0.0,Arrears,328
891,87,2025-07-24T17:09:49.445913,0.0,Arrears,298
892,87,2025-08-23T17:09:49.445913,0.0,Arrears,268
893,87,2025-09-22T17:09:49.445913,0.0,Arrears,238
894,87,2025-10-22T17:09:49.445913,0.0,Arrears,208
895,87,2025-11-21T17:09:49.445913,0.0,Arrears,178
896,87,2025-12-21T17:09:49.445913,0.0,Arrears,148
897,87,2026-01-20T17:09:49.445913,0.0,Arrears,118
898,87,2026-02-19T17:09:49.445913,0.0,Arrears,88
899,87,2026-03-21T17:09:49.445913,0.0,Late,58
900,87,2026-04-20T17:09:49.445913,16628.669328763728,On-time,28
901,88,2025-12-10T17:09:49.445913,0.0,Arrears,159
902,88,2026-01-09T17:09:49.445913,0.0,Arrears,129
903,88,2026-02-08T17:09:49.445913,0.0,Arrears,99
904,88,2026-03-10T17:09:49.445913,0.0,Arrears,69
905,88,2026-04-09T17:09:49.445913,0.0,Late,39
906,88,2026-05-09T17:09:49.445913,16753.39511105057,On-time,9
907,89,2025-11-06T17:09:49.445913,0.0,Arrears,193
908,89,2025-12-06T17:09:49.445913,0.0,Arrears,163
909,89,2026-01-05T17:09:49.445913,0.0,Arrears,133
910,89,2026-02-04T17:09:49.445913,0.0,Arrears,103
911,89,2026-03-06T17:09:49.445913,0.0,Arrears,73
912,89,2026-04-05T17:09:49.445913,0.0,Late,43
913,89,2026-05-05T17:09:49.445913,3057.2748187248926,On-time,13
914,90,2025-04-24T17:09:49.445913,0.0,Arrears,389
915,90,2025-05-24T17:09:49.445913,0.0,Arrears,359
916,90,2025-06-23T17:09:49.445913,0.0,Arrears,329
917,90,2025-07-23T17:09:49.445913,0.0,Arrears,299
918,90,2025-08-22T17:09:49.445913,0.0,Arrears,269
919,90,2025-09-21T17:09:49.445913,0.0,Arrears,239
920,90,2025-10-21T17:09:49.445913,0.0,Arrears,209
921,90,2025-11-20T17:09:49.445913,0.0,Arrears,179
922,90,2025-12-20T17:09:49.445913,0.0,Arrears,149
923,90,2026-01-19T17:09:49.445913,0.0,Arrears,119
924,90,2026-02-18T17:09:49.445913,0.0,Arrears,89
925,90,2026-03-20T17:09:49.445913,0.0,Late,59
926,90,2026-04-19T17:09:49.445913,634.1364827648622,On-time,29
927,91,2026-02-08T17:09:49.447921,0.0,Arrears,99
928,91,2026-03-10T17:09:49.447921,0.0,Arrears,69
929,91,2026-04-09T17:09:49.447921,0.0,Late,39
930,91,2026-05-09T17:09:49.447921,4054.3584401181797,On-time,9
931,92,2025-07-08T17:09:49.449873,0.0,Arrears,314
932,92,2025-08-07T17:09:49.449873,0.0,Arrears,284
933,92,2025-09-06T17:09:49.449873,0.0,Arrears,254
934,92,2025-10-06T17:09:49.449873,0.0,Arrears,224
935,92,2025-11-05T17:09:49.449873,0.0,Arrears,194
936,92,2025-12-05T17:09:49.449873,0.0,Arrears,164
937,92,2026-01-04T17:09:49.449873,0.0,Arrears,134
938,92,2026-02-03T17:09:49.449873,0.0,Arrears,104
939,92,2026-03-05T17:09:49.449873,0.0,Arrears,74
940,92,2026-04-04T17:09:49.449873,0.0,Late,44
941,92,2026-05-04T17:09:49.449873,12019.713184524475,On-time,14
942,93,2025-09-01T17:09:49.449873,0.0,Arrears,259
943,93,2025-10-01T17:09:49.449873,0.0,Arrears,229
944,93,2025-10-31T17:09:49.449873,0.0,Arrears,199
945,93,2025-11-30T17:09:49.449873,0.0,Arrears,169
946,93,2025-12-30T17:09:49.449873,0.0,Arrears,139
947,93,2026-01-29T17:09:49.449873,0.0,Arrears,109
948,93,2026-02-28T17:09:49.449873,0.0,Arrears,79
949,93,2026-03-30T17:09:49.449873,0.0,Late,49
950,94,2025-03-06T17:09:49.449873,0.0,Arrears,438
951,94,2025-04-05T17:09:49.449873,0.0,Arrears,408
952,94,2025-05-05T17:09:49.449873,0.0,Arrears,378
953,94,2025-06-04T17:09:49.449873,0.0,Arrears,348
954,95,2025-12-01T17:09:49.449873,0.0,Arrears,168
955,95,2025-12-31T17:09:49.449873,0.0,Arrears,138
956,95,2026-01-30T17:09:49.449873,0.0,Arrears,108
957,95,2026-03-01T17:09:49.449873,0.0,Arrears,78
958,95,2026-03-31T17:09:49.449873,0.0,Late,48
959,95,2026-04-30T17:09:49.449873,59522.07872941735,On-time,18
960,96,2025-11-02T17:09:49.449873,0.0,Arrears,197
961,96,2025-12-02T17:09:49.449873,0.0,Arrears,167
962,96,2026-01-01T17:09:49.449873,0.0,Arrears,137
963,96,2026-01-31T17:09:49.449873,0.0,Arrears,107
964,96,2026-03-02T17:09:49.449873,0.0,Arrears,77
965,96,2026-04-01T17:09:49.449873,0.0,Late,47
966,96,2026-05-01T17:09:49.449873,7610.090166261512,On-time,17
967,97,2024-05-26T17:09:49.449873,0.0,Arrears,722
968,97,2024-06-25T17:09:49.449873,0.0,Arrears,692
969,97,2024-07-25T17:09:49.449873,0.0,Arrears,662
970,97,2024-08-24T17:09:49.449873,0.0,Arrears,632
971,97,2024-09-23T17:09:49.449873,0.0,Arrears,602
972,97,2024-10-23T17:09:49.449873,0.0,Arrears,572
973,97,2024-11-22T17:09:49.449873,0.0,Arrears,542
974,97,2024-12-22T17:09:49.449873,0.0,Arrears,512
975,97,2025-01-21T17:09:49.449873,0.0,Arrears,482
976,97,2025-02-20T17:09:49.449873,0.0,Arrears,452
977,97,2025-03-22T17:09:49.449873,0.0,Arrears,422
978,97,2025-04-21T17:09:49.449873,0.0,Arrears,392
979,97,2025-05-21T17:09:49.449873,0.0,Arrears,362
980,97,2025-06-20T17:09:49.449873,0.0,Arrears,332
981,97,2025-07-20T17:09:49.449873,0.0,Arrears,302
982,97,2025-08-19T17:09:49.449873,0.0,Arrears,272
983,97,2025-09-18T17:09:49.449873,0.0,Arrears,242
984,97,2025-10-18T17:09:49.449873,0.0,Arrears,212
985,97,2025-11-17T17:09:49.449873,0.0,Arrears,182
986,97,2025-12-17T17:09:49.449873,0.0,Arrears,152
987,97,2026-01-16T17:09:49.449873,0.0,Arrears,122
988,97,2026-02-15T17:09:49.449873,0.0,Arrears,92
989,97,2026-03-17T17:09:49.449873,0.0,Arrears,62
990,97,2026-04-16T17:09:49.449873,0.0,Late,32
991,97,2026-05-16T17:09:49.449873,6940.016160061437,On-time,2
992,98,2024-09-29T17:09:49.449873,0.0,Arrears,596
993,98,2024-10-29T17:09:49.449873,0.0,Arrears,566
994,98,2024-11-28T17:09:49.449873,0.0,Arrears,536
995,98,2024-12-28T17:09:49.449873,0.0,Arrears,506
996,98,2025-01-27T17:09:49.449873,0.0,Arrears,476
997,98,2025-02-26T17:09:49.449873,0.0,Arrears,446
998,98,2025-03-28T17:09:49.449873,0.0,Arrears,416
999,98,2025-04-27T17:09:49.449873,0.0,Arrears,386
1000,98,2025-05-27T17:09:49.449873,0.0,Arrears,356
1001,98,2025-06-26T17:09:49.449873,0.0,Arrears,326
1002,99,2025-05-05T17:09:49.449873,0.0,Arrears,378
1003,99,2025-06-04T17:09:49.449873,0.0,Arrears,348
1004,99,2025-07-04T17:09:49.449873,0.0,Arrears,318
1005,99,2025-08-03T17:09:49.449873,0.0,Arrears,288
1006,99,2025-09-02T17:09:49.449873,0.0,Arrears,258
1007,99,2025-10-02T17:09:49.449873,0.0,Arrears,228
1008,99,2025-11-01T17:09:49.449873,0.0,Arrears,198
1009,99,2025-12-01T17:09:49.449873,0.0,Arrears,168
1010,99,2025-12-31T17:09:49.449873,0.0,Arrears,138
1011,99,2026-01-30T17:09:49.449873,0.0,Arrears,108
1012,99,2026-03-01T17:09:49.449873,0.0,Arrears,78
1013,99,2026-03-31T17:09:49.449873,0.0,Late,48
1014,99,2026-04-30T17:09:49.449873,6839.896723489182,On-time,18
1015,100,2025-11-07T17:09:49.449873,0.0,Arrears,192
1016,100,2025-12-07T17:09:49.449873,0.0,Arrears,162
1017,100,2026-01-06T17:09:49.449873,0.0,Arrears,132
1018,100,2026-02-05T17:09:49.449873,0.0,Arrears,102
1019,100,2026-03-07T17:09:49.449873,0.0,Arrears,72
1020,100,2026-04-06T17:09:49.449873,0.0,Late,42
1021,100,2026-05-06T17:09:49.449873,17313.171905438172,On-time,12
1022,101,2024-09-15T17:09:49.456257,0.0,Arrears,610
1023,101,2024-10-15T17:09:49.456257,0.0,Arrears,580
1024,101,2024-11-14T17:09:49.456257,0.0,Arrears,550
1025,101,2024-12-14T17:09:49.456257,0.0,Arrears,520
1026,101,2025-01-13T17:09:49.456257,0.0,Arrears,490
1027,101,2025-02-12T17:09:49.456257,0.0,Arrears,460
1028,102,2025-08-09T17:09:49.456257,0.0,Arrears,282
1029,102,2025-09-08T17:09:49.456257,0.0,Arrears,252
1030,102,2025-10-08T17:09:49.456257,0.0,Arrears,222
1031,102,2025-11-07T17:09:49.456257,0.0,Arrears,192
1032,102,2025-12-07T17:09:49.456257,0.0,Arrears,162
1033,102,2026-01-06T17:09:49.456257,0.0,Arrears,132
1034,102,2026-02-05T17:09:49.456257,0.0,Arrears,102
1035,102,2026-03-07T17:09:49.456257,0.0,Arrears,72
1036,102,2026-04-06T17:09:49.456257,0.0,Late,42
1037,102,2026-05-06T17:09:49.456257,30072.99251536422,On-time,12
1038,103,2025-06-12T17:09:49.456257,0.0,Arrears,340
1039,103,2025-07-12T17:09:49.456257,0.0,Arrears,310
1040,103,2025-08-11T17:09:49.456257,0.0,Arrears,280
1041,103,2025-09-10T17:09:49.456257,0.0,Arrears,250
1042,103,2025-10-10T17:09:49.456257,0.0,Arrears,220
1043,103,2025-11-09T17:09:49.456257,0.0,Arrears,190
1044,103,2025-12-09T17:09:49.456257,0.0,Arrears,160
1045,103,2026-01-08T17:09:49.456257,0.0,Arrears,130
1046,103,2026-02-07T17:09:49.456257,0.0,Arrears,100
1047,103,2026-03-09T17:09:49.456257,0.0,Arrears,70
1048,103,2026-04-08T17:09:49.456257,0.0,Late,40
1049,103,2026-05-08T17:09:49.456257,5853.563490893536,On-time,10
1050,104,2025-10-31T17:09:49.456257,0.0,Arrears,199
1051,104,2025-11-30T17:09:49.456257,0.0,Arrears,169
1052,104,2025-12-30T17:09:49.456257,0.0,Arrears,139
1053,104,2026-01-29T17:09:49.456257,0.0,Arrears,109
1054,104,2026-02-28T17:09:49.456257,0.0,Arrears,79
1055,104,2026-03-30T17:09:49.456257,0.0,Late,49
1056,104,2026-04-29T17:09:49.456257,3318.0549867902914,On-time,19
1057,105,2026-04-15T17:09:49.456257,0.0,Late,33
1058,105,2026-05-15T17:09:49.456257,6043.693267578363,On-time,3
1059,106,2025-06-06T17:09:49.456257,0.0,Arrears,346
1060,107,2025-08-01T17:09:49.456257,0.0,Arrears,290
1061,108,2024-09-30T17:09:49.456257,0.0,Arrears,595
1062,108,2024-10-30T17:09:49.456257,0.0,Arrears,565
1063,108,2024-11-29T17:09:49.456257,0.0,Arrears,535
1064,108,2024-12-29T17:09:49.456257,0.0,Arrears,505
1065,108,2025-01-28T17:09:49.456257,0.0,Arrears,475
1066,108,2025-02-27T17:09:49.456257,0.0,Arrears,445
1067,108,2025-03-29T17:09:49.456257,0.0,Arrears,415
1068,108,2025-04-28T17:09:49.456257,0.0,Arrears,385
1069,108,2025-05-28T17:09:49.456257,0.0,Arrears,355
1070,108,2025-06-27T17:09:49.456257,0.0,Arrears,325
1071,108,2025-07-27T17:09:49.456257,0.0,Arrears,295
1072,108,2025-08-26T17:09:49.456257,0.0,Arrears,265
1073,108,2025-09-25T17:09:49.456257,0.0,Arrears,235
1074,108,2025-10-25T17:09:49.456257,0.0,Arrears,205
1075,108,2025-11-24T17:09:49.456257,0.0,Arrears,175
1076,108,2025-12-24T17:09:49.456257,0.0,Arrears,145
1077,108,2026-01-23T17:09:49.456257,0.0,Arrears,115
1078,108,2026-02-22T17:09:49.456257,0.0,Arrears,85
1079,108,2026-03-24T17:09:49.456257,0.0,Late,55
1080,108,2026-04-23T17:09:49.456257,5634.939804589202,On-time,25
1081,109,2024-05-26T17:09:49.456257,0.0,Arrears,722
1082,109,2024-06-25T17:09:49.456257,0.0,Arrears,692
1083,109,2024-07-25T17:09:49.456257,0.0,Arrears,662
1084,109,2024-08-24T17:09:49.456257,0.0,Arrears,632
1085,109,2024-09-23T17:09:49.456257,0.0,Arrears,602
1086,109,2024-10-23T17:09:49.456257,0.0,Arrears,572
1087,109,2024-11-22T17:09:49.456257,0.0,Arrears,542
1088,109,2024-12-22T17:09:49.456257,0.0,Arrears,512
1089,109,2025-01-21T17:09:49.456257,0.0,Arrears,482
1090,109,2025-02-20T17:09:49.456257,0.0,Arrears,452
1091,109,2025-03-22T17:09:49.456257,0.0,Arrears,422
1092,109,2025-04-21T17:09:49.456257,0.0,Arrears,392
1093,109,2025-05-21T17:09:49.456257,0.0,Arrears,362
1094,109,2025-06-20T17:09:49.456257,0.0,Arrears,332
1095,109,2025-07-20T17:09:49.456257,0.0,Arrears,302
1096,109,2025-08-19T17:09:49.456257,0.0,Arrears,272
1097,109,2025-09-18T17:09:49.456257,0.0,Arrears,242
1098,109,2025-10-18T17:09:49.456257,0.0,Arrears,212
1099,109,2025-11-17T17:09:49.456257,0.0,Arrears,182
1100,109,2025-12-17T17:09:49.456257,0.0,Arrears,152
1101,109,2026-01-16T17:09:49.456257,0.0,Arrears,122
1102,109,2026-02-15T17:09:49.456257,0.0,Arrears,92
1103,109,2026-03-17T17:09:49.456257,0.0,Arrears,62
1104,109,2026-04-16T17:09:49.456257,0.0,Late,32
1105,109,2026-05-16T17:09:49.456257,11441.620982598302,On-time,2
1106,110,2024-10-15T17:09:49.456257,0.0,Arrears,580
1107,110,2024-11-14T17:09:49.456257,0.0,Arrears,550
1108,110,2024-12-14T17:09:49.456257,0.0,Arrears,520
1109,110,2025-01-13T17:09:49.456257,0.0,Arrears,490
1110,110,2025-02-12T17:09:49.456257,0.0,Arrears,460
1111,110,2025-03-14T17:09:49.456257,0.0,Arrears,430
1112,110,2025-04-13T17:09:49.456257,0.0,Arrears,400
1113,110,2025-05-13T17:09:49.456257,0.0,Arrears,370
1114,110,2025-06-12T17:09:49.456257,0.0,Arrears,340
1115,110,2025-07-12T17:09:49.456257,0.0,Arrears,310
1116,110,2025-08-11T17:09:49.456257,0.0,Arrears,280
1117,110,2025-09-10T17:09:49.456257,0.0,Arrears,250
1118,110,2025-10-10T17:09:49.456257,0.0,Arrears,220
1119,110,2025-11-09T17:09:49.456257,0.0,Arrears,190
1120,111,2025-08-30T17:09:49.456257,0.0,Arrears,261
1121,111,2025-09-29T17:09:49.456257,0.0,Arrears,231
1122,112,2026-02-25T17:09:49.456257,0.0,Arrears,82
1123,112,2026-03-27T17:09:49.456257,0.0,Late,52
1124,112,2026-04-26T17:09:49.456257,26002.832903939678,On-time,22
1125,113,2025-08-25T17:09:49.456257,0.0,Arrears,266
1126,113,2025-09-24T17:09:49.456257,0.0,Arrears,236
1127,113,2025-10-24T17:09:49.456257,0.0,Arrears,206
1128,113,2025-11-23T17:09:49.456257,0.0,Arrears,176
1129,113,2025-12-23T17:09:49.456257,0.0,Arrears,146
1130,113,2026-01-22T17:09:49.456257,0.0,Arrears,116
1131,113,2026-02-21T17:09:49.456257,0.0,Arrears,86
1132,113,2026-03-23T17:09:49.456257,0.0,Late,56
1133,113,2026-04-22T17:09:49.456257,40695.81609126463,On-time,26
1134,114,2024-07-05T17:09:49.464877,0.0,Arrears,682
1135,114,2024-08-04T17:09:49.464877,0.0,Arrears,652
1136,114,2024-09-03T17:09:49.464877,0.0,Arrears,622
1137,114,2024-10-03T17:09:49.464877,0.0,Arrears,592
1138,114,2024-11-02T17:09:49.464877,0.0,Arrears,562
1139,114,2024-12-02T17:09:49.464877,0.0,Arrears,532
1140,114,2025-01-01T17:09:49.464877,0.0,Arrears,502
1141,114,2025-01-31T17:09:49.464877,0.0,Arrears,472
1142,114,2025-03-02T17:09:49.464877,0.0,Arrears,442
1143,114,2025-04-01T17:09:49.464877,0.0,Arrears,412
1144,114,2025-05-01T17:09:49.464877,0.0,Arrears,382
1145,115,2024-06-05T17:09:49.464877,0.0,Arrears,712
1146,115,2024-07-05T17:09:49.464877,0.0,Arrears,682
1147,115,2024-08-04T17:09:49.464877,0.0,Arrears,652
1148,115,2024-09-03T17:09:49.464877,0.0,Arrears,622
1149,115,2024-10-03T17:09:49.464877,0.0,Arrears,592
1150,115,2024-11-02T17:09:49.464877,0.0,Arrears,562
1151,115,2024-12-02T17:09:49.464877,0.0,Arrears,532
1152,115,2025-01-01T17:09:49.464877,0.0,Arrears,502
1153,115,2025-01-31T17:09:49.464877,0.0,Arrears,472
1154,115,2025-03-02T17:09:49.464877,0.0,Arrears,442
1155,115,2025-04-01T17:09:49.464877,0.0,Arrears,412
1156,115,2025-05-01T17:09:49.464877,0.0,Arrears,382
1157,115,2025-05-31T17:09:49.464877,0.0,Arrears,352
1158,115,2025-06-30T17:09:49.464877,0.0,Arrears,322
1159,115,2025-07-30T17:09:49.464877,0.0,Arrears,292
1160,115,2025-08-29T17:09:49.464877,0.0,Arrears,262
1161,115,2025-09-28T17:09:49.464877,0.0,Arrears,232
1162,115,2025-10-28T17:09:49.464877,0.0,Arrears,202
1163,115,2025-11-27T17:09:49.464877,0.0,Arrears,172
1164,115,2025-12-27T17:09:49.464877,0.0,Arrears,142
1165,115,2026-01-26T17:09:49.464877,0.0,Arrears,112
1166,115,2026-02-25T17:09:49.464877,0.0,Arrears,82
1167,115,2026-03-27T17:09:49.464877,0.0,Late,52
1168,115,2026-04-26T17:09:49.464877,9405.641560558288,On-time,22
1169,116,2025-02-11T17:09:49.466485,0.0,Arrears,461
1170,116,2025-03-13T17:09:49.466485,0.0,Arrears,431
1171,116,2025-04-12T17:09:49.466485,0.0,Arrears,401
1172,117,2024-07-23T17:09:49.466485,0.0,Arrears,664
1173,117,2024-08-22T17:09:49.466485,0.0,Arrears,634
1174,117,2024-09-21T17:09:49.466485,0.0,Arrears,604
1175,117,2024-10-21T17:09:49.466485,0.0,Arrears,574
1176,117,2024-11-20T17:09:49.466485,0.0,Arrears,544
1177,117,2024-12-20T17:09:49.466485,0.0,Arrears,514
1178,117,2025-01-19T17:09:49.466485,0.0,Arrears,484
1179,117,2025-02-18T17:09:49.466485,0.0,Arrears,454
1180,117,2025-03-20T17:09:49.466485,0.0,Arrears,424
1181,117,2025-04-19T17:09:49.466485,0.0,Arrears,394
1182,117,2025-05-19T17:09:49.466485,0.0,Arrears,364
1183,117,2025-06-18T17:09:49.466485,0.0,Arrears,334
1184,117,2025-07-18T17:09:49.466485,0.0,Arrears,304
1185,117,2025-08-17T17:09:49.466485,0.0,Arrears,274
1186,117,2025-09-16T17:09:49.466485,0.0,Arrears,244
1187,117,2025-10-16T17:09:49.466485,0.0,Arrears,214
1188,117,2025-11-15T17:09:49.466485,0.0,Arrears,184
1189,117,2025-12-15T17:09:49.466485,0.0,Arrears,154
1190,117,2026-01-14T17:09:49.466485,0.0,Arrears,124
1191,117,2026-02-13T17:09:49.466485,0.0,Arrears,94
1192,117,2026-03-15T17:09:49.466485,0.0,Arrears,64
1193,117,2026-04-14T17:09:49.466485,0.0,Late,34
1194,117,2026-05-14T17:09:49.466485,9239.810920512917,On-time,4
1195,118,2025-08-04T17:09:49.466485,0.0,Arrears,287
1196,118,2025-09-03T17:09:49.466485,0.0,Arrears,257
1197,118,2025-10-03T17:09:49.466485,0.0,Arrears,227
1198,118,2025-11-02T17:09:49.466485,0.0,Arrears,197
1199,118,2025-12-02T17:09:49.466485,0.0,Arrears,167
1200,118,2026-01-01T17:09:49.466485,0.0,Arrears,137
1201,118,2026-01-31T17:09:49.466485,0.0,Arrears,107
1202,118,2026-03-02T17:09:49.466485,0.0,Arrears,77
1203,118,2026-04-01T17:09:49.466485,0.0,Late,47
1204,118,2026-05-01T17:09:49.466485,12672.339195114624,On-time,17
1205,119,2024-06-06T17:09:49.466485,0.0,Arrears,711
1206,119,2024-07-06T17:09:49.466485,0.0,Arrears,681
1207,119,2024-08-05T17:09:49.466485,0.0,Arrears,651
1208,119,2024-09-04T17:09:49.466485,0.0,Arrears,621
1209,119,2024-10-04T17:09:49.466485,0.0,Arrears,591
1210,119,2024-11-03T17:09:49.466485,0.0,Arrears,561
1211,119,2024-12-03T17:09:49.466485,0.0,Arrears,531
1212,119,2025-01-02T17:09:49.466485,0.0,Arrears,501
1213,119,2025-02-01T17:09:49.466485,0.0,Arrears,471
1214,119,2025-03-03T17:09:49.466485,0.0,Arrears,441
1215,119,2025-04-02T17:09:49.466485,0.0,Arrears,411
1216,119,2025-05-02T17:09:49.466485,0.0,Arrears,381
1217,119,2025-06-01T17:09:49.466485,0.0,Arrears,351
1218,119,2025-07-01T17:09:49.466485,0.0,Arrears,321
1219,119,2025-07-31T17:09:49.466485,0.0,Arrears,291
1220,119,2025-08-30T17:09:49.466485,0.0,Arrears,261
1221,119,2025-09-29T17:09:49.466485,0.0,Arrears,231
1222,119,2025-10-29T17:09:49.466485,0.0,Arrears,201
1223,119,2025-11-28T17:09:49.466485,0.0,Arrears,171
1224,119,2025-12-28T17:09:49.466485,0.0,Arrears,141
1225,119,2026-01-27T17:09:49.466485,0.0,Arrears,111
1226,119,2026-02-26T17:09:49.466485,0.0,Arrears,81
1227,119,2026-03-28T17:09:49.466485,0.0,Late,51
1228,119,2026-04-27T17:09:49.466485,6233.216374403951,On-time,21
1229,120,2025-03-28T17:09:49.466485,0.0,Arrears,416
1230,121,2025-09-02T17:09:49.466485,0.0,Arrears,258
1231,121,2025-10-02T17:09:49.466485,0.0,Arrears,228
1232,121,2025-11-01T17:09:49.466485,0.0,Arrears,198
1233,121,2025-12-01T17:09:49.466485,0.0,Arrears,168
1234,121,2025-12-31T17:09:49.466485,0.0,Arrears,138
1235,121,2026-01-30T17:09:49.466485,0.0,Arrears,108
1236,121,2026-03-01T17:09:49.466485,0.0,Arrears,78
1237,121,2026-03-31T17:09:49.466485,0.0,Late,48
1238,121,2026-04-30T17:09:49.466485,4328.334435850726,On-time,18
1239,122,2024-10-15T17:09:49.466485,0.0,Arrears,580
1240,122,2024-11-14T17:09:49.466485,0.0,Arrears,550
1241,122,2024-12-14T17:09:49.466485,0.0,Arrears,520
1242,122,2025-01-13T17:09:49.466485,0.0,Arrears,490
1243,123,2025-05-19T17:09:49.466485,0.0,Arrears,364
1244,123,2025-06-18T17:09:49.466485,0.0,Arrears,334
1245,123,2025-07-18T17:09:49.466485,0.0,Arrears,304
1246,123,2025-08-17T17:09:49.466485,0.0,Arrears,274
1247,123,2025-09-16T17:09:49.466485,0.0,Arrears,244
1248,123,2025-10-16T17:09:49.466485,0.0,Arrears,214
1249,123,2025-11-15T17:09:49.466485,0.0,Arrears,184
1250,124,2025-02-07T17:09:49.466485,0.0,Arrears,465
1251,124,2025-03-09T17:09:49.466485,0.0,Arrears,435
1252,124,2025-04-08T17:09:49.466485,0.0,Arrears,405
1253,124,2025-05-08T17:09:49.466485,0.0,Arrears,375
1254,124,2025-06-07T17:09:49.466485,0.0,Arrears,345
1255,124,2025-07-07T17:09:49.466485,0.0,Arrears,315
1256,124,2025-08-06T17:09:49.466485,0.0,Arrears,285
1257,124,2025-09-05T17:09:49.466485,0.0,Arrears,255
1258,124,2025-10-05T17:09:49.466485,0.0,Arrears,225
1259,124,2025-11-04T17:09:49.466485,0.0,Arrears,195
1260,124,2025-12-04T17:09:49.466485,0.0,Arrears,165
1261,124,2026-01-03T17:09:49.466485,0.0,Arrears,135
1262,124,2026-02-02T17:09:49.466485,0.0,Arrears,105
1263,124,2026-03-04T17:09:49.466485,0.0,Arrears,75
1264,124,2026-04-03T17:09:49.466485,0.0,Late,45
1265,124,2026-05-03T17:09:49.466485,12646.749105483357,On-time,15
1266,125,2026-02-14T17:09:49.472655,0.0,Arrears,93
1267,125,2026-03-16T17:09:49.472655,0.0,Arrears,63
1268,125,2026-04-15T17:09:49.472655,0.0,Late,33
1269,125,2026-05-15T17:09:49.472655,14491.234578126903,On-time,3
1270,126,2024-11-03T17:09:49.473177,0.0,Arrears,561
1271,126,2024-12-03T17:09:49.473177,0.0,Arrears,531
1272,126,2025-01-02T17:09:49.473177,0.0,Arrears,501
1273,126,2025-02-01T17:09:49.473177,0.0,Arrears,471
1274,126,2025-03-03T17:09:49.473177,0.0,Arrears,441
1275,126,2025-04-02T17:09:49.473177,0.0,Arrears,411
1276,126,2025-05-02T17:09:49.473177,0.0,Arrears,381
1277,126,2025-06-01T17:09:49.473177,0.0,Arrears,351
1278,126,2025-07-01T17:09:49.473177,0.0,Arrears,321
1279,126,2025-07-31T17:09:49.473177,0.0,Arrears,291
1280,126,2025-08-30T17:09:49.473177,0.0,Arrears,261
1281,127,2025-08-08T17:09:49.473177,0.0,Arrears,283
1282,127,2025-09-07T17:09:49.473177,0.0,Arrears,253
1283,127,2025-10-07T17:09:49.473177,0.0,Arrears,223
1284,127,2025-11-06T17:09:49.473177,0.0,Arrears,193
1285,127,2025-12-06T17:09:49.473177,0.0,Arrears,163
1286,127,2026-01-05T17:09:49.473177,0.0,Arrears,133
1287,127,2026-02-04T17:09:49.473177,0.0,Arrears,103
1288,127,2026-03-06T17:09:49.473177,0.0,Arrears,73
1289,127,2026-04-05T17:09:49.473177,0.0,Late,43
1290,127,2026-05-05T17:09:49.473177,10003.841227881345,On-time,13
1291,128,2024-10-08T17:09:49.473177,0.0,Arrears,587
1292,128,2024-11-07T17:09:49.473177,0.0,Arrears,557
1293,128,2024-12-07T17:09:49.473177,0.0,Arrears,527
1294,128,2025-01-06T17:09:49.473177,0.0,Arrears,497
1295,128,2025-02-05T17:09:49.473177,0.0,Arrears,467
1296,128,2025-03-07T17:09:49.473177,0.0,Arrears,437
1297,128,2025-04-06T17:09:49.473177,0.0,Arrears,407
1298,128,2025-05-06T17:09:49.473177,0.0,Arrears,377
1299,128,2025-06-05T17:09:49.473177,0.0,Arrears,347
1300,128,2025-07-05T17:09:49.473177,0.0,Arrears,317
1301,128,2025-08-04T17:09:49.473177,0.0,Arrears,287
1302,128,2025-09-03T17:09:49.473177,0.0,Arrears,257
1303,128,2025-10-03T17:09:49.473177,0.0,Arrears,227
1304,128,2025-11-02T17:09:49.473177,0.0,Arrears,197
1305,128,2025-12-02T17:09:49.473177,0.0,Arrears,167
1306,128,2026-01-01T17:09:49.473177,0.0,Arrears,137
1307,128,2026-01-31T17:09:49.473177,0.0,Arrears,107
1308,128,2026-03-02T17:09:49.473177,0.0,Arrears,77
1309,128,2026-04-01T17:09:49.473177,0.0,Late,47
1310,128,2026-05-01T17:09:49.473177,7631.236483005345,On-time,17
1311,129,2026-04-16T17:09:49.473177,0.0,Late,32
1312,129,2026-05-16T17:09:49.473177,7343.003999302513,On-time,2
1313,130,2025-07-12T17:09:49.473177,0.0,Arrears,310
1314,130,2025-08-11T17:09:49.473177,0.0,Arrears,280
1315,130,2025-09-10T17:09:49.473177,0.0,Arrears,250
1316,130,2025-10-10T17:09:49.473177,0.0,Arrears,220
1317,130,2025-11-09T17:09:49.473177,0.0,Arrears,190
1318,130,2025-12-09T17:09:49.473177,0.0,Arrears,160
1319,131,2024-12-15T17:09:49.473177,0.0,Arrears,519
1320,131,2025-01-14T17:09:49.473177,0.0,Arrears,489
1321,131,2025-02-13T17:09:49.473177,0.0,Arrears,459
1322,131,2025-03-15T17:09:49.473177,0.0,Arrears,429
1323,131,2025-04-14T17:09:49.473177,0.0,Arrears,399
1324,131,2025-05-14T17:09:49.473177,0.0,Arrears,369
1325,131,2025-06-13T17:09:49.473177,0.0,Arrears,339
1326,131,2025-07-13T17:09:49.473177,0.0,Arrears,309
1327,131,2025-08-12T17:09:49.473177,0.0,Arrears,279
1328,131,2025-09-11T17:09:49.473177,0.0,Arrears,249
1329,131,2025-10-11T17:09:49.473177,0.0,Arrears,219
1330,131,2025-11-10T17:09:49.473177,0.0,Arrears,189
1331,131,2025-12-10T17:09:49.473177,0.0,Arrears,159
1332,132,2025-06-14T17:09:49.473177,0.0,Arrears,338
1333,133,2025-12-27T17:09:49.473177,0.0,Arrears,142
1334,133,2026-01-26T17:09:49.473177,0.0,Arrears,112
1335,133,2026-02-25T17:09:49.473177,0.0,Arrears,82
1336,133,2026-03-27T17:09:49.473177,0.0,Late,52
1337,133,2026-04-26T17:09:49.473177,2491.8888565928855,On-time,22
1338,134,2025-06-05T17:09:49.473177,0.0,Arrears,347
1339,134,2025-07-05T17:09:49.473177,0.0,Arrears,317
1340,134,2025-08-04T17:09:49.473177,0.0,Arrears,287
1341,134,2025-09-03T17:09:49.473177,0.0,Arrears,257
1342,134,2025-10-03T17:09:49.473177,0.0,Arrears,227
1343,134,2025-11-02T17:09:49.473177,0.0,Arrears,197
1344,134,2025-12-02T17:09:49.473177,0.0,Arrears,167
1345,134,2026-01-01T17:09:49.473177,0.0,Arrears,137
1346,134,2026-01-31T17:09:49.473177,0.0,Arrears,107
1347,134,2026-03-02T17:09:49.473177,0.0,Arrears,77
1348,134,2026-04-01T17:09:49.473177,0.0,Late,47
1349,134,2026-05-01T17:09:49.473177,12506.855872702865,On-time,17
1350,135,2025-03-27T17:09:49.473177,0.0,Arrears,417
1351,135,2025-04-26T17:09:49.473177,0.0,Arrears,387
1352,135,2025-05-26T17:09:49.473177,0.0,Arrears,357
1353,135,2025-06-25T17:09:49.473177,0.0,Arrears,327
1354,135,2025-07-25T17:09:49.473177,0.0,Arrears,297
1355,135,2025-08-24T17:09:49.473177,0.0,Arrears,267
1356,135,2025-09-23T17:09:49.473177,0.0,Arrears,237
1357,135,2025-10-23T17:09:49.473177,0.0,Arrears,207
1358,135,2025-11-22T17:09:49.473177,0.0,Arrears,177
1359,135,2025-12-22T17:09:49.473177,0.0,Arrears,147
1360,135,2026-01-21T17:09:49.473177,0.0,Arrears,117
1361,135,2026-02-20T17:09:49.473177,0.0,Arrears,87
1362,135,2026-03-22T17:09:49.473177,0.0,Late,57
1363,135,2026-04-21T17:09:49.473177,13541.26747443208,On-time,27
1364,136,2026-01-29T17:09:49.473177,0.0,Arrears,109
1365,136,2026-02-28T17:09:49.473177,0.0,Arrears,79
1366,136,2026-03-30T17:09:49.473177,0.0,Late,49
1367,136,2026-04-29T17:09:49.473177,23206.03049391562,On-time,19
1368,137,2025-05-04T17:09:49.473177,0.0,Arrears,379
1369,137,2025-06-03T17:09:49.473177,0.0,Arrears,349
1370,137,2025-07-03T17:09:49.473177,0.0,Arrears,319
1371,137,2025-08-02T17:09:49.473177,0.0,Arrears,289
1372,137,2025-09-01T17:09:49.473177,0.0,Arrears,259
1373,137,2025-10-01T17:09:49.473177,0.0,Arrears,229
1374,137,2025-10-31T17:09:49.473177,0.0,Arrears,199
1375,137,2025-11-30T17:09:49.473177,0.0,Arrears,169
1376,137,2025-12-30T17:09:49.473177,0.0,Arrears,139
1377,137,2026-01-29T17:09:49.473177,0.0,Arrears,109
1378,137,2026-02-28T17:09:49.473177,0.0,Arrears,79
1379,137,2026-03-30T17:09:49.473177,0.0,Late,49
1380,137,2026-04-29T17:09:49.473177,3386.4090697515944,On-time,19
1381,138,2025-05-08T17:09:49.480719,0.0,Arrears,375
1382,138,2025-06-07T17:09:49.480719,0.0,Arrears,345
1383,138,2025-07-07T17:09:49.480719,0.0,Arrears,315
1384,138,2025-08-06T17:09:49.480719,0.0,Arrears,285
1385,138,2025-09-05T17:09:49.480719,0.0,Arrears,255
1386,138,2025-10-05T17:09:49.480719,0.0,Arrears,225
1387,138,2025-11-04T17:09:49.480719,0.0,Arrears,195
1388,138,2025-12-04T17:09:49.480719,0.0,Arrears,165
1389,138,2026-01-03T17:09:49.480719,0.0,Arrears,135
1390,138,2026-02-02T17:09:49.480719,0.0,Arrears,105
1391,138,2026-03-04T17:09:49.480719,0.0,Arrears,75
1392,138,2026-04-03T17:09:49.480719,0.0,Late,45
1393,138,2026-05-03T17:09:49.480719,424.9171346545119,On-time,15
1394,139,2025-01-24T17:09:49.480719,0.0,Arrears,479
1395,139,2025-02-23T17:09:49.480719,0.0,Arrears,449
1396,139,2025-03-25T17:09:49.480719,0.0,Arrears,419
1397,139,2025-04-24T17:09:49.480719,0.0,Arrears,389
1398,139,2025-05-24T17:09:49.480719,0.0,Arrears,359
1399,139,2025-06-23T17:09:49.480719,0.0,Arrears,329
1400,139,2025-07-23T17:09:49.480719,0.0,Arrears,299
1401,139,2025-08-22T17:09:49.480719,0.0,Arrears,269
1402,139,2025-09-21T17:09:49.480719,0.0,Arrears,239
1403,139,2025-10-21T17:09:49.480719,0.0,Arrears,209
1404,139,2025-11-20T17:09:49.480719,0.0,Arrears,179
1405,139,2025-12-20T17:09:49.480719,0.0,Arrears,149
1406,139,2026-01-19T17:09:49.480719,0.0,Arrears,119
1407,139,2026-02-18T17:09:49.480719,0.0,Arrears,89
1408,139,2026-03-20T17:09:49.480719,0.0,Late,59
1409,139,2026-04-19T17:09:49.480719,2690.5150878743602,On-time,29
1410,140,2025-08-27T17:09:49.480719,0.0,Arrears,264
1411,140,2025-09-26T17:09:49.480719,0.0,Arrears,234
1412,140,2025-10-26T17:09:49.480719,0.0,Arrears,204
1413,140,2025-11-25T17:09:49.480719,0.0,Arrears,174
1414,140,2025-12-25T17:09:49.480719,0.0,Arrears,144
1415,140,2026-01-24T17:09:49.480719,0.0,Arrears,114
1416,140,2026-02-23T17:09:49.480719,0.0,Arrears,84
1417,140,2026-03-25T17:09:49.480719,0.0,Late,54
1418,140,2026-04-24T17:09:49.480719,15449.72509665192,On-time,24
1419,141,2025-04-23T17:09:49.480719,0.0,Arrears,390
1420,141,2025-05-23T17:09:49.480719,0.0,Arrears,360
1421,141,2025-06-22T17:09:49.480719,0.0,Arrears,330
1422,141,2025-07-22T17:09:49.480719,0.0,Arrears,300
1423,141,2025-08-21T17:09:49.480719,0.0,Arrears,270
1424,141,2025-09-20T17:09:49.480719,0.0,Arrears,240
1425,141,2025-10-20T17:09:49.480719,0.0,Arrears,210
1426,141,2025-11-19T17:09:49.480719,0.0,Arrears,180
1427,141,2025-12-19T17:09:49.480719,0.0,Arrears,150
1428,141,2026-01-18T17:09:49.480719,0.0,Arrears,120
1429,142,2025-01-21T17:09:49.483847,0.0,Arrears,482
1430,142,2025-02-20T17:09:49.483847,0.0,Arrears,452
1431,142,2025-03-22T17:09:49.483847,0.0,Arrears,422
1432,142,2025-04-21T17:09:49.483847,0.0,Arrears,392
1433,142,2025-05-21T17:09:49.483847,0.0,Arrears,362
1434,142,2025-06-20T17:09:49.483847,0.0,Arrears,332
1435,142,2025-07-20T17:09:49.483847,0.0,Arrears,302
1436,142,2025-08-19T17:09:49.483847,0.0,Arrears,272
1437,142,2025-09-18T17:09:49.483847,0.0,Arrears,242
1438,142,2025-10-18T17:09:49.483847,0.0,Arrears,212
1439,142,2025-11-17T17:09:49.483847,0.0,Arrears,182
1440,142,2025-12-17T17:09:49.483847,0.0,Arrears,152
1441,142,2026-01-16T17:09:49.483847,0.0,Arrears,122
1442,143,2025-01-31T17:09:49.483847,0.0,Arrears,472
1443,143,2025-03-02T17:09:49.483847,0.0,Arrears,442
1444,143,2025-04-01T17:09:49.483847,0.0,Arrears,412
1445,143,2025-05-01T17:09:49.483847,0.0,Arrears,382
1446,143,2025-05-31T17:09:49.483847,0.0,Arrears,352
1447,143,2025-06-30T17:09:49.483847,0.0,Arrears,322
1448,143,2025-07-30T17:09:49.483847,0.0,Arrears,292
1449,143,2025-08-29T17:09:49.483847,0.0,Arrears,262
1450,143,2025-09-28T17:09:49.483847,0.0,Arrears,232
1451,143,2025-10-28T17:09:49.483847,0.0,Arrears,202
1452,143,2025-11-27T17:09:49.483847,0.0,Arrears,172
1453,143,2025-12-27T17:09:49.483847,0.0,Arrears,142
1454,143,2026-01-26T17:09:49.483847,0.0,Arrears,112
1455,143,2026-02-25T17:09:49.483847,0.0,Arrears,82
1456,143,2026-03-27T17:09:49.483847,0.0,Late,52
1457,143,2026-04-26T17:09:49.483847,1714.1483743015842,On-time,22
1458,144,2026-01-14T17:09:49.483847,0.0,Arrears,124
1459,144,2026-02-13T17:09:49.483847,0.0,Arrears,94
1460,144,2026-03-15T17:09:49.483847,0.0,Arrears,64
1461,144,2026-04-14T17:09:49.483847,0.0,Late,34
1462,144,2026-05-14T17:09:49.483847,29306.38640108937,On-time,4
1463,145,2024-06-14T17:09:49.483847,0.0,Arrears,703
1464,145,2024-07-14T17:09:49.483847,0.0,Arrears,673
1465,145,2024-08-13T17:09:49.483847,0.0,Arrears,643
1466,145,2024-09-12T17:09:49.483847,0.0,Arrears,613
1467,145,2024-10-12T17:09:49.483847,0.0,Arrears,583
1468,145,2024-11-11T17:09:49.483847,0.0,Arrears,553
1469,145,2024-12-11T17:09:49.483847,0.0,Arrears,523
1470,145,2025-01-10T17:09:49.483847,0.0,Arrears,493
1471,145,2025-02-09T17:09:49.483847,0.0,Arrears,463
1472,145,2025-03-11T17:09:49.483847,0.0,Arrears,433
1473,145,2025-04-10T17:09:49.483847,0.0,Arrears,403
1474,145,2025-05-10T17:09:49.483847,0.0,Arrears,373
1475,145,2025-06-09T17:09:49.483847,0.0,Arrears,343
1476,145,2025-07-09T17:09:49.483847,0.0,Arrears,313
1477,145,2025-08-08T17:09:49.483847,0.0,Arrears,283
1478,145,2025-09-07T17:09:49.483847,0.0,Arrears,253
1479,145,2025-10-07T17:09:49.483847,0.0,Arrears,223
1480,145,2025-11-06T17:09:49.483847,0.0,Arrears,193
1481,145,2025-12-06T17:09:49.483847,0.0,Arrears,163
1482,146,2026-03-05T17:09:49.483847,0.0,Arrears,74
1483,146,2026-04-04T17:09:49.483847,0.0,Late,44
1484,146,2026-05-04T17:09:49.483847,15715.815577407377,On-time,14
1485,147,2024-09-12T17:09:49.483847,0.0,Arrears,613
1486,147,2024-10-12T17:09:49.483847,0.0,Arrears,583
1487,147,2024-11-11T17:09:49.483847,0.0,Arrears,553
1488,147,2024-12-11T17:09:49.483847,0.0,Arrears,523
1489,147,2025-01-10T17:09:49.483847,0.0,Arrears,493
1490,147,2025-02-09T17:09:49.483847,0.0,Arrears,463
1491,147,2025-03-11T17:09:49.483847,0.0,Arrears,433
1492,147,2025-04-10T17:09:49.483847,0.0,Arrears,403
1493,147,2025-05-10T17:09:49.483847,0.0,Arrears,373
1494,147,2025-06-09T17:09:49.483847,0.0,Arrears,343
1495,147,2025-07-09T17:09:49.483847,0.0,Arrears,313
1496,147,2025-08-08T17:09:49.483847,0.0,Arrears,283
1497,147,2025-09-07T17:09:49.483847,0.0,Arrears,253
1498,147,2025-10-07T17:09:49.483847,0.0,Arrears,223
1499,147,2025-11-06T17:09:49.483847,0.0,Arrears,193
1500,147,2025-12-06T17:09:49.483847,0.0,Arrears,163
1501,147,2026-01-05T17:09:49.483847,0.0,Arrears,133
1502,147,2026-02-04T17:09:49.483847,0.0,Arrears,103
1503,147,2026-03-06T17:09:49.483847,0.0,Arrears,73
1504,148,2025-10-27T17:09:49.483847,0.0,Arrears,203
1505,148,2025-11-26T17:09:49.483847,0.0,Arrears,173
1506,148,2025-12-26T17:09:49.483847,0.0,Arrears,143
1507,148,2026-01-25T17:09:49.483847,0.0,Arrears,113
1508,148,2026-02-24T17:09:49.483847,0.0,Arrears,83
1509,148,2026-03-26T17:09:49.483847,0.0,Late,53
1510,148,2026-04-25T17:09:49.483847,19206.466931692263,On-time,23
1511,149,2025-07-23T17:09:49.483847,0.0,Arrears,299
1512,149,2025-08-22T17:09:49.483847,0.0,Arrears,269
1513,149,2025-09-21T17:09:49.483847,0.0,Arrears,239
1514,149,2025-10-21T17:09:49.483847,0.0,Arrears,209
1515,149,2025-11-20T17:09:49.483847,0.0,Arrears,179
1516,149,2025-12-20T17:09:49.483847,0.0,Arrears,149
1517,149,2026-01-19T17:09:49.483847,0.0,Arrears,119
1518,149,2026-02-18T17:09:49.483847,0.0,Arrears,89
1519,149,2026-03-20T17:09:49.483847,0.0,Late,59
1520,149,2026-04-19T17:09:49.483847,7612.38655831934,On-time,29
1521,150,2024-09-26T17:09:49.483847,0.0,Arrears,599
1522,150,2024-10-26T17:09:49.483847,0.0,Arrears,569
1523,150,2024-11-25T17:09:49.483847,0.0,Arrears,539
1524,150,2024-12-25T17:09:49.483847,0.0,Arrears,509
1525,150,2025-01-24T17:09:49.483847,0.0,Arrears,479
1526,150,2025-02-23T17:09:49.483847,0.0,Arrears,449
1527,150,2025-03-25T17:09:49.483847,0.0,Arrears,419
1528,150,2025-04-24T17:09:49.483847,0.0,Arrears,389
1529,150,2025-05-24T17:09:49.483847,0.0,Arrears,359
1530,150,2025-06-23T17:09:49.483847,0.0,Arrears,329
1531,150,2025-07-23T17:09:49.483847,0.0,Arrears,299
1532,150,2025-08-22T17:09:49.483847,0.0,Arrears,269
1533,150,2025-09-21T17:09:49.483847,0.0,Arrears,239
1534,150,2025-10-21T17:09:49.483847,0.0,Arrears,209
1535,150,2025-11-20T17:09:49.483847,0.0,Arrears,179
1536,150,2025-12-20T17:09:49.483847,0.0,Arrears,149
1537,150,2026-01-19T17:09:49.483847,0.0,Arrears,119
1538,150,2026-02-18T17:09:49.483847,0.0,Arrears,89
1539,150,2026-03-20T17:09:49.483847,0.0,Late,59
1540,150,2026-04-19T17:09:49.483847,4754.901444149353,On-time,29
1541,151,2026-01-11T17:09:49.483847,0.0,Arrears,127
1542,151,2026-02-10T17:09:49.483847,0.0,Arrears,97
1543,151,2026-03-12T17:09:49.483847,0.0,Arrears,67
1544,151,2026-04-11T17:09:49.483847,0.0,Late,37
1545,151,2026-05-11T17:09:49.483847,60458.483090068825,On-time,7
1546,152,2025-01-15T17:09:49.483847,0.0,Arrears,488
1547,152,2025-02-14T17:09:49.483847,0.0,Arrears,458
1548,153,2025-04-17T17:09:49.483847,0.0,Arrears,396
1549,153,2025-05-17T17:09:49.483847,0.0,Arrears,366
1550,153,2025-06-16T17:09:49.483847,0.0,Arrears,336
1551,153,2025-07-16T17:09:49.483847,0.0,Arrears,306
1552,153,2025-08-15T17:09:49.483847,0.0,Arrears,276
1553,153,2025-09-14T17:09:49.483847,0.0,Arrears,246
1554,153,2025-10-14T17:09:49.483847,0.0,Arrears,216
1555,153,2025-11-13T17:09:49.483847,0.0,Arrears,186
1556,153,2025-12-13T17:09:49.483847,0.0,Arrears,156
1557,153,2026-01-12T17:09:49.483847,0.0,Arrears,126
1558,154,2025-05-05T17:09:49.483847,0.0,Arrears,378
1559,154,2025-06-04T17:09:49.483847,0.0,Arrears,348
1560,154,2025-07-04T17:09:49.483847,0.0,Arrears,318
1561,154,2025-08-03T17:09:49.483847,0.0,Arrears,288
1562,154,2025-09-02T17:09:49.483847,0.0,Arrears,258
1563,154,2025-10-02T17:09:49.483847,0.0,Arrears,228
1564,154,2025-11-01T17:09:49.483847,0.0,Arrears,198
1565,154,2025-12-01T17:09:49.483847,0.0,Arrears,168
1566,154,2025-12-31T17:09:49.483847,0.0,Arrears,138
1567,154,2026-01-30T17:09:49.483847,0.0,Arrears,108
1568,154,2026-03-01T17:09:49.483847,0.0,Arrears,78
1569,154,2026-03-31T17:09:49.483847,0.0,Late,48
1570,154,2026-04-30T17:09:49.483847,14486.381359281657,On-time,18
1571,155,2025-08-15T17:09:49.483847,0.0,Arrears,276
1572,155,2025-09-14T17:09:49.483847,0.0,Arrears,246
1573,155,2025-10-14T17:09:49.483847,0.0,Arrears,216
1574,155,2025-11-13T17:09:49.483847,0.0,Arrears,186
1575,155,2025-12-13T17:09:49.483847,0.0,Arrears,156
1576,155,2026-01-12T17:09:49.483847,0.0,Arrears,126
1577,156,2025-02-10T17:09:49.483847,0.0,Arrears,462
1578,156,2025-03-12T17:09:49.483847,0.0,Arrears,432
1579,156,2025-04-11T17:09:49.483847,0.0,Arrears,402
1580,156,2025-05-11T17:09:49.483847,0.0,Arrears,372
1581,156,2025-06-10T17:09:49.483847,0.0,Arrears,342
1582,156,2025-07-10T17:09:49.483847,0.0,Arrears,312
1583,156,2025-08-09T17:09:49.483847,0.0,Arrears,282
1584,156,2025-09-08T17:09:49.483847,0.0,Arrears,252
1585,156,2025-10-08T17:09:49.483847,0.0,Arrears,222
1586,156,2025-11-07T17:09:49.483847,0.0,Arrears,192
1587,156,2025-12-07T17:09:49.483847,0.0,Arrears,162
1588,156,2026-01-06T17:09:49.483847,0.0,Arrears,132
1589,156,2026-02-05T17:09:49.483847,0.0,Arrears,102
1590,156,2026-03-07T17:09:49.483847,0.0,Arrears,72
1591,156,2026-04-06T17:09:49.483847,0.0,Late,42
1592,156,2026-05-06T17:09:49.483847,11593.59001271215,On-time,12
1593,157,2025-04-06T17:09:49.496515,0.0,Arrears,407
1594,157,2025-05-06T17:09:49.496515,0.0,Arrears,377
1595,157,2025-06-05T17:09:49.496515,0.0,Arrears,347
1596,157,2025-07-05T17:09:49.496515,0.0,Arrears,317
1597,157,2025-08-04T17:09:49.496515,0.0,Arrears,287
1598,157,2025-09-03T17:09:49.496515,0.0,Arrears,257
1599,157,2025-10-03T17:09:49.496515,0.0,Arrears,227
1600,157,2025-11-02T17:09:49.496515,0.0,Arrears,197
1601,157,2025-12-02T17:09:49.496515,0.0,Arrears,167
1602,157,2026-01-01T17:09:49.496515,0.0,Arrears,137
1603,157,2026-01-31T17:09:49.496515,0.0,Arrears,107
1604,157,2026-03-02T17:09:49.496515,0.0,Arrears,77
1605,157,2026-04-01T17:09:49.496515,0.0,Late,47
1606,157,2026-05-01T17:09:49.496515,9727.574179887048,On-time,17
1607,158,2025-10-21T17:09:49.500058,0.0,Arrears,209
1608,158,2025-11-20T17:09:49.500058,0.0,Arrears,179
1609,158,2025-12-20T17:09:49.500058,0.0,Arrears,149
1610,158,2026-01-19T17:09:49.500058,0.0,Arrears,119
1611,158,2026-02-18T17:09:49.500058,0.0,Arrears,89
1612,158,2026-03-20T17:09:49.500058,0.0,Late,59
1613,158,2026-04-19T17:09:49.500058,4275.653673527669,On-time,29
1614,159,2024-10-23T17:09:49.500058,0.0,Arrears,572
1615,159,2024-11-22T17:09:49.500058,0.0,Arrears,542
1616,159,2024-12-22T17:09:49.500058,0.0,Arrears,512
1617,159,2025-01-21T17:09:49.500058,0.0,Arrears,482
1618,159,2025-02-20T17:09:49.500058,0.0,Arrears,452
1619,159,2025-03-22T17:09:49.500058,0.0,Arrears,422
1620,160,2026-03-19T17:09:49.504723,0.0,Arrears,60
1621,160,2026-04-18T17:09:49.504723,0.0,Late,30
1622,160,2026-05-18T17:09:49.504723,20912.970060904376,On-time,0
1623,161,2025-06-14T17:09:49.542037,0.0,Arrears,338
1624,161,2025-07-14T17:09:49.542037,0.0,Arrears,308
1625,161,2025-08-13T17:09:49.542037,0.0,Arrears,278
1626,161,2025-09-12T17:09:49.542037,0.0,Arrears,248
1627,161,2025-10-12T17:09:49.542037,0.0,Arrears,218
1628,161,2025-11-11T17:09:49.542037,0.0,Arrears,188
1629,161,2025-12-11T17:09:49.542037,0.0,Arrears,158
1630,161,2026-01-10T17:09:49.542037,0.0,Arrears,128
1631,161,2026-02-09T17:09:49.542037,0.0,Arrears,98
1632,161,2026-03-11T17:09:49.542037,0.0,Arrears,68
1633,161,2026-04-10T17:09:49.542037,0.0,Late,38
1634,161,2026-05-10T17:09:49.542037,7088.851074105749,On-time,8
1635,162,2024-05-21T17:09:49.543619,0.0,Arrears,727
1636,162,2024-06-20T17:09:49.543619,0.0,Arrears,697
1637,162,2024-07-20T17:09:49.543619,0.0,Arrears,667
1638,162,2024-08-19T17:09:49.543619,0.0,Arrears,637
1639,162,2024-09-18T17:09:49.543619,0.0,Arrears,607
1640,162,2024-10-18T17:09:49.543619,0.0,Arrears,577
1641,162,2024-11-17T17:09:49.543619,0.0,Arrears,547
1642,162,2024-12-17T17:09:49.543619,0.0,Arrears,517
1643,162,2025-01-16T17:09:49.543619,0.0,Arrears,487
1644,162,2025-02-15T17:09:49.543619,0.0,Arrears,457
1645,162,2025-03-17T17:09:49.543619,0.0,Arrears,427
1646,162,2025-04-16T17:09:49.543619,0.0,Arrears,397
1647,162,2025-05-16T17:09:49.543619,0.0,Arrears,367
1648,162,2025-06-15T17:09:49.543619,0.0,Arrears,337
1649,163,2025-06-23T17:09:49.546748,0.0,Arrears,329
1650,163,2025-07-23T17:09:49.546748,0.0,Arrears,299
1651,163,2025-08-22T17:09:49.546748,0.0,Arrears,269
1652,163,2025-09-21T17:09:49.546748,0.0,Arrears,239
1653,163,2025-10-21T17:09:49.546748,0.0,Arrears,209
1654,163,2025-11-20T17:09:49.546748,0.0,Arrears,179
1655,163,2025-12-20T17:09:49.546748,0.0,Arrears,149
1656,163,2026-01-19T17:09:49.546748,0.0,Arrears,119
1657,163,2026-02-18T17:09:49.546748,0.0,Arrears,89
1658,163,2026-03-20T17:09:49.546748,0.0,Late,59
1659,163,2026-04-19T17:09:49.546748,6911.357028249194,On-time,29
1660,164,2024-05-22T17:09:49.548753,0.0,Arrears,726
1661,164,2024-06-21T17:09:49.548753,0.0,Arrears,696
1662,164,2024-07-21T17:09:49.548753,0.0,Arrears,666
1663,164,2024-08-20T17:09:49.548753,0.0,Arrears,636
1664,164,2024-09-19T17:09:49.548753,0.0,Arrears,606
1665,164,2024-10-19T17:09:49.548753,0.0,Arrears,576
1666,164,2024-11-18T17:09:49.548753,0.0,Arrears,546
1667,164,2024-12-18T17:09:49.548753,0.0,Arrears,516
1668,164,2025-01-17T17:09:49.548753,0.0,Arrears,486
1669,164,2025-02-16T17:09:49.548753,0.0,Arrears,456
1670,164,2025-03-18T17:09:49.548753,0.0,Arrears,426
1671,164,2025-04-17T17:09:49.548753,0.0,Arrears,396
1672,164,2025-05-17T17:09:49.548753,0.0,Arrears,366
1673,164,2025-06-16T17:09:49.548753,0.0,Arrears,336
1674,164,2025-07-16T17:09:49.548753,0.0,Arrears,306
1675,164,2025-08-15T17:09:49.548753,0.0,Arrears,276
1676,164,2025-09-14T17:09:49.548753,0.0,Arrears,246
1677,164,2025-10-14T17:09:49.548753,0.0,Arrears,216
1678,165,2024-09-26T17:09:49.550234,0.0,Arrears,599
1679,165,2024-10-26T17:09:49.550234,0.0,Arrears,569
1680,165,2024-11-25T17:09:49.550234,0.0,Arrears,539
1681,165,2024-12-25T17:09:49.550234,0.0,Arrears,509
1682,165,2025-01-24T17:09:49.550234,0.0,Arrears,479
1683,165,2025-02-23T17:09:49.550234,0.0,Arrears,449
1684,165,2025-03-25T17:09:49.550234,0.0,Arrears,419
1685,165,2025-04-24T17:09:49.550234,0.0,Arrears,389
1686,165,2025-05-24T17:09:49.550234,0.0,Arrears,359
1687,165,2025-06-23T17:09:49.550234,0.0,Arrears,329
1688,165,2025-07-23T17:09:49.550234,0.0,Arrears,299
1689,165,2025-08-22T17:09:49.550234,0.0,Arrears,269
1690,165,2025-09-21T17:09:49.550234,0.0,Arrears,239
1691,165,2025-10-21T17:09:49.550234,0.0,Arrears,209
1692,165,2025-11-20T17:09:49.550234,0.0,Arrears,179
1693,165,2025-12-20T17:09:49.550234,0.0,Arrears,149
1694,165,2026-01-19T17:09:49.550234,0.0,Arrears,119
1695,165,2026-02-18T17:09:49.550234,0.0,Arrears,89
1696,165,2026-03-20T17:09:49.550234,0.0,Late,59
1697,165,2026-04-19T17:09:49.550234,8478.287012116456,On-time,29
1698,166,2025-04-16T17:09:49.553692,0.0,Arrears,397
1699,166,2025-05-16T17:09:49.553692,0.0,Arrears,367
1700,166,2025-06-15T17:09:49.553692,0.0,Arrears,337
1701,166,2025-07-15T17:09:49.553692,0.0,Arrears,307
1702,166,2025-08-14T17:09:49.553692,0.0,Arrears,277
1703,166,2025-09-13T17:09:49.553692,0.0,Arrears,247
1704,166,2025-10-13T17:09:49.553692,0.0,Arrears,217
1705,166,2025-11-12T17:09:49.553692,0.0,Arrears,187
1706,166,2025-12-12T17:09:49.553692,0.0,Arrears,157
1707,166,2026-01-11T17:09:49.553692,0.0,Arrears,127
1708,166,2026-02-10T17:09:49.553692,0.0,Arrears,97
1709,167,2024-07-17T17:09:49.556316,0.0,Arrears,670
1710,167,2024-08-16T17:09:49.556316,0.0,Arrears,640
1711,167,2024-09-15T17:09:49.556316,0.0,Arrears,610
1712,167,2024-10-15T17:09:49.556316,0.0,Arrears,580
1713,167,2024-11-14T17:09:49.556316,0.0,Arrears,550
1714,167,2024-12-14T17:09:49.556316,0.0,Arrears,520
1715,167,2025-01-13T17:09:49.556316,0.0,Arrears,490
1716,167,2025-02-12T17:09:49.556316,0.0,Arrears,460
1717,167,2025-03-14T17:09:49.556316,0.0,Arrears,430
1718,167,2025-04-13T17:09:49.556316,0.0,Arrears,400
1719,167,2025-05-13T17:09:49.556316,0.0,Arrears,370
1720,167,2025-06-12T17:09:49.556316,0.0,Arrears,340
1721,167,2025-07-12T17:09:49.556316,0.0,Arrears,310
1722,167,2025-08-11T17:09:49.556316,0.0,Arrears,280
1723,167,2025-09-10T17:09:49.556316,0.0,Arrears,250
1724,167,2025-10-10T17:09:49.556316,0.0,Arrears,220
1725,167,2025-11-09T17:09:49.556316,0.0,Arrears,190
1726,167,2025-12-09T17:09:49.556316,0.0,Arrears,160
1727,167,2026-01-08T17:09:49.556316,0.0,Arrears,130
1728,167,2026-02-07T17:09:49.556316,0.0,Arrears,100
1729,167,2026-03-09T17:09:49.556316,0.0,Arrears,70
1730,167,2026-04-08T17:09:49.556316,0.0,Late,40
1731,167,2026-05-08T17:09:49.556316,1856.1297273626947,On-time,10
1732,168,2026-02-17T17:09:49.559393,0.0,Arrears,90
1733,168,2026-03-19T17:09:49.559393,0.0,Arrears,60
1734,168,2026-04-18T17:09:49.559393,0.0,Late,30
1735,168,2026-05-18T17:09:49.559393,2677.3294922020355,On-time,0
1736,169,2026-03-09T17:09:49.561015,0.0,Arrears,70
1737,169,2026-04-08T17:09:49.561015,0.0,Late,40
1738,169,2026-05-08T17:09:49.561015,120486.0694175517,On-time,10
1739,170,2026-02-26T17:09:49.561015,0.0,Arrears,81
1740,170,2026-03-28T17:09:49.561015,0.0,Late,51
1741,170,2026-04-27T17:09:49.561015,595.8590338060092,On-time,21
1742,171,2025-07-25T17:09:49.561015,0.0,Arrears,297
1743,171,2025-08-24T17:09:49.561015,0.0,Arrears,267
1744,171,2025-09-23T17:09:49.561015,0.0,Arrears,237
1745,171,2025-10-23T17:09:49.561015,0.0,Arrears,207
1746,171,2025-11-22T17:09:49.561015,0.0,Arrears,177
1747,171,2025-12-22T17:09:49.561015,0.0,Arrears,147
1748,171,2026-01-21T17:09:49.561015,0.0,Arrears,117
1749,171,2026-02-20T17:09:49.561015,0.0,Arrears,87
1750,171,2026-03-22T17:09:49.561015,0.0,Late,57
1751,171,2026-04-21T17:09:49.561015,6048.726332590954,On-time,27
1752,172,2024-07-22T17:09:49.563023,0.0,Arrears,665
1753,172,2024-08-21T17:09:49.563023,0.0,Arrears,635
1754,172,2024-09-20T17:09:49.563023,0.0,Arrears,605
1755,172,2024-10-20T17:09:49.563023,0.0,Arrears,575
1756,172,2024-11-19T17:09:49.563023,0.0,Arrears,545
1757,172,2024-12-19T17:09:49.563023,0.0,Arrears,515
1758,172,2025-01-18T17:09:49.563023,0.0,Arrears,485
1759,173,2025-12-07T17:09:49.563023,0.0,Arrears,162
1760,173,2026-01-06T17:09:49.563023,0.0,Arrears,132
1761,173,2026-02-05T17:09:49.563023,0.0,Arrears,102
1762,173,2026-03-07T17:09:49.563023,0.0,Arrears,72
1763,173,2026-04-06T17:09:49.563023,0.0,Late,42
1764,173,2026-05-06T17:09:49.563023,7959.530973762941,On-time,12
1765,174,2025-10-10T17:09:49.565030,0.0,Arrears,220
1766,174,2025-11-09T17:09:49.565030,0.0,Arrears,190
1767,174,2025-12-09T17:09:49.565030,0.0,Arrears,160
1768,174,2026-01-08T17:09:49.565030,0.0,Arrears,130
1769,175,2024-10-14T17:09:49.565030,0.0,Arrears,581
1770,175,2024-11-13T17:09:49.565030,0.0,Arrears,551
1771,175,2024-12-13T17:09:49.565030,0.0,Arrears,521
1772,175,2025-01-12T17:09:49.565030,0.0,Arrears,491
1773,175,2025-02-11T17:09:49.565030,0.0,Arrears,461
1774,175,2025-03-13T17:09:49.565030,0.0,Arrears,431
1775,175,2025-04-12T17:09:49.565030,0.0,Arrears,401
1776,175,2025-05-12T17:09:49.565030,0.0,Arrears,371
1777,175,2025-06-11T17:09:49.565030,0.0,Arrears,341
1778,175,2025-07-11T17:09:49.565030,0.0,Arrears,311
1779,175,2025-08-10T17:09:49.565030,0.0,Arrears,281
1780,175,2025-09-09T17:09:49.565030,0.0,Arrears,251
1781,175,2025-10-09T17:09:49.565030,0.0,Arrears,221
1782,175,2025-11-08T17:09:49.565030,0.0,Arrears,191
1783,175,2025-12-08T17:09:49.565030,0.0,Arrears,161
1784,175,2026-01-07T17:09:49.565030,0.0,Arrears,131
1785,175,2026-02-06T17:09:49.565030,0.0,Arrears,101
1786,175,2026-03-08T17:09:49.565030,0.0,Arrears,71
1787,175,2026-04-07T17:09:49.565030,0.0,Late,41
1788,175,2026-05-07T17:09:49.565030,15691.717632437814,On-time,11
1789,176,2024-10-19T17:09:49.567351,0.0,Arrears,576
1790,176,2024-11-18T17:09:49.567351,0.0,Arrears,546
1791,176,2024-12-18T17:09:49.567351,0.0,Arrears,516
1792,176,2025-01-17T17:09:49.567351,0.0,Arrears,486
1793,176,2025-02-16T17:09:49.567351,0.0,Arrears,456
1794,176,2025-03-18T17:09:49.567351,0.0,Arrears,426
1795,176,2025-04-17T17:09:49.567351,0.0,Arrears,396
1796,176,2025-05-17T17:09:49.567351,0.0,Arrears,366
1797,176,2025-06-16T17:09:49.567351,0.0,Arrears,336
1798,176,2025-07-16T17:09:49.567351,0.0,Arrears,306
1799,176,2025-08-15T17:09:49.567351,0.0,Arrears,276
1800,176,2025-09-14T17:09:49.567351,0.0,Arrears,246
1801,176,2025-10-14T17:09:49.567351,0.0,Arrears,216
1802,176,2025-11-13T17:09:49.567351,0.0,Arrears,186
1803,176,2025-12-13T17:09:49.567351,0.0,Arrears,156
1804,176,2026-01-12T17:09:49.567351,0.0,Arrears,126
1805,176,2026-02-11T17:09:49.567351,0.0,Arrears,96
1806,176,2026-03-13T17:09:49.567351,0.0,Arrears,66
1807,176,2026-04-12T17:09:49.567351,0.0,Late,36
1808,176,2026-05-12T17:09:49.567351,15283.202934559664,On-time,6
1809,177,2026-01-28T17:09:49.568766,0.0,Arrears,110
1810,177,2026-02-27T17:09:49.568766,0.0,Arrears,80
1811,177,2026-03-29T17:09:49.568766,0.0,Late,50
1812,177,2026-04-28T17:09:49.568766,31203.515272053894,On-time,20
1813,178,2025-07-04T17:09:49.568766,0.0,Arrears,318
1814,178,2025-08-03T17:09:49.568766,0.0,Arrears,288
1815,178,2025-09-02T17:09:49.568766,0.0,Arrears,258
1816,178,2025-10-02T17:09:49.568766,0.0,Arrears,228
1817,178,2025-11-01T17:09:49.568766,0.0,Arrears,198
1818,178,2025-12-01T17:09:49.568766,0.0,Arrears,168
1819,178,2025-12-31T17:09:49.568766,0.0,Arrears,138
1820,178,2026-01-30T17:09:49.568766,0.0,Arrears,108
1821,178,2026-03-01T17:09:49.568766,0.0,Arrears,78
1822,178,2026-03-31T17:09:49.568766,0.0,Late,48
1823,178,2026-04-30T17:09:49.568766,16177.33971488154,On-time,18
1824,179,2024-11-30T17:09:49.568766,0.0,Arrears,534
1825,179,2024-12-30T17:09:49.568766,0.0,Arrears,504
1826,179,2025-01-29T17:09:49.568766,0.0,Arrears,474
1827,179,2025-02-28T17:09:49.568766,0.0,Arrears,444
1828,179,2025-03-30T17:09:49.568766,0.0,Arrears,414
1829,179,2025-04-29T17:09:49.568766,0.0,Arrears,384
1830,179,2025-05-29T17:09:49.568766,0.0,Arrears,354
1831,180,2025-03-06T17:09:49.568766,0.0,Arrears,438
1832,180,2025-04-05T17:09:49.568766,0.0,Arrears,408
1833,180,2025-05-05T17:09:49.568766,0.0,Arrears,378
1834,180,2025-06-04T17:09:49.568766,0.0,Arrears,348
1835,180,2025-07-04T17:09:49.568766,0.0,Arrears,318
1836,180,2025-08-03T17:09:49.568766,0.0,Arrears,288
1837,180,2025-09-02T17:09:49.568766,0.0,Arrears,258
1838,180,2025-10-02T17:09:49.568766,0.0,Arrears,228
1839,180,2025-11-01T17:09:49.568766,0.0,Arrears,198
1840,180,2025-12-01T17:09:49.568766,0.0,Arrears,168
1841,180,2025-12-31T17:09:49.568766,0.0,Arrears,138
1842,180,2026-01-30T17:09:49.568766,0.0,Arrears,108
1843,180,2026-03-01T17:09:49.568766,0.0,Arrears,78
1844,180,2026-03-31T17:09:49.568766,0.0,Late,48
1845,180,2026-04-30T17:09:49.568766,4264.51755080191,On-time,18
1846,181,2025-02-23T17:09:49.568766,0.0,Arrears,449
1847,181,2025-03-25T17:09:49.568766,0.0,Arrears,419
1848,181,2025-04-24T17:09:49.568766,0.0,Arrears,389
1849,181,2025-05-24T17:09:49.568766,0.0,Arrears,359
1850,181,2025-06-23T17:09:49.568766,0.0,Arrears,329
1851,181,2025-07-23T17:09:49.568766,0.0,Arrears,299
1852,181,2025-08-22T17:09:49.568766,0.0,Arrears,269
1853,181,2025-09-21T17:09:49.568766,0.0,Arrears,239
1854,181,2025-10-21T17:09:49.568766,0.0,Arrears,209
1855,181,2025-11-20T17:09:49.568766,0.0,Arrears,179
1856,181,2025-12-20T17:09:49.568766,0.0,Arrears,149
1857,181,2026-01-19T17:09:49.568766,0.0,Arrears,119
1858,181,2026-02-18T17:09:49.568766,0.0,Arrears,89
1859,182,2024-06-04T17:09:49.568766,0.0,Arrears,713
1860,182,2024-07-04T17:09:49.568766,0.0,Arrears,683
1861,182,2024-08-03T17:09:49.568766,0.0,Arrears,653
1862,182,2024-09-02T17:09:49.568766,0.0,Arrears,623
1863,182,2024-10-02T17:09:49.568766,0.0,Arrears,593
1864,182,2024-11-01T17:09:49.568766,0.0,Arrears,563
1865,182,2024-12-01T17:09:49.568766,0.0,Arrears,533
1866,183,2024-07-05T17:09:49.573179,0.0,Arrears,682
1867,183,2024-08-04T17:09:49.573179,0.0,Arrears,652
1868,183,2024-09-03T17:09:49.573179,0.0,Arrears,622
1869,183,2024-10-03T17:09:49.573179,0.0,Arrears,592
1870,183,2024-11-02T17:09:49.573179,0.0,Arrears,562
1871,183,2024-12-02T17:09:49.573179,0.0,Arrears,532
1872,183,2025-01-01T17:09:49.573179,0.0,Arrears,502
1873,183,2025-01-31T17:09:49.573179,0.0,Arrears,472
1874,183,2025-03-02T17:09:49.573179,0.0,Arrears,442
1875,183,2025-04-01T17:09:49.573179,0.0,Arrears,412
1876,183,2025-05-01T17:09:49.573179,0.0,Arrears,382
1877,183,2025-05-31T17:09:49.573179,0.0,Arrears,352
1878,183,2025-06-30T17:09:49.573179,0.0,Arrears,322
1879,183,2025-07-30T17:09:49.573179,0.0,Arrears,292
1880,183,2025-08-29T17:09:49.573179,0.0,Arrears,262
1881,183,2025-09-28T17:09:49.573179,0.0,Arrears,232
1882,183,2025-10-28T17:09:49.573179,0.0,Arrears,202
1883,183,2025-11-27T17:09:49.573179,0.0,Arrears,172
1884,183,2025-12-27T17:09:49.573179,0.0,Arrears,142
1885,183,2026-01-26T17:09:49.573179,0.0,Arrears,112
1886,183,2026-02-25T17:09:49.573179,0.0,Arrears,82
1887,183,2026-03-27T17:09:49.573179,0.0,Late,52
1888,183,2026-04-26T17:09:49.573179,7092.925331306672,On-time,22
1889,184,2025-05-16T17:09:49.573179,0.0,Arrears,367
1890,184,2025-06-15T17:09:49.573179,0.0,Arrears,337
1891,184,2025-07-15T17:09:49.573179,0.0,Arrears,307
1892,184,2025-08-14T17:09:49.573179,0.0,Arrears,277
1893,184,2025-09-13T17:09:49.573179,0.0,Arrears,247
1894,184,2025-10-13T17:09:49.573179,0.0,Arrears,217
1895,184,2025-11-12T17:09:49.573179,0.0,Arrears,187
1896,184,2025-12-12T17:09:49.573179,0.0,Arrears,157
1897,184,2026-01-11T17:09:49.573179,0.0,Arrears,127
1898,184,2026-02-10T17:09:49.573179,0.0,Arrears,97
1899,184,2026-03-12T17:09:49.573179,0.0,Arrears,67
1900,184,2026-04-11T17:09:49.573179,0.0,Late,37
1901,184,2026-05-11T17:09:49.573179,3442.0762464763866,On-time,7
1902,185,2026-03-22T17:09:49.573179,0.0,Late,57
1903,185,2026-04-21T17:09:49.573179,110137.67344669263,On-time,27
1904,186,2025-06-22T17:09:49.573179,0.0,Arrears,330
1905,186,2025-07-22T17:09:49.573179,0.0,Arrears,300
1906,186,2025-08-21T17:09:49.573179,0.0,Arrears,270
1907,186,2025-09-20T17:09:49.573179,0.0,Arrears,240
1908,186,2025-10-20T17:09:49.573179,0.0,Arrears,210
1909,186,2025-11-19T17:09:49.573179,0.0,Arrears,180
1910,186,2025-12-19T17:09:49.573179,0.0,Arrears,150
1911,186,2026-01-18T17:09:49.573179,0.0,Arrears,120
1912,186,2026-02-17T17:09:49.573179,0.0,Arrears,90
1913,186,2026-03-19T17:09:49.573179,0.0,Arrears,60
1914,186,2026-04-18T17:09:49.573179,0.0,Late,30
1915,186,2026-05-18T17:09:49.573179,12398.85326888517,On-time,0
1916,187,2026-01-17T17:09:49.573179,0.0,Arrears,121
1917,187,2026-02-16T17:09:49.573179,0.0,Arrears,91
1918,187,2026-03-18T17:09:49.573179,0.0,Arrears,61
1919,187,2026-04-17T17:09:49.573179,0.0,Late,31
1920,187,2026-05-17T17:09:49.573179,5086.262248069462,On-time,1
1921,188,2024-08-09T17:09:49.573179,0.0,Arrears,647
1922,188,2024-09-08T17:09:49.573179,0.0,Arrears,617
1923,188,2024-10-08T17:09:49.573179,0.0,Arrears,587
1924,188,2024-11-07T17:09:49.573179,0.0,Arrears,557
1925,188,2024-12-07T17:09:49.573179,0.0,Arrears,527
1926,188,2025-01-06T17:09:49.573179,0.0,Arrears,497
1927,188,2025-02-05T17:09:49.573179,0.0,Arrears,467
1928,188,2025-03-07T17:09:49.573179,0.0,Arrears,437
1929,188,2025-04-06T17:09:49.573179,0.0,Arrears,407
1930,188,2025-05-06T17:09:49.573179,0.0,Arrears,377
1931,188,2025-06-05T17:09:49.573179,0.0,Arrears,347
1932,188,2025-07-05T17:09:49.573179,0.0,Arrears,317
1933,188,2025-08-04T17:09:49.573179,0.0,Arrears,287
1934,188,2025-09-03T17:09:49.573179,0.0,Arrears,257
1935,188,2025-10-03T17:09:49.573179,0.0,Arrears,227
1936,188,2025-11-02T17:09:49.573179,0.0,Arrears,197
1937,188,2025-12-02T17:09:49.573179,0.0,Arrears,167
1938,188,2026-01-01T17:09:49.573179,0.0,Arrears,137
1939,188,2026-01-31T17:09:49.573179,0.0,Arrears,107
1940,188,2026-03-02T17:09:49.573179,0.0,Arrears,77
1941,188,2026-04-01T17:09:49.573179,0.0,Late,47
1942,188,2026-05-01T17:09:49.573179,5071.784637043256,On-time,17
1943,189,2025-04-26T17:09:49.573179,0.0,Arrears,387
1944,190,2024-06-14T17:09:49.573179,0.0,Arrears,703
1945,190,2024-07-14T17:09:49.573179,0.0,Arrears,673
1946,190,2024-08-13T17:09:49.573179,0.0,Arrears,643
1947,190,2024-09-12T17:09:49.573179,0.0,Arrears,613
1948,190,2024-10-12T17:09:49.573179,0.0,Arrears,583
1949,190,2024-11-11T17:09:49.573179,0.0,Arrears,553
1950,190,2024-12-11T17:09:49.573179,0.0,Arrears,523
1951,190,2025-01-10T17:09:49.573179,0.0,Arrears,493
1952,190,2025-02-09T17:09:49.573179,0.0,Arrears,463
1953,190,2025-03-11T17:09:49.573179,0.0,Arrears,433
1954,190,2025-04-10T17:09:49.573179,0.0,Arrears,403
1955,190,2025-05-10T17:09:49.573179,0.0,Arrears,373
1956,190,2025-06-09T17:09:49.573179,0.0,Arrears,343
1957,190,2025-07-09T17:09:49.573179,0.0,Arrears,313
1958,190,2025-08-08T17:09:49.573179,0.0,Arrears,283
1959,190,2025-09-07T17:09:49.573179,0.0,Arrears,253
1960,190,2025-10-07T17:09:49.573179,0.0,Arrears,223
1961,190,2025-11-06T17:09:49.573179,0.0,Arrears,193
1962,190,2025-12-06T17:09:49.573179,0.0,Arrears,163
1963,190,2026-01-05T17:09:49.573179,0.0,Arrears,133
1964,190,2026-02-04T17:09:49.573179,0.0,Arrears,103
1965,190,2026-03-06T17:09:49.573179,0.0,Arrears,73
1966,190,2026-04-05T17:09:49.573179,0.0,Late,43
1967,190,2026-05-05T17:09:49.573179,9426.545683982678,On-time,13
1968,191,2026-01-10T17:09:49.573179,0.0,Arrears,128
1969,191,2026-02-09T17:09:49.573179,0.0,Arrears,98
1970,191,2026-03-11T17:09:49.573179,0.0,Arrears,68
1971,191,2026-04-10T17:09:49.573179,0.0,Late,38
1972,191,2026-05-10T17:09:49.573179,68644.85408537478,On-time,8
1973,192,2025-11-09T17:09:49.578707,0.0,Arrears,190
1974,192,2025-12-09T17:09:49.578707,0.0,Arrears,160
1975,192,2026-01-08T17:09:49.578707,0.0,Arrears,130
1976,192,2026-02-07T17:09:49.578707,0.0,Arrears,100
1977,192,2026-03-09T17:09:49.578707,0.0,Arrears,70
1978,192,2026-04-08T17:09:49.578707,0.0,Late,40
1979,192,2026-05-08T17:09:49.578707,6228.128656587685,On-time,10
1980,193,2025-09-12T17:09:49.578707,0.0,Arrears,248
1981,193,2025-10-12T17:09:49.578707,0.0,Arrears,218
1982,193,2025-11-11T17:09:49.578707,0.0,Arrears,188
1983,193,2025-12-11T17:09:49.578707,0.0,Arrears,158
1984,193,2026-01-10T17:09:49.578707,0.0,Arrears,128
1985,193,2026-02-09T17:09:49.578707,0.0,Arrears,98
1986,193,2026-03-11T17:09:49.578707,0.0,Arrears,68
1987,193,2026-04-10T17:09:49.578707,0.0,Late,38
1988,193,2026-05-10T17:09:49.578707,39109.13700176789,On-time,8
1989,194,2024-12-12T17:09:49.578707,0.0,Arrears,522
1990,194,2025-01-11T17:09:49.578707,0.0,Arrears,492
1991,194,2025-02-10T17:09:49.578707,0.0,Arrears,462
1992,194,2025-03-12T17:09:49.578707,0.0,Arrears,432
1993,194,2025-04-11T17:09:49.578707,0.0,Arrears,402
1994,194,2025-05-11T17:09:49.578707,0.0,Arrears,372
1995,194,2025-06-10T17:09:49.578707,0.0,Arrears,342
1996,194,2025-07-10T17:09:49.578707,0.0,Arrears,312
1997,194,2025-08-09T17:09:49.578707,0.0,Arrears,282
1998,194,2025-09-08T17:09:49.578707,0.0,Arrears,252
1999,194,2025-10-08T17:09:49.578707,0.0,Arrears,222
2000,194,2025-11-07T17:09:49.578707,0.0,Arrears,192
2001,194,2025-12-07T17:09:49.578707,0.0,Arrears,162
2002,194,2026-01-06T17:09:49.578707,0.0,Arrears,132
2003,194,2026-02-05T17:09:49.578707,0.0,Arrears,102
2004,194,2026-03-07T17:09:49.578707,0.0,Arrears,72
2005,194,2026-04-06T17:09:49.578707,0.0,Late,42
2006,194,2026-05-06T17:09:49.578707,23236.06166066844,On-time,12
2007,195,2025-06-19T17:09:49.578707,0.0,Arrears,333
2008,195,2025-07-19T17:09:49.578707,0.0,Arrears,303
2009,195,2025-08-18T17:09:49.578707,0.0,Arrears,273
2010,195,2025-09-17T17:09:49.578707,0.0,Arrears,243
2011,195,2025-10-17T17:09:49.578707,0.0,Arrears,213
2012,195,2025-11-16T17:09:49.578707,0.0,Arrears,183
2013,195,2025-12-16T17:09:49.578707,0.0,Arrears,153
2014,196,2025-07-10T17:09:49.578707,0.0,Arrears,312
2015,196,2025-08-09T17:09:49.578707,0.0,Arrears,282
2016,196,2025-09-08T17:09:49.578707,0.0,Arrears,252
2017,196,2025-10-08T17:09:49.578707,0.0,Arrears,222
2018,196,2025-11-07T17:09:49.578707,0.0,Arrears,192
2019,197,2024-12-26T17:09:49.578707,0.0,Arrears,508
2020,197,2025-01-25T17:09:49.578707,0.0,Arrears,478
2021,197,2025-02-24T17:09:49.578707,0.0,Arrears,448
2022,197,2025-03-26T17:09:49.578707,0.0,Arrears,418
2023,197,2025-04-25T17:09:49.578707,0.0,Arrears,388
2024,197,2025-05-25T17:09:49.578707,0.0,Arrears,358
2025,197,2025-06-24T17:09:49.578707,0.0,Arrears,328
2026,197,2025-07-24T17:09:49.578707,0.0,Arrears,298
2027,197,2025-08-23T17:09:49.578707,0.0,Arrears,268
2028,197,2025-09-22T17:09:49.578707,0.0,Arrears,238
2029,197,2025-10-22T17:09:49.578707,0.0,Arrears,208
2030,197,2025-11-21T17:09:49.578707,0.0,Arrears,178
2031,197,2025-12-21T17:09:49.578707,0.0,Arrears,148
2032,197,2026-01-20T17:09:49.578707,0.0,Arrears,118
2033,197,2026-02-19T17:09:49.578707,0.0,Arrears,88
2034,197,2026-03-21T17:09:49.578707,0.0,Late,58
2035,197,2026-04-20T17:09:49.578707,1613.865539948294,On-time,28
2036,198,2024-10-10T17:09:49.578707,0.0,Arrears,585
2037,198,2024-11-09T17:09:49.578707,0.0,Arrears,555
2038,199,2025-08-02T17:09:49.578707,0.0,Arrears,289
2039,199,2025-09-01T17:09:49.578707,0.0,Arrears,259
2040,199,2025-10-01T17:09:49.578707,0.0,Arrears,229
2041,199,2025-10-31T17:09:49.578707,0.0,Arrears,199
2042,199,2025-11-30T17:09:49.578707,0.0,Arrears,169
2043,199,2025-12-30T17:09:49.578707,0.0,Arrears,139
2044,199,2026-01-29T17:09:49.578707,0.0,Arrears,109
2045,199,2026-02-28T17:09:49.578707,0.0,Arrears,79
2046,199,2026-03-30T17:09:49.578707,0.0,Late,49
2047,199,2026-04-29T17:09:49.578707,27509.244121710788,On-time,19
2048,200,2024-11-03T17:09:49.578707,0.0,Arrears,561
2049,200,2024-12-03T17:09:49.578707,0.0,Arrears,531
2050,200,2025-01-02T17:09:49.578707,0.0,Arrears,501
2051,200,2025-02-01T17:09:49.578707,0.0,Arrears,471
2052,201,2025-01-25T17:09:49.578707,0.0,Arrears,478
2053,201,2025-02-24T17:09:49.578707,0.0,Arrears,448
2054,201,2025-03-26T17:09:49.578707,0.0,Arrears,418
2055,201,2025-04-25T17:09:49.578707,0.0,Arrears,388
2056,201,2025-05-25T17:09:49.578707,0.0,Arrears,358
2057,201,2025-06-24T17:09:49.578707,0.0,Arrears,328
2058,201,2025-07-24T17:09:49.578707,0.0,Arrears,298
2059,201,2025-08-23T17:09:49.578707,0.0,Arrears,268
2060,201,2025-09-22T17:09:49.578707,0.0,Arrears,238
2061,202,2024-10-25T17:09:49.578707,0.0,Arrears,570
2062,202,2024-11-24T17:09:49.578707,0.0,Arrears,540
2063,202,2024-12-24T17:09:49.578707,0.0,Arrears,510
2064,202,2025-01-23T17:09:49.578707,0.0,Arrears,480
2065,202,2025-02-22T17:09:49.578707,0.0,Arrears,450
2066,202,2025-03-24T17:09:49.578707,0.0,Arrears,420
2067,202,2025-04-23T17:09:49.578707,0.0,Arrears,390
2068,202,2025-05-23T17:09:49.578707,0.0,Arrears,360
2069,202,2025-06-22T17:09:49.578707,0.0,Arrears,330
2070,202,2025-07-22T17:09:49.578707,0.0,Arrears,300
2071,202,2025-08-21T17:09:49.578707,0.0,Arrears,270
2072,202,2025-09-20T17:09:49.578707,0.0,Arrears,240
2073,202,2025-10-20T17:09:49.578707,0.0,Arrears,210
2074,202,2025-11-19T17:09:49.578707,0.0,Arrears,180
2075,202,2025-12-19T17:09:49.578707,0.0,Arrears,150
2076,202,2026-01-18T17:09:49.578707,0.0,Arrears,120
2077,202,2026-02-17T17:09:49.578707,0.0,Arrears,90
2078,202,2026-03-19T17:09:49.578707,0.0,Arrears,60
2079,202,2026-04-18T17:09:49.578707,0.0,Late,30
2080,202,2026-05-18T17:09:49.578707,4300.023797808364,On-time,0
2081,203,2025-01-16T17:09:49.578707,0.0,Arrears,487
2082,203,2025-02-15T17:09:49.578707,0.0,Arrears,457
2083,203,2025-03-17T17:09:49.578707,0.0,Arrears,427
2084,203,2025-04-16T17:09:49.578707,0.0,Arrears,397
2085,203,2025-05-16T17:09:49.578707,0.0,Arrears,367
2086,203,2025-06-15T17:09:49.578707,0.0,Arrears,337
2087,203,2025-07-15T17:09:49.578707,0.0,Arrears,307
2088,203,2025-08-14T17:09:49.578707,0.0,Arrears,277
2089,203,2025-09-13T17:09:49.578707,0.0,Arrears,247
2090,203,2025-10-13T17:09:49.578707,0.0,Arrears,217
2091,203,2025-11-12T17:09:49.578707,0.0,Arrears,187
2092,203,2025-12-12T17:09:49.578707,0.0,Arrears,157
2093,203,2026-01-11T17:09:49.578707,0.0,Arrears,127
2094,203,2026-02-10T17:09:49.578707,0.0,Arrears,97
2095,203,2026-03-12T17:09:49.578707,0.0,Arrears,67
2096,203,2026-04-11T17:09:49.578707,0.0,Late,37
2097,203,2026-05-11T17:09:49.578707,9794.029037480243,On-time,7
2098,204,2026-02-09T17:09:49.578707,0.0,Arrears,98
2099,204,2026-03-11T17:09:49.578707,0.0,Arrears,68
2100,204,2026-04-10T17:09:49.578707,0.0,Late,38
2101,204,2026-05-10T17:09:49.578707,5192.306904319311,On-time,8
2102,205,2025-08-07T17:09:49.578707,0.0,Arrears,284
2103,205,2025-09-06T17:09:49.578707,0.0,Arrears,254
2104,205,2025-10-06T17:09:49.578707,0.0,Arrears,224
2105,205,2025-11-05T17:09:49.578707,0.0,Arrears,194
2106,205,2025-12-05T17:09:49.578707,0.0,Arrears,164
2107,205,2026-01-04T17:09:49.578707,0.0,Arrears,134
2108,205,2026-02-03T17:09:49.578707,0.0,Arrears,104
2109,205,2026-03-05T17:09:49.578707,0.0,Arrears,74
2110,205,2026-04-04T17:09:49.578707,0.0,Late,44
2111,205,2026-05-04T17:09:49.578707,18618.314974569643,On-time,14
2112,206,2025-11-25T17:09:49.578707,0.0,Arrears,174
2113,206,2025-12-25T17:09:49.578707,0.0,Arrears,144
2114,206,2026-01-24T17:09:49.578707,0.0,Arrears,114
2115,206,2026-02-23T17:09:49.578707,0.0,Arrears,84
2116,206,2026-03-25T17:09:49.578707,0.0,Late,54
2117,206,2026-04-24T17:09:49.578707,37701.904173422554,On-time,24
2118,207,2024-12-21T17:09:49.578707,0.0,Arrears,513
2119,207,2025-01-20T17:09:49.578707,0.0,Arrears,483
2120,207,2025-02-19T17:09:49.578707,0.0,Arrears,453
2121,207,2025-03-21T17:09:49.578707,0.0,Arrears,423
2122,207,2025-04-20T17:09:49.578707,0.0,Arrears,393
2123,207,2025-05-20T17:09:49.578707,0.0,Arrears,363
2124,207,2025-06-19T17:09:49.578707,0.0,Arrears,333
2125,207,2025-07-19T17:09:49.578707,0.0,Arrears,303
2126,207,2025-08-18T17:09:49.578707,0.0,Arrears,273
2127,207,2025-09-17T17:09:49.578707,0.0,Arrears,243
2128,207,2025-10-17T17:09:49.578707,0.0,Arrears,213
2129,207,2025-11-16T17:09:49.578707,0.0,Arrears,183
2130,207,2025-12-16T17:09:49.578707,0.0,Arrears,153
2131,207,2026-01-15T17:09:49.578707,0.0,Arrears,123
2132,207,2026-02-14T17:09:49.578707,0.0,Arrears,93
2133,207,2026-03-16T17:09:49.578707,0.0,Arrears,63
2134,207,2026-04-15T17:09:49.578707,0.0,Late,33
2135,207,2026-05-15T17:09:49.578707,12250.816732437594,On-time,3
2136,208,2024-05-30T17:09:49.578707,0.0,Arrears,718
2137,208,2024-06-29T17:09:49.578707,0.0,Arrears,688
2138,208,2024-07-29T17:09:49.578707,0.0,Arrears,658
2139,208,2024-08-28T17:09:49.578707,0.0,Arrears,628
2140,208,2024-09-27T17:09:49.578707,0.0,Arrears,598
2141,208,2024-10-27T17:09:49.578707,0.0,Arrears,568
2142,208,2024-11-26T17:09:49.578707,0.0,Arrears,538
2143,208,2024-12-26T17:09:49.578707,0.0,Arrears,508
2144,208,2025-01-25T17:09:49.578707,0.0,Arrears,478
2145,208,2025-02-24T17:09:49.578707,0.0,Arrears,448
2146,208,2025-03-26T17:09:49.578707,0.0,Arrears,418
2147,208,2025-04-25T17:09:49.578707,0.0,Arrears,388
2148,208,2025-05-25T17:09:49.578707,0.0,Arrears,358
2149,208,2025-06-24T17:09:49.578707,0.0,Arrears,328
2150,209,2024-06-27T17:09:49.578707,0.0,Arrears,690
2151,209,2024-07-27T17:09:49.578707,0.0,Arrears,660
2152,209,2024-08-26T17:09:49.578707,0.0,Arrears,630
2153,209,2024-09-25T17:09:49.578707,0.0,Arrears,600
2154,209,2024-10-25T17:09:49.578707,0.0,Arrears,570
2155,209,2024-11-24T17:09:49.578707,0.0,Arrears,540
2156,209,2024-12-24T17:09:49.578707,0.0,Arrears,510
2157,209,2025-01-23T17:09:49.578707,0.0,Arrears,480
2158,209,2025-02-22T17:09:49.578707,0.0,Arrears,450
2159,209,2025-03-24T17:09:49.578707,0.0,Arrears,420
2160,209,2025-04-23T17:09:49.578707,0.0,Arrears,390
2161,209,2025-05-23T17:09:49.578707,0.0,Arrears,360
2162,209,2025-06-22T17:09:49.578707,0.0,Arrears,330
2163,209,2025-07-22T17:09:49.578707,0.0,Arrears,300
2164,209,2025-08-21T17:09:49.578707,0.0,Arrears,270
2165,209,2025-09-20T17:09:49.578707,0.0,Arrears,240
2166,209,2025-10-20T17:09:49.578707,0.0,Arrears,210
2167,209,2025-11-19T17:09:49.578707,0.0,Arrears,180
2168,209,2025-12-19T17:09:49.578707,0.0,Arrears,150
2169,209,2026-01-18T17:09:49.578707,0.0,Arrears,120
2170,209,2026-02-17T17:09:49.578707,0.0,Arrears,90
2171,209,2026-03-19T17:09:49.578707,0.0,Arrears,60
2172,209,2026-04-18T17:09:49.578707,0.0,Late,30
2173,209,2026-05-18T17:09:49.578707,13322.46172080947,On-time,0
2174,210,2025-10-29T17:09:49.578707,0.0,Arrears,201
2175,210,2025-11-28T17:09:49.578707,0.0,Arrears,171
2176,210,2025-12-28T17:09:49.578707,0.0,Arrears,141
2177,210,2026-01-27T17:09:49.578707,0.0,Arrears,111
2178,210,2026-02-26T17:09:49.578707,0.0,Arrears,81
2179,210,2026-03-28T17:09:49.578707,0.0,Late,51
2180,210,2026-04-27T17:09:49.578707,7354.332786558672,On-time,21
2181,211,2024-06-10T17:09:49.578707,0.0,Arrears,707
2182,211,2024-07-10T17:09:49.578707,0.0,Arrears,677
2183,211,2024-08-09T17:09:49.578707,0.0,Arrears,647
2184,211,2024-09-08T17:09:49.578707,0.0,Arrears,617
2185,211,2024-10-08T17:09:49.578707,0.0,Arrears,587
2186,211,2024-11-07T17:09:49.578707,0.0,Arrears,557
2187,211,2024-12-07T17:09:49.578707,0.0,Arrears,527
2188,211,2025-01-06T17:09:49.578707,0.0,Arrears,497
2189,211,2025-02-05T17:09:49.578707,0.0,Arrears,467
2190,211,2025-03-07T17:09:49.578707,0.0,Arrears,437
2191,211,2025-04-06T17:09:49.578707,0.0,Arrears,407
2192,211,2025-05-06T17:09:49.578707,0.0,Arrears,377
2193,211,2025-06-05T17:09:49.578707,0.0,Arrears,347
2194,211,2025-07-05T17:09:49.578707,0.0,Arrears,317
2195,211,2025-08-04T17:09:49.578707,0.0,Arrears,287
2196,211,2025-09-03T17:09:49.578707,0.0,Arrears,257
2197,211,2025-10-03T17:09:49.578707,0.0,Arrears,227
2198,211,2025-11-02T17:09:49.578707,0.0,Arrears,197
2199,211,2025-12-02T17:09:49.578707,0.0,Arrears,167
2200,211,2026-01-01T17:09:49.578707,0.0,Arrears,137
2201,211,2026-01-31T17:09:49.578707,0.0,Arrears,107
2202,211,2026-03-02T17:09:49.578707,0.0,Arrears,77
2203,211,2026-04-01T17:09:49.578707,0.0,Late,47
2204,211,2026-05-01T17:09:49.578707,15109.930308098537,On-time,17
2205,212,2024-11-08T17:09:49.578707,0.0,Arrears,556
2206,212,2024-12-08T17:09:49.578707,0.0,Arrears,526
2207,212,2025-01-07T17:09:49.578707,0.0,Arrears,496
2208,212,2025-02-06T17:09:49.578707,0.0,Arrears,466
2209,212,2025-03-08T17:09:49.578707,0.0,Arrears,436
2210,212,2025-04-07T17:09:49.578707,0.0,Arrears,406
2211,212,2025-05-07T17:09:49.578707,0.0,Arrears,376
2212,212,2025-06-06T17:09:49.578707,0.0,Arrears,346
2213,213,2024-06-27T17:09:49.578707,0.0,Arrears,690
2214,213,2024-07-27T17:09:49.578707,0.0,Arrears,660
2215,213,2024-08-26T17:09:49.578707,0.0,Arrears,630
2216,213,2024-09-25T17:09:49.578707,0.0,Arrears,600
2217,213,2024-10-25T17:09:49.578707,0.0,Arrears,570
2218,213,2024-11-24T17:09:49.578707,0.0,Arrears,540
2219,213,2024-12-24T17:09:49.578707,0.0,Arrears,510
2220,213,2025-01-23T17:09:49.578707,0.0,Arrears,480
2221,213,2025-02-22T17:09:49.578707,0.0,Arrears,450
2222,214,2026-03-12T17:09:49.594846,0.0,Arrears,67
2223,214,2026-04-11T17:09:49.594846,0.0,Late,37
2224,214,2026-05-11T17:09:49.594846,51526.332221018056,On-time,7
2225,215,2025-06-01T17:09:49.594846,0.0,Arrears,351
2226,215,2025-07-01T17:09:49.594846,0.0,Arrears,321
2227,215,2025-07-31T17:09:49.594846,0.0,Arrears,291
2228,215,2025-08-30T17:09:49.594846,0.0,Arrears,261
2229,215,2025-09-29T17:09:49.594846,0.0,Arrears,231
2230,215,2025-10-29T17:09:49.594846,0.0,Arrears,201
2231,215,2025-11-28T17:09:49.594846,0.0,Arrears,171
2232,215,2025-12-28T17:09:49.594846,0.0,Arrears,141
2233,215,2026-01-27T17:09:49.594846,0.0,Arrears,111
2234,215,2026-02-26T17:09:49.594846,0.0,Arrears,81
2235,215,2026-03-28T17:09:49.594846,0.0,Late,51
2236,215,2026-04-27T17:09:49.594846,3729.615273633817,On-time,21
2237,216,2025-08-26T17:09:49.594846,0.0,Arrears,265
2238,216,2025-09-25T17:09:49.594846,0.0,Arrears,235
2239,216,2025-10-25T17:09:49.594846,0.0,Arrears,205
2240,216,2025-11-24T17:09:49.594846,0.0,Arrears,175
2241,216,2025-12-24T17:09:49.594846,0.0,Arrears,145
2242,216,2026-01-23T17:09:49.594846,0.0,Arrears,115
2243,216,2026-02-22T17:09:49.594846,0.0,Arrears,85
2244,216,2026-03-24T17:09:49.594846,0.0,Late,55
2245,216,2026-04-23T17:09:49.594846,9324.909124321384,On-time,25
2246,217,2024-07-29T17:09:49.594846,0.0,Arrears,658
2247,217,2024-08-28T17:09:49.594846,0.0,Arrears,628
2248,217,2024-09-27T17:09:49.594846,0.0,Arrears,598
2249,217,2024-10-27T17:09:49.594846,0.0,Arrears,568
2250,217,2024-11-26T17:09:49.594846,0.0,Arrears,538
2251,217,2024-12-26T17:09:49.594846,0.0,Arrears,508
2252,217,2025-01-25T17:09:49.594846,0.0,Arrears,478
2253,217,2025-02-24T17:09:49.594846,0.0,Arrears,448
2254,217,2025-03-26T17:09:49.594846,0.0,Arrears,418
2255,217,2025-04-25T17:09:49.594846,0.0,Arrears,388
2256,217,2025-05-25T17:09:49.594846,0.0,Arrears,358
2257,217,2025-06-24T17:09:49.594846,0.0,Arrears,328
2258,217,2025-07-24T17:09:49.594846,0.0,Arrears,298
2259,217,2025-08-23T17:09:49.594846,0.0,Arrears,268
2260,217,2025-09-22T17:09:49.594846,0.0,Arrears,238
2261,217,2025-10-22T17:09:49.594846,0.0,Arrears,208
2262,217,2025-11-21T17:09:49.594846,0.0,Arrears,178
2263,217,2025-12-21T17:09:49.594846,0.0,Arrears,148
2264,217,2026-01-20T17:09:49.594846,0.0,Arrears,118
2265,217,2026-02-19T17:09:49.594846,0.0,Arrears,88
2266,217,2026-03-21T17:09:49.594846,0.0,Late,58
2267,217,2026-04-20T17:09:49.594846,14962.019207905762,On-time,28
2268,218,2026-03-27T17:09:49.594846,0.0,Late,52
2269,218,2026-04-26T17:09:49.594846,23959.28096704251,On-time,22
2270,219,2024-11-17T17:09:49.594846,0.0,Arrears,547
2271,219,2024-12-17T17:09:49.594846,0.0,Arrears,517
2272,219,2025-01-16T17:09:49.594846,0.0,Arrears,487
2273,219,2025-02-15T17:09:49.594846,0.0,Arrears,457
2274,219,2025-03-17T17:09:49.594846,0.0,Arrears,427
2275,219,2025-04-16T17:09:49.594846,0.0,Arrears,397
2276,219,2025-05-16T17:09:49.594846,0.0,Arrears,367
2277,219,2025-06-15T17:09:49.594846,0.0,Arrears,337
2278,219,2025-07-15T17:09:49.594846,0.0,Arrears,307
2279,219,2025-08-14T17:09:49.594846,0.0,Arrears,277
2280,219,2025-09-13T17:09:49.594846,0.0,Arrears,247
2281,219,2025-10-13T17:09:49.594846,0.0,Arrears,217
2282,219,2025-11-12T17:09:49.594846,0.0,Arrears,187
2283,219,2025-12-12T17:09:49.594846,0.0,Arrears,157
2284,219,2026-01-11T17:09:49.594846,0.0,Arrears,127
2285,219,2026-02-10T17:09:49.594846,0.0,Arrears,97
2286,219,2026-03-12T17:09:49.594846,0.0,Arrears,67
2287,219,2026-04-11T17:09:49.594846,0.0,Late,37
2288,219,2026-05-11T17:09:49.594846,13710.662285137001,On-time,7
2289,220,2025-10-05T17:09:49.594846,0.0,Arrears,225
2290,220,2025-11-04T17:09:49.594846,0.0,Arrears,195
2291,220,2025-12-04T17:09:49.594846,0.0,Arrears,165
2292,220,2026-01-03T17:09:49.594846,0.0,Arrears,135
2293,220,2026-02-02T17:09:49.594846,0.0,Arrears,105
2294,220,2026-03-04T17:09:49.594846,0.0,Arrears,75
2295,220,2026-04-03T17:09:49.594846,0.0,Late,45
2296,221,2025-03-24T17:09:49.594846,0.0,Arrears,420
2297,221,2025-04-23T17:09:49.594846,0.0,Arrears,390
2298,221,2025-05-23T17:09:49.594846,0.0,Arrears,360
2299,221,2025-06-22T17:09:49.594846,0.0,Arrears,330
2300,221,2025-07-22T17:09:49.594846,0.0,Arrears,300
2301,221,2025-08-21T17:09:49.594846,0.0,Arrears,270
2302,221,2025-09-20T17:09:49.594846,0.0,Arrears,240
2303,221,2025-10-20T17:09:49.594846,0.0,Arrears,210
2304,221,2025-11-19T17:09:49.594846,0.0,Arrears,180
2305,221,2025-12-19T17:09:49.594846,0.0,Arrears,150
2306,221,2026-01-18T17:09:49.594846,0.0,Arrears,120
2307,221,2026-02-17T17:09:49.594846,0.0,Arrears,90
2308,221,2026-03-19T17:09:49.594846,0.0,Arrears,60
2309,222,2026-02-15T17:09:49.600484,0.0,Arrears,92
2310,222,2026-03-17T17:09:49.600484,0.0,Arrears,62
2311,223,2025-12-18T17:09:49.600484,0.0,Arrears,151
2312,223,2026-01-17T17:09:49.600484,0.0,Arrears,121
2313,223,2026-02-16T17:09:49.600484,0.0,Arrears,91
2314,223,2026-03-18T17:09:49.600484,0.0,Arrears,61
2315,223,2026-04-17T17:09:49.600484,0.0,Late,31
2316,223,2026-05-17T17:09:49.600484,13860.269865627397,On-time,1
2317,224,2025-04-19T17:09:49.600484,0.0,Arrears,394
2318,224,2025-05-19T17:09:49.600484,0.0,Arrears,364
2319,224,2025-06-18T17:09:49.600484,0.0,Arrears,334
2320,224,2025-07-18T17:09:49.600484,0.0,Arrears,304
2321,224,2025-08-17T17:09:49.600484,0.0,Arrears,274
2322,224,2025-09-16T17:09:49.600484,0.0,Arrears,244
2323,224,2025-10-16T17:09:49.600484,0.0,Arrears,214
2324,224,2025-11-15T17:09:49.600484,0.0,Arrears,184
2325,224,2025-12-15T17:09:49.600484,0.0,Arrears,154
2326,225,2024-07-14T17:09:49.600484,0.0,Arrears,673
2327,225,2024-08-13T17:09:49.600484,0.0,Arrears,643
2328,225,2024-09-12T17:09:49.600484,0.0,Arrears,613
2329,225,2024-10-12T17:09:49.600484,0.0,Arrears,583
2330,225,2024-11-11T17:09:49.600484,0.0,Arrears,553
2331,225,2024-12-11T17:09:49.600484,0.0,Arrears,523
2332,225,2025-01-10T17:09:49.600484,0.0,Arrears,493
2333,225,2025-02-09T17:09:49.600484,0.0,Arrears,463
2334,225,2025-03-11T17:09:49.600484,0.0,Arrears,433
2335,225,2025-04-10T17:09:49.600484,0.0,Arrears,403
2336,225,2025-05-10T17:09:49.600484,0.0,Arrears,373
2337,225,2025-06-09T17:09:49.600484,0.0,Arrears,343
2338,226,2026-04-07T17:09:49.603155,0.0,Late,41
2339,226,2026-05-07T17:09:49.603155,10423.347340417447,On-time,11
2340,227,2024-10-21T17:09:49.603155,0.0,Arrears,574
2341,227,2024-11-20T17:09:49.603155,0.0,Arrears,544
2342,227,2024-12-20T17:09:49.603155,0.0,Arrears,514
2343,227,2025-01-19T17:09:49.603155,0.0,Arrears,484
2344,227,2025-02-18T17:09:49.603155,0.0,Arrears,454
2345,227,2025-03-20T17:09:49.603155,0.0,Arrears,424
2346,227,2025-04-19T17:09:49.603155,0.0,Arrears,394
2347,227,2025-05-19T17:09:49.603155,0.0,Arrears,364
2348,227,2025-06-18T17:09:49.603155,0.0,Arrears,334
2349,227,2025-07-18T17:09:49.603155,0.0,Arrears,304
2350,227,2025-08-17T17:09:49.603155,0.0,Arrears,274
2351,227,2025-09-16T17:09:49.603155,0.0,Arrears,244
2352,227,2025-10-16T17:09:49.603155,0.0,Arrears,214
2353,227,2025-11-15T17:09:49.603155,0.0,Arrears,184
2354,227,2025-12-15T17:09:49.603155,0.0,Arrears,154
2355,227,2026-01-14T17:09:49.603155,0.0,Arrears,124
2356,228,2024-12-15T17:09:49.603155,0.0,Arrears,519
2357,228,2025-01-14T17:09:49.603155,0.0,Arrears,489
2358,229,2025-02-26T17:09:49.603155,0.0,Arrears,446
2359,229,2025-03-28T17:09:49.603155,0.0,Arrears,416
2360,229,2025-04-27T17:09:49.603155,0.0,Arrears,386
2361,229,2025-05-27T17:09:49.603155,0.0,Arrears,356
2362,229,2025-06-26T17:09:49.603155,0.0,Arrears,326
2363,229,2025-07-26T17:09:49.603155,0.0,Arrears,296
2364,230,2025-07-20T17:09:49.603155,0.0,Arrears,302
2365,230,2025-08-19T17:09:49.603155,0.0,Arrears,272
2366,230,2025-09-18T17:09:49.603155,0.0,Arrears,242
2367,230,2025-10-18T17:09:49.603155,0.0,Arrears,212
2368,230,2025-11-17T17:09:49.603155,0.0,Arrears,182
2369,230,2025-12-17T17:09:49.603155,0.0,Arrears,152
2370,230,2026-01-16T17:09:49.603155,0.0,Arrears,122
2371,230,2026-02-15T17:09:49.603155,0.0,Arrears,92
2372,230,2026-03-17T17:09:49.603155,0.0,Arrears,62
2373,230,2026-04-16T17:09:49.603155,0.0,Late,32
2374,230,2026-05-16T17:09:49.603155,20171.522427338827,On-time,2
2375,231,2024-08-13T17:09:49.603155,0.0,Arrears,643
2376,231,2024-09-12T17:09:49.603155,0.0,Arrears,613
2377,231,2024-10-12T17:09:49.603155,0.0,Arrears,583
2378,231,2024-11-11T17:09:49.603155,0.0,Arrears,553
2379,231,2024-12-11T17:09:49.603155,0.0,Arrears,523
2380,231,2025-01-10T17:09:49.603155,0.0,Arrears,493
2381,231,2025-02-09T17:09:49.603155,0.0,Arrears,463
2382,231,2025-03-11T17:09:49.603155,0.0,Arrears,433
2383,231,2025-04-10T17:09:49.603155,0.0,Arrears,403
2384,231,2025-05-10T17:09:49.603155,0.0,Arrears,373
2385,231,2025-06-09T17:09:49.603155,0.0,Arrears,343
2386,231,2025-07-09T17:09:49.603155,0.0,Arrears,313
2387,231,2025-08-08T17:09:49.603155,0.0,Arrears,283
2388,231,2025-09-07T17:09:49.603155,0.0,Arrears,253
2389,231,2025-10-07T17:09:49.603155,0.0,Arrears,223
2390,231,2025-11-06T17:09:49.603155,0.0,Arrears,193
2391,232,2025-07-07T17:09:49.603155,0.0,Arrears,315
2392,232,2025-08-06T17:09:49.603155,0.0,Arrears,285
2393,232,2025-09-05T17:09:49.603155,0.0,Arrears,255
2394,232,2025-10-05T17:09:49.603155,0.0,Arrears,225
2395,232,2025-11-04T17:09:49.603155,0.0,Arrears,195
2396,232,2025-12-04T17:09:49.603155,0.0,Arrears,165
2397,232,2026-01-03T17:09:49.603155,0.0,Arrears,135
2398,233,2024-09-15T17:09:49.603155,0.0,Arrears,610
2399,233,2024-10-15T17:09:49.603155,0.0,Arrears,580
2400,233,2024-11-14T17:09:49.603155,0.0,Arrears,550
2401,233,2024-12-14T17:09:49.603155,0.0,Arrears,520
2402,233,2025-01-13T17:09:49.603155,0.0,Arrears,490
2403,233,2025-02-12T17:09:49.603155,0.0,Arrears,460
2404,233,2025-03-14T17:09:49.603155,0.0,Arrears,430
2405,233,2025-04-13T17:09:49.603155,0.0,Arrears,400
2406,233,2025-05-13T17:09:49.603155,0.0,Arrears,370
2407,233,2025-06-12T17:09:49.603155,0.0,Arrears,340
2408,233,2025-07-12T17:09:49.603155,0.0,Arrears,310
2409,233,2025-08-11T17:09:49.603155,0.0,Arrears,280
2410,233,2025-09-10T17:09:49.603155,0.0,Arrears,250
2411,233,2025-10-10T17:09:49.603155,0.0,Arrears,220
2412,233,2025-11-09T17:09:49.603155,0.0,Arrears,190
2413,233,2025-12-09T17:09:49.603155,0.0,Arrears,160
2414,233,2026-01-08T17:09:49.603155,0.0,Arrears,130
2415,233,2026-02-07T17:09:49.603155,0.0,Arrears,100
2416,233,2026-03-09T17:09:49.603155,0.0,Arrears,70
2417,233,2026-04-08T17:09:49.603155,0.0,Late,40
2418,233,2026-05-08T17:09:49.603155,2018.1363557498562,On-time,10
2419,234,2024-11-15T17:09:49.603155,0.0,Arrears,549
2420,234,2024-12-15T17:09:49.603155,0.0,Arrears,519
2421,234,2025-01-14T17:09:49.603155,0.0,Arrears,489
2422,234,2025-02-13T17:09:49.603155,0.0,Arrears,459
2423,234,2025-03-15T17:09:49.603155,0.0,Arrears,429
2424,234,2025-04-14T17:09:49.603155,0.0,Arrears,399
2425,234,2025-05-14T17:09:49.603155,0.0,Arrears,369
2426,234,2025-06-13T17:09:49.603155,0.0,Arrears,339
2427,234,2025-07-13T17:09:49.603155,0.0,Arrears,309
2428,234,2025-08-12T17:09:49.603155,0.0,Arrears,279
2429,234,2025-09-11T17:09:49.603155,0.0,Arrears,249
2430,234,2025-10-11T17:09:49.603155,0.0,Arrears,219
2431,234,2025-11-10T17:09:49.603155,0.0,Arrears,189
2432,234,2025-12-10T17:09:49.603155,0.0,Arrears,159
2433,234,2026-01-09T17:09:49.603155,0.0,Arrears,129
2434,234,2026-02-08T17:09:49.603155,0.0,Arrears,99
2435,234,2026-03-10T17:09:49.603155,0.0,Arrears,69
2436,234,2026-04-09T17:09:49.603155,0.0,Late,39
2437,234,2026-05-09T17:09:49.603155,14425.662250892217,On-time,9
2438,235,2024-06-05T17:09:49.603155,0.0,Arrears,712
2439,235,2024-07-05T17:09:49.603155,0.0,Arrears,682
2440,235,2024-08-04T17:09:49.603155,0.0,Arrears,652
2441,235,2024-09-03T17:09:49.603155,0.0,Arrears,622
2442,235,2024-10-03T17:09:49.603155,0.0,Arrears,592
2443,235,2024-11-02T17:09:49.603155,0.0,Arrears,562
2444,235,2024-12-02T17:09:49.603155,0.0,Arrears,532
2445,235,2025-01-01T17:09:49.603155,0.0,Arrears,502
2446,236,2026-02-22T17:09:49.603155,0.0,Arrears,85
2447,236,2026-03-24T17:09:49.603155,0.0,Late,55
2448,236,2026-04-23T17:09:49.603155,42309.82928860945,On-time,25
2449,237,2025-05-17T17:09:49.603155,0.0,Arrears,366
2450,237,2025-06-16T17:09:49.603155,0.0,Arrears,336
2451,237,2025-07-16T17:09:49.603155,0.0,Arrears,306
2452,237,2025-08-15T17:09:49.603155,0.0,Arrears,276
2453,237,2025-09-14T17:09:49.603155,0.0,Arrears,246
2454,237,2025-10-14T17:09:49.603155,0.0,Arrears,216
2455,237,2025-11-13T17:09:49.603155,0.0,Arrears,186
2456,237,2025-12-13T17:09:49.603155,0.0,Arrears,156
2457,237,2026-01-12T17:09:49.603155,0.0,Arrears,126
2458,237,2026-02-11T17:09:49.603155,0.0,Arrears,96
2459,237,2026-03-13T17:09:49.603155,0.0,Arrears,66
2460,237,2026-04-12T17:09:49.603155,0.0,Late,36
2461,237,2026-05-12T17:09:49.603155,8965.559434864233,On-time,6
2462,238,2026-03-02T17:09:49.603155,0.0,Arrears,77
2463,238,2026-04-01T17:09:49.603155,0.0,Late,47
2464,238,2026-05-01T17:09:49.603155,2548.346362318108,On-time,17
2465,239,2025-12-22T17:09:49.611274,0.0,Arrears,147
2466,239,2026-01-21T17:09:49.611274,0.0,Arrears,117
2467,239,2026-02-20T17:09:49.611274,0.0,Arrears,87
2468,239,2026-03-22T17:09:49.611274,0.0,Late,57
2469,239,2026-04-21T17:09:49.611274,37513.06179311637,On-time,27
2470,240,2025-12-29T17:09:49.611274,0.0,Arrears,140
2471,240,2026-01-28T17:09:49.611274,0.0,Arrears,110
2472,240,2026-02-27T17:09:49.611274,0.0,Arrears,80
2473,240,2026-03-29T17:09:49.611274,0.0,Late,50
2474,240,2026-04-28T17:09:49.611274,17037.11411929677,On-time,20
2475,241,2025-11-02T17:09:49.613285,0.0,Arrears,197
2476,241,2025-12-02T17:09:49.613285,0.0,Arrears,167
2477,241,2026-01-01T17:09:49.613285,0.0,Arrears,137
2478,241,2026-01-31T17:09:49.613285,0.0,Arrears,107
2479,241,2026-03-02T17:09:49.613285,0.0,Arrears,77
2480,241,2026-04-01T17:09:49.613285,0.0,Late,47
2481,241,2026-05-01T17:09:49.613285,9753.483974051154,On-time,17
2482,242,2024-09-27T17:09:49.613285,0.0,Arrears,598
2483,242,2024-10-27T17:09:49.613285,0.0,Arrears,568
2484,242,2024-11-26T17:09:49.613285,0.0,Arrears,538
2485,242,2024-12-26T17:09:49.613285,0.0,Arrears,508
2486,242,2025-01-25T17:09:49.613285,0.0,Arrears,478
2487,242,2025-02-24T17:09:49.613285,0.0,Arrears,448
2488,242,2025-03-26T17:09:49.613285,0.0,Arrears,418
2489,242,2025-04-25T17:09:49.613285,0.0,Arrears,388
2490,242,2025-05-25T17:09:49.613285,0.0,Arrears,358
2491,242,2025-06-24T17:09:49.613285,0.0,Arrears,328
2492,242,2025-07-24T17:09:49.613285,0.0,Arrears,298
2493,242,2025-08-23T17:09:49.613285,0.0,Arrears,268
2494,242,2025-09-22T17:09:49.613285,0.0,Arrears,238
2495,242,2025-10-22T17:09:49.613285,0.0,Arrears,208
2496,242,2025-11-21T17:09:49.613285,0.0,Arrears,178
2497,243,2024-07-18T17:09:49.613285,0.0,Arrears,669
2498,243,2024-08-17T17:09:49.613285,0.0,Arrears,639
2499,244,2024-06-28T17:09:49.615297,0.0,Arrears,689
2500,244,2024-07-28T17:09:49.615297,0.0,Arrears,659
2501,244,2024-08-27T17:09:49.615297,0.0,Arrears,629
2502,244,2024-09-26T17:09:49.615297,0.0,Arrears,599
2503,244,2024-10-26T17:09:49.615297,0.0,Arrears,569
2504,244,2024-11-25T17:09:49.615297,0.0,Arrears,539
2505,245,2025-01-27T17:09:49.616884,0.0,Arrears,476
2506,245,2025-02-26T17:09:49.616884,0.0,Arrears,446
2507,245,2025-03-28T17:09:49.616884,0.0,Arrears,416
2508,245,2025-04-27T17:09:49.616884,0.0,Arrears,386
2509,245,2025-05-27T17:09:49.616884,0.0,Arrears,356
2510,245,2025-06-26T17:09:49.616884,0.0,Arrears,326
2511,245,2025-07-26T17:09:49.616884,0.0,Arrears,296
2512,245,2025-08-25T17:09:49.616884,0.0,Arrears,266
2513,245,2025-09-24T17:09:49.616884,0.0,Arrears,236
2514,245,2025-10-24T17:09:49.616884,0.0,Arrears,206
2515,245,2025-11-23T17:09:49.616884,0.0,Arrears,176
2516,245,2025-12-23T17:09:49.616884,0.0,Arrears,146
2517,246,2024-10-21T17:09:49.616884,0.0,Arrears,574
2518,246,2024-11-20T17:09:49.616884,0.0,Arrears,544
2519,246,2024-12-20T17:09:49.616884,0.0,Arrears,514
2520,246,2025-01-19T17:09:49.616884,0.0,Arrears,484
2521,246,2025-02-18T17:09:49.616884,0.0,Arrears,454
2522,246,2025-03-20T17:09:49.616884,0.0,Arrears,424
2523,246,2025-04-19T17:09:49.616884,0.0,Arrears,394
2524,246,2025-05-19T17:09:49.616884,0.0,Arrears,364
2525,246,2025-06-18T17:09:49.616884,0.0,Arrears,334
2526,246,2025-07-18T17:09:49.616884,0.0,Arrears,304
2527,246,2025-08-17T17:09:49.616884,0.0,Arrears,274
2528,246,2025-09-16T17:09:49.616884,0.0,Arrears,244
2529,246,2025-10-16T17:09:49.616884,0.0,Arrears,214
2530,247,2024-07-05T17:09:49.616884,0.0,Arrears,682
2531,247,2024-08-04T17:09:49.616884,0.0,Arrears,652
2532,247,2024-09-03T17:09:49.616884,0.0,Arrears,622
2533,247,2024-10-03T17:09:49.616884,0.0,Arrears,592
2534,247,2024-11-02T17:09:49.616884,0.0,Arrears,562
2535,247,2024-12-02T17:09:49.616884,0.0,Arrears,532
2536,247,2025-01-01T17:09:49.616884,0.0,Arrears,502
2537,247,2025-01-31T17:09:49.616884,0.0,Arrears,472
2538,247,2025-03-02T17:09:49.616884,0.0,Arrears,442
2539,247,2025-04-01T17:09:49.616884,0.0,Arrears,412
2540,247,2025-05-01T17:09:49.616884,0.0,Arrears,382
2541,247,2025-05-31T17:09:49.616884,0.0,Arrears,352
2542,247,2025-06-30T17:09:49.616884,0.0,Arrears,322
2543,247,2025-07-30T17:09:49.616884,0.0,Arrears,292
2544,247,2025-08-29T17:09:49.616884,0.0,Arrears,262
2545,247,2025-09-28T17:09:49.616884,0.0,Arrears,232
2546,247,2025-10-28T17:09:49.616884,0.0,Arrears,202
2547,247,2025-11-27T17:09:49.616884,0.0,Arrears,172
2548,247,2025-12-27T17:09:49.616884,0.0,Arrears,142
2549,247,2026-01-26T17:09:49.616884,0.0,Arrears,112
2550,247,2026-02-25T17:09:49.616884,0.0,Arrears,82
2551,247,2026-03-27T17:09:49.616884,0.0,Late,52
2552,248,2025-09-09T17:09:49.616884,0.0,Arrears,251
2553,248,2025-10-09T17:09:49.616884,0.0,Arrears,221
2554,248,2025-11-08T17:09:49.616884,0.0,Arrears,191
2555,248,2025-12-08T17:09:49.616884,0.0,Arrears,161
2556,248,2026-01-07T17:09:49.616884,0.0,Arrears,131
2557,248,2026-02-06T17:09:49.616884,0.0,Arrears,101
2558,248,2026-03-08T17:09:49.616884,0.0,Arrears,71
2559,248,2026-04-07T17:09:49.616884,0.0,Late,41
2560,248,2026-05-07T17:09:49.616884,22230.848990077055,On-time,11
2561,249,2025-07-14T17:09:49.619498,0.0,Arrears,308
2562,249,2025-08-13T17:09:49.619498,0.0,Arrears,278
2563,249,2025-09-12T17:09:49.619498,0.0,Arrears,248
2564,249,2025-10-12T17:09:49.619498,0.0,Arrears,218
2565,249,2025-11-11T17:09:49.619498,0.0,Arrears,188
2566,249,2025-12-11T17:09:49.619498,0.0,Arrears,158
2567,249,2026-01-10T17:09:49.619498,0.0,Arrears,128
2568,249,2026-02-09T17:09:49.619498,0.0,Arrears,98
2569,249,2026-03-11T17:09:49.619498,0.0,Arrears,68
2570,249,2026-04-10T17:09:49.619498,0.0,Late,38
2571,249,2026-05-10T17:09:49.619498,4272.266124340304,On-time,8
2572,250,2024-10-18T17:09:49.619498,0.0,Arrears,577
2573,250,2024-11-17T17:09:49.619498,0.0,Arrears,547
2574,250,2024-12-17T17:09:49.619498,0.0,Arrears,517
2575,250,2025-01-16T17:09:49.619498,0.0,Arrears,487
2576,250,2025-02-15T17:09:49.619498,0.0,Arrears,457
2577,250,2025-03-17T17:09:49.619498,0.0,Arrears,427
2578,251,2025-04-14T17:09:49.619498,0.0,Arrears,399
2579,251,2025-05-14T17:09:49.619498,0.0,Arrears,369
2580,251,2025-06-13T17:09:49.619498,0.0,Arrears,339
2581,251,2025-07-13T17:09:49.619498,0.0,Arrears,309
2582,251,2025-08-12T17:09:49.619498,0.0,Arrears,279
2583,251,2025-09-11T17:09:49.619498,0.0,Arrears,249
2584,251,2025-10-11T17:09:49.619498,0.0,Arrears,219
2585,251,2025-11-10T17:09:49.619498,0.0,Arrears,189
2586,251,2025-12-10T17:09:49.619498,0.0,Arrears,159
2587,251,2026-01-09T17:09:49.619498,0.0,Arrears,129
2588,252,2025-02-04T17:09:49.619498,0.0,Arrears,468
2589,252,2025-03-06T17:09:49.619498,0.0,Arrears,438
2590,252,2025-04-05T17:09:49.619498,0.0,Arrears,408
2591,252,2025-05-05T17:09:49.619498,0.0,Arrears,378
2592,252,2025-06-04T17:09:49.619498,0.0,Arrears,348
2593,252,2025-07-04T17:09:49.619498,0.0,Arrears,318
2594,253,2024-08-11T17:09:49.619498,0.0,Arrears,645
2595,253,2024-09-10T17:09:49.619498,0.0,Arrears,615
2596,253,2024-10-10T17:09:49.619498,0.0,Arrears,585
2597,253,2024-11-09T17:09:49.619498,0.0,Arrears,555
2598,253,2024-12-09T17:09:49.619498,0.0,Arrears,525
2599,253,2025-01-08T17:09:49.619498,0.0,Arrears,495
2600,253,2025-02-07T17:09:49.619498,0.0,Arrears,465
2601,253,2025-03-09T17:09:49.619498,0.0,Arrears,435
2602,253,2025-04-08T17:09:49.619498,0.0,Arrears,405
2603,253,2025-05-08T17:09:49.619498,0.0,Arrears,375
2604,253,2025-06-07T17:09:49.619498,0.0,Arrears,345
2605,253,2025-07-07T17:09:49.619498,0.0,Arrears,315
2606,253,2025-08-06T17:09:49.619498,0.0,Arrears,285
2607,253,2025-09-05T17:09:49.619498,0.0,Arrears,255
2608,253,2025-10-05T17:09:49.619498,0.0,Arrears,225
2609,253,2025-11-04T17:09:49.619498,0.0,Arrears,195
2610,253,2025-12-04T17:09:49.619498,0.0,Arrears,165
2611,253,2026-01-03T17:09:49.619498,0.0,Arrears,135
2612,253,2026-02-02T17:09:49.619498,0.0,Arrears,105
2613,253,2026-03-04T17:09:49.619498,0.0,Arrears,75
2614,253,2026-04-03T17:09:49.619498,0.0,Late,45
2615,253,2026-05-03T17:09:49.619498,6718.59586599431,On-time,15
2616,254,2025-03-21T17:09:49.619498,0.0,Arrears,423
2617,254,2025-04-20T17:09:49.619498,0.0,Arrears,393
2618,254,2025-05-20T17:09:49.619498,0.0,Arrears,363
2619,254,2025-06-19T17:09:49.619498,0.0,Arrears,333
2620,254,2025-07-19T17:09:49.619498,0.0,Arrears,303
2621,254,2025-08-18T17:09:49.619498,0.0,Arrears,273
2622,255,2025-05-01T17:09:49.619498,0.0,Arrears,382
2623,255,2025-05-31T17:09:49.619498,0.0,Arrears,352
2624,255,2025-06-30T17:09:49.619498,0.0,Arrears,322
2625,255,2025-07-30T17:09:49.619498,0.0,Arrears,292
2626,255,2025-08-29T17:09:49.619498,0.0,Arrears,262
2627,255,2025-09-28T17:09:49.619498,0.0,Arrears,232
2628,255,2025-10-28T17:09:49.619498,0.0,Arrears,202
2629,255,2025-11-27T17:09:49.619498,0.0,Arrears,172
2630,255,2025-12-27T17:09:49.619498,0.0,Arrears,142
2631,255,2026-01-26T17:09:49.619498,0.0,Arrears,112
2632,255,2026-02-25T17:09:49.619498,0.0,Arrears,82
2633,255,2026-03-27T17:09:49.619498,0.0,Late,52
2634,255,2026-04-26T17:09:49.619498,8914.377157683983,On-time,22
2635,256,2025-10-28T17:09:49.619498,0.0,Arrears,202
2636,256,2025-11-27T17:09:49.619498,0.0,Arrears,172
2637,256,2025-12-27T17:09:49.619498,0.0,Arrears,142
2638,256,2026-01-26T17:09:49.619498,0.0,Arrears,112
2639,256,2026-02-25T17:09:49.619498,0.0,Arrears,82
2640,256,2026-03-27T17:09:49.619498,0.0,Late,52
2641,256,2026-04-26T17:09:49.619498,13222.201057633318,On-time,22
2642,257,2025-09-01T17:09:49.619498,0.0,Arrears,259
2643,257,2025-10-01T17:09:49.619498,0.0,Arrears,229
2644,257,2025-10-31T17:09:49.619498,0.0,Arrears,199
2645,257,2025-11-30T17:09:49.619498,0.0,Arrears,169
2646,257,2025-12-30T17:09:49.619498,0.0,Arrears,139
2647,257,2026-01-29T17:09:49.619498,0.0,Arrears,109
2648,258,2026-04-08T17:09:49.619498,0.0,Late,40
2649,258,2026-05-08T17:09:49.619498,185834.65240941488,On-time,10
2650,259,2025-01-08T17:09:49.619498,0.0,Arrears,495
2651,259,2025-02-07T17:09:49.619498,0.0,Arrears,465
2652,259,2025-03-09T17:09:49.619498,0.0,Arrears,435
2653,259,2025-04-08T17:09:49.619498,0.0,Arrears,405
2654,259,2025-05-08T17:09:49.619498,0.0,Arrears,375
2655,259,2025-06-07T17:09:49.619498,0.0,Arrears,345
2656,259,2025-07-07T17:09:49.619498,0.0,Arrears,315
2657,259,2025-08-06T17:09:49.619498,0.0,Arrears,285
2658,259,2025-09-05T17:09:49.619498,0.0,Arrears,255
2659,259,2025-10-05T17:09:49.619498,0.0,Arrears,225
2660,259,2025-11-04T17:09:49.619498,0.0,Arrears,195
2661,259,2025-12-04T17:09:49.619498,0.0,Arrears,165
2662,259,2026-01-03T17:09:49.619498,0.0,Arrears,135
2663,259,2026-02-02T17:09:49.619498,0.0,Arrears,105
2664,259,2026-03-04T17:09:49.619498,0.0,Arrears,75
2665,259,2026-04-03T17:09:49.619498,0.0,Late,45
2666,259,2026-05-03T17:09:49.619498,5457.942208561731,On-time,15
2667,260,2025-04-15T17:09:49.619498,0.0,Arrears,398
2668,260,2025-05-15T17:09:49.619498,0.0,Arrears,368
2669,260,2025-06-14T17:09:49.619498,0.0,Arrears,338
2670,260,2025-07-14T17:09:49.619498,0.0,Arrears,308
2671,260,2025-08-13T17:09:49.619498,0.0,Arrears,278
2672,260,2025-09-12T17:09:49.619498,0.0,Arrears,248
2673,260,2025-10-12T17:09:49.619498,0.0,Arrears,218
2674,260,2025-11-11T17:09:49.619498,0.0,Arrears,188
2675,260,2025-12-11T17:09:49.619498,0.0,Arrears,158
2676,260,2026-01-10T17:09:49.619498,0.0,Arrears,128
2677,260,2026-02-09T17:09:49.619498,0.0,Arrears,98
2678,260,2026-03-11T17:09:49.619498,0.0,Arrears,68
2679,260,2026-04-10T17:09:49.619498,0.0,Late,38
2680,261,2025-08-09T17:09:49.619498,0.0,Arrears,282
2681,261,2025-09-08T17:09:49.619498,0.0,Arrears,252
2682,261,2025-10-08T17:09:49.619498,0.0,Arrears,222
2683,261,2025-11-07T17:09:49.619498,0.0,Arrears,192
2684,261,2025-12-07T17:09:49.619498,0.0,Arrears,162
2685,261,2026-01-06T17:09:49.619498,0.0,Arrears,132
2686,261,2026-02-05T17:09:49.619498,0.0,Arrears,102
2687,261,2026-03-07T17:09:49.619498,0.0,Arrears,72
2688,261,2026-04-06T17:09:49.619498,0.0,Late,42
2689,261,2026-05-06T17:09:49.619498,5726.875290111899,On-time,12
2690,262,2025-06-11T17:09:49.627664,0.0,Arrears,341
2691,262,2025-07-11T17:09:49.627664,0.0,Arrears,311
2692,262,2025-08-10T17:09:49.627664,0.0,Arrears,281
2693,262,2025-09-09T17:09:49.627664,0.0,Arrears,251
2694,262,2025-10-09T17:09:49.627664,0.0,Arrears,221
2695,262,2025-11-08T17:09:49.627664,0.0,Arrears,191
2696,262,2025-12-08T17:09:49.627664,0.0,Arrears,161
2697,262,2026-01-07T17:09:49.627664,0.0,Arrears,131
2698,262,2026-02-06T17:09:49.627664,0.0,Arrears,101
2699,262,2026-03-08T17:09:49.627664,0.0,Arrears,71
2700,262,2026-04-07T17:09:49.627664,0.0,Late,41
2701,262,2026-05-07T17:09:49.627664,23130.409829491757,On-time,11
2702,263,2024-07-06T17:09:49.627664,0.0,Arrears,681
2703,263,2024-08-05T17:09:49.627664,0.0,Arrears,651
2704,264,2025-12-20T17:09:49.627664,0.0,Arrears,149
2705,264,2026-01-19T17:09:49.627664,0.0,Arrears,119
2706,264,2026-02-18T17:09:49.627664,0.0,Arrears,89
2707,264,2026-03-20T17:09:49.627664,0.0,Late,59
2708,264,2026-04-19T17:09:49.627664,12328.637341086336,On-time,29
2709,265,2025-05-27T17:09:49.627664,0.0,Arrears,356
2710,265,2025-06-26T17:09:49.627664,0.0,Arrears,326
2711,265,2025-07-26T17:09:49.627664,0.0,Arrears,296
2712,265,2025-08-25T17:09:49.627664,0.0,Arrears,266
2713,265,2025-09-24T17:09:49.627664,0.0,Arrears,236
2714,265,2025-10-24T17:09:49.627664,0.0,Arrears,206
2715,265,2025-11-23T17:09:49.627664,0.0,Arrears,176
2716,265,2025-12-23T17:09:49.627664,0.0,Arrears,146
2717,265,2026-01-22T17:09:49.627664,0.0,Arrears,116
2718,265,2026-02-21T17:09:49.627664,0.0,Arrears,86
2719,265,2026-03-23T17:09:49.627664,0.0,Late,56
2720,265,2026-04-22T17:09:49.627664,15306.69678558691,On-time,26
2721,266,2025-11-11T17:09:49.627664,0.0,Arrears,188
2722,266,2025-12-11T17:09:49.627664,0.0,Arrears,158
2723,266,2026-01-10T17:09:49.627664,0.0,Arrears,128
2724,266,2026-02-09T17:09:49.627664,0.0,Arrears,98
2725,266,2026-03-11T17:09:49.627664,0.0,Arrears,68
2726,266,2026-04-10T17:09:49.627664,0.0,Late,38
2727,266,2026-05-10T17:09:49.627664,26215.79134522935,On-time,8
2728,267,2024-12-07T17:09:49.627664,0.0,Arrears,527
2729,267,2025-01-06T17:09:49.627664,0.0,Arrears,497
2730,267,2025-02-05T17:09:49.627664,0.0,Arrears,467
2731,267,2025-03-07T17:09:49.627664,0.0,Arrears,437
2732,267,2025-04-06T17:09:49.627664,0.0,Arrears,407
2733,267,2025-05-06T17:09:49.627664,0.0,Arrears,377
2734,267,2025-06-05T17:09:49.627664,0.0,Arrears,347
2735,267,2025-07-05T17:09:49.627664,0.0,Arrears,317
2736,267,2025-08-04T17:09:49.627664,0.0,Arrears,287
2737,267,2025-09-03T17:09:49.627664,0.0,Arrears,257
2738,267,2025-10-03T17:09:49.627664,0.0,Arrears,227
2739,267,2025-11-02T17:09:49.627664,0.0,Arrears,197
2740,267,2025-12-02T17:09:49.627664,0.0,Arrears,167
2741,267,2026-01-01T17:09:49.627664,0.0,Arrears,137
2742,267,2026-01-31T17:09:49.627664,0.0,Arrears,107
2743,267,2026-03-02T17:09:49.627664,0.0,Arrears,77
2744,267,2026-04-01T17:09:49.627664,0.0,Late,47
2745,267,2026-05-01T17:09:49.627664,17696.524595612576,On-time,17
2746,268,2026-02-01T17:09:49.627664,0.0,Arrears,106
2747,268,2026-03-03T17:09:49.627664,0.0,Arrears,76
2748,268,2026-04-02T17:09:49.627664,0.0,Late,46
2749,268,2026-05-02T17:09:49.627664,7402.069000461046,On-time,16
2750,269,2025-03-07T17:09:49.627664,0.0,Arrears,437
2751,269,2025-04-06T17:09:49.627664,0.0,Arrears,407
2752,269,2025-05-06T17:09:49.627664,0.0,Arrears,377
2753,269,2025-06-05T17:09:49.627664,0.0,Arrears,347
2754,269,2025-07-05T17:09:49.627664,0.0,Arrears,317
2755,269,2025-08-04T17:09:49.627664,0.0,Arrears,287
2756,269,2025-09-03T17:09:49.627664,0.0,Arrears,257
2757,269,2025-10-03T17:09:49.627664,0.0,Arrears,227
2758,269,2025-11-02T17:09:49.627664,0.0,Arrears,197
2759,269,2025-12-02T17:09:49.627664,0.0,Arrears,167
2760,269,2026-01-01T17:09:49.627664,0.0,Arrears,137
2761,269,2026-01-31T17:09:49.627664,0.0,Arrears,107
2762,269,2026-03-02T17:09:49.627664,0.0,Arrears,77
2763,269,2026-04-01T17:09:49.627664,0.0,Late,47
2764,269,2026-05-01T17:09:49.627664,438.3693695700941,On-time,17
2765,270,2025-03-23T17:09:49.633240,0.0,Arrears,421
2766,270,2025-04-22T17:09:49.633240,0.0,Arrears,391
2767,270,2025-05-22T17:09:49.633240,0.0,Arrears,361
2768,270,2025-06-21T17:09:49.633240,0.0,Arrears,331
2769,270,2025-07-21T17:09:49.633240,0.0,Arrears,301
2770,270,2025-08-20T17:09:49.633240,0.0,Arrears,271
2771,270,2025-09-19T17:09:49.633240,0.0,Arrears,241
2772,270,2025-10-19T17:09:49.633240,0.0,Arrears,211
2773,270,2025-11-18T17:09:49.633240,0.0,Arrears,181
2774,270,2025-12-18T17:09:49.633240,0.0,Arrears,151
2775,270,2026-01-17T17:09:49.633240,0.0,Arrears,121
2776,270,2026-02-16T17:09:49.633240,0.0,Arrears,91
2777,270,2026-03-18T17:09:49.633240,0.0,Arrears,61
2778,270,2026-04-17T17:09:49.633240,0.0,Late,31
2779,270,2026-05-17T17:09:49.633240,9986.431982105289,On-time,1
2780,271,2026-02-26T17:09:49.633240,0.0,Arrears,81
2781,271,2026-03-28T17:09:49.633240,0.0,Late,51
2782,271,2026-04-27T17:09:49.633240,8073.91907793728,On-time,21
2783,272,2026-01-04T17:09:49.633240,0.0,Arrears,134
2784,272,2026-02-03T17:09:49.633240,0.0,Arrears,104
2785,272,2026-03-05T17:09:49.633240,0.0,Arrears,74
2786,272,2026-04-04T17:09:49.633240,0.0,Late,44
2787,272,2026-05-04T17:09:49.633240,7519.562142440501,On-time,14
2788,273,2026-01-11T17:09:49.633240,0.0,Arrears,127
2789,273,2026-02-10T17:09:49.633240,0.0,Arrears,97
2790,273,2026-03-12T17:09:49.633240,0.0,Arrears,67
2791,274,2025-07-14T17:09:49.633240,0.0,Arrears,308
2792,274,2025-08-13T17:09:49.633240,0.0,Arrears,278
2793,274,2025-09-12T17:09:49.633240,0.0,Arrears,248
2794,274,2025-10-12T17:09:49.633240,0.0,Arrears,218
2795,274,2025-11-11T17:09:49.633240,0.0,Arrears,188
2796,274,2025-12-11T17:09:49.633240,0.0,Arrears,158
2797,274,2026-01-10T17:09:49.633240,0.0,Arrears,128
2798,274,2026-02-09T17:09:49.633240,0.0,Arrears,98
2799,274,2026-03-11T17:09:49.633240,0.0,Arrears,68
2800,274,2026-04-10T17:09:49.633240,0.0,Late,38
2801,274,2026-05-10T17:09:49.633240,43675.56955818955,On-time,8
2802,275,2026-01-01T17:09:49.633240,0.0,Arrears,137
2803,275,2026-01-31T17:09:49.633240,0.0,Arrears,107
2804,275,2026-03-02T17:09:49.633240,0.0,Arrears,77
2805,275,2026-04-01T17:09:49.633240,0.0,Late,47
2806,275,2026-05-01T17:09:49.633240,12591.696956764234,On-time,17
2807,276,2025-07-14T17:09:49.633240,0.0,Arrears,308
2808,276,2025-08-13T17:09:49.633240,0.0,Arrears,278
2809,276,2025-09-12T17:09:49.633240,0.0,Arrears,248
2810,276,2025-10-12T17:09:49.633240,0.0,Arrears,218
2811,276,2025-11-11T17:09:49.633240,0.0,Arrears,188
2812,276,2025-12-11T17:09:49.633240,0.0,Arrears,158
2813,276,2026-01-10T17:09:49.633240,0.0,Arrears,128
2814,276,2026-02-09T17:09:49.633240,0.0,Arrears,98
2815,276,2026-03-11T17:09:49.633240,0.0,Arrears,68
2816,277,2025-04-17T17:09:49.633240,0.0,Arrears,396
2817,277,2025-05-17T17:09:49.633240,0.0,Arrears,366
2818,277,2025-06-16T17:09:49.633240,0.0,Arrears,336
2819,277,2025-07-16T17:09:49.633240,0.0,Arrears,306
2820,277,2025-08-15T17:09:49.633240,0.0,Arrears,276
2821,277,2025-09-14T17:09:49.633240,0.0,Arrears,246
2822,277,2025-10-14T17:09:49.633240,0.0,Arrears,216
2823,277,2025-11-13T17:09:49.633240,0.0,Arrears,186
2824,277,2025-12-13T17:09:49.633240,0.0,Arrears,156
2825,277,2026-01-12T17:09:49.633240,0.0,Arrears,126
2826,277,2026-02-11T17:09:49.633240,0.0,Arrears,96
2827,277,2026-03-13T17:09:49.633240,0.0,Arrears,66
2828,277,2026-04-12T17:09:49.633240,0.0,Late,36
2829,277,2026-05-12T17:09:49.633240,5362.278176796633,On-time,6
2830,278,2025-06-20T17:09:49.633240,0.0,Arrears,332
2831,278,2025-07-20T17:09:49.633240,0.0,Arrears,302
2832,279,2024-11-16T17:09:49.633240,0.0,Arrears,548
2833,279,2024-12-16T17:09:49.633240,0.0,Arrears,518
2834,279,2025-01-15T17:09:49.633240,0.0,Arrears,488
2835,279,2025-02-14T17:09:49.633240,0.0,Arrears,458
2836,279,2025-03-16T17:09:49.633240,0.0,Arrears,428
2837,279,2025-04-15T17:09:49.633240,0.0,Arrears,398
2838,279,2025-05-15T17:09:49.633240,0.0,Arrears,368
2839,279,2025-06-14T17:09:49.633240,0.0,Arrears,338
2840,279,2025-07-14T17:09:49.633240,0.0,Arrears,308
2841,279,2025-08-13T17:09:49.633240,0.0,Arrears,278
2842,279,2025-09-12T17:09:49.633240,0.0,Arrears,248
2843,279,2025-10-12T17:09:49.633240,0.0,Arrears,218
2844,279,2025-11-11T17:09:49.633240,0.0,Arrears,188
2845,279,2025-12-11T17:09:49.633240,0.0,Arrears,158
2846,279,2026-01-10T17:09:49.633240,0.0,Arrears,128
2847,279,2026-02-09T17:09:49.633240,0.0,Arrears,98
2848,279,2026-03-11T17:09:49.633240,0.0,Arrears,68
2849,279,2026-04-10T17:09:49.633240,0.0,Late,38
2850,279,2026-05-10T17:09:49.633240,5672.201182255481,On-time,8
2851,280,2024-08-30T17:09:49.633240,0.0,Arrears,626
2852,280,2024-09-29T17:09:49.633240,0.0,Arrears,596
2853,280,2024-10-29T17:09:49.633240,0.0,Arrears,566
2854,280,2024-11-28T17:09:49.633240,0.0,Arrears,536
2855,280,2024-12-28T17:09:49.633240,0.0,Arrears,506
2856,280,2025-01-27T17:09:49.633240,0.0,Arrears,476
2857,280,2025-02-26T17:09:49.633240,0.0,Arrears,446
2858,280,2025-03-28T17:09:49.633240,0.0,Arrears,416
2859,280,2025-04-27T17:09:49.633240,0.0,Arrears,386
2860,280,2025-05-27T17:09:49.633240,0.0,Arrears,356
2861,280,2025-06-26T17:09:49.633240,0.0,Arrears,326
2862,280,2025-07-26T17:09:49.633240,0.0,Arrears,296
2863,280,2025-08-25T17:09:49.633240,0.0,Arrears,266
2864,280,2025-09-24T17:09:49.633240,0.0,Arrears,236
2865,280,2025-10-24T17:09:49.633240,0.0,Arrears,206
2866,280,2025-11-23T17:09:49.633240,0.0,Arrears,176
2867,280,2025-12-23T17:09:49.633240,0.0,Arrears,146
2868,280,2026-01-22T17:09:49.633240,0.0,Arrears,116
2869,281,2025-08-12T17:09:49.633240,0.0,Arrears,279
2870,281,2025-09-11T17:09:49.633240,0.0,Arrears,249
2871,281,2025-10-11T17:09:49.633240,0.0,Arrears,219
2872,281,2025-11-10T17:09:49.633240,0.0,Arrears,189
2873,281,2025-12-10T17:09:49.633240,0.0,Arrears,159
2874,281,2026-01-09T17:09:49.633240,0.0,Arrears,129
2875,281,2026-02-08T17:09:49.633240,0.0,Arrears,99
2876,281,2026-03-10T17:09:49.633240,0.0,Arrears,69
2877,281,2026-04-09T17:09:49.633240,0.0,Late,39
2878,281,2026-05-09T17:09:49.633240,13263.693318024849,On-time,9
2879,282,2026-03-18T17:09:49.633240,0.0,Arrears,61
2880,282,2026-04-17T17:09:49.633240,0.0,Late,31
2881,282,2026-05-17T17:09:49.633240,7801.659014029262,On-time,1
2882,283,2026-03-30T17:09:49.633240,0.0,Late,49
2883,283,2026-04-29T17:09:49.633240,3132.568512255077,On-time,19
2884,284,2024-06-27T17:09:49.633240,0.0,Arrears,690
2885,284,2024-07-27T17:09:49.633240,0.0,Arrears,660
2886,284,2024-08-26T17:09:49.633240,0.0,Arrears,630
2887,284,2024-09-25T17:09:49.633240,0.0,Arrears,600
2888,284,2024-10-25T17:09:49.633240,0.0,Arrears,570
2889,284,2024-11-24T17:09:49.633240,0.0,Arrears,540
2890,284,2024-12-24T17:09:49.633240,0.0,Arrears,510
2891,284,2025-01-23T17:09:49.633240,0.0,Arrears,480
2892,284,2025-02-22T17:09:49.633240,0.0,Arrears,450
2893,284,2025-03-24T17:09:49.633240,0.0,Arrears,420
2894,284,2025-04-23T17:09:49.633240,0.0,Arrears,390
2895,284,2025-05-23T17:09:49.633240,0.0,Arrears,360
2896,284,2025-06-22T17:09:49.633240,0.0,Arrears,330
2897,284,2025-07-22T17:09:49.633240,0.0,Arrears,300
2898,284,2025-08-21T17:09:49.633240,0.0,Arrears,270
2899,284,2025-09-20T17:09:49.633240,0.0,Arrears,240
2900,284,2025-10-20T17:09:49.633240,0.0,Arrears,210
2901,284,2025-11-19T17:09:49.633240,0.0,Arrears,180
2902,284,2025-12-19T17:09:49.633240,0.0,Arrears,150
2903,284,2026-01-18T17:09:49.633240,0.0,Arrears,120
2904,284,2026-02-17T17:09:49.633240,0.0,Arrears,90
2905,284,2026-03-19T17:09:49.633240,0.0,Arrears,60
2906,284,2026-04-18T17:09:49.633240,0.0,Late,30
2907,284,2026-05-18T17:09:49.633240,428.9378543542647,On-time,0
2908,285,2024-09-26T17:09:49.633240,0.0,Arrears,599
2909,285,2024-10-26T17:09:49.633240,0.0,Arrears,569
2910,285,2024-11-25T17:09:49.633240,0.0,Arrears,539
2911,285,2024-12-25T17:09:49.633240,0.0,Arrears,509
2912,285,2025-01-24T17:09:49.633240,0.0,Arrears,479
2913,285,2025-02-23T17:09:49.633240,0.0,Arrears,449
2914,285,2025-03-25T17:09:49.633240,0.0,Arrears,419
2915,285,2025-04-24T17:09:49.633240,0.0,Arrears,389
2916,285,2025-05-24T17:09:49.633240,0.0,Arrears,359
2917,285,2025-06-23T17:09:49.633240,0.0,Arrears,329
2918,285,2025-07-23T17:09:49.633240,0.0,Arrears,299
2919,285,2025-08-22T17:09:49.633240,0.0,Arrears,269
2920,285,2025-09-21T17:09:49.633240,0.0,Arrears,239
2921,285,2025-10-21T17:09:49.633240,0.0,Arrears,209
2922,285,2025-11-20T17:09:49.633240,0.0,Arrears,179
2923,285,2025-12-20T17:09:49.633240,0.0,Arrears,149
2924,285,2026-01-19T17:09:49.633240,0.0,Arrears,119
2925,285,2026-02-18T17:09:49.633240,0.0,Arrears,89
2926,285,2026-03-20T17:09:49.633240,0.0,Late,59
2927,286,2024-10-28T17:09:49.643834,0.0,Arrears,567
2928,286,2024-11-27T17:09:49.643834,0.0,Arrears,537
2929,286,2024-12-27T17:09:49.643834,0.0,Arrears,507
2930,286,2025-01-26T17:09:49.643834,0.0,Arrears,477
2931,286,2025-02-25T17:09:49.643834,0.0,Arrears,447
2932,286,2025-03-27T17:09:49.643834,0.0,Arrears,417
2933,286,2025-04-26T17:09:49.643834,0.0,Arrears,387
2934,286,2025-05-26T17:09:49.643834,0.0,Arrears,357
2935,287,2026-04-18T17:09:49.643834,0.0,Late,30
2936,287,2026-05-18T17:09:49.643834,932.9565342586113,On-time,0
2937,288,2025-02-11T17:09:49.643834,0.0,Arrears,461
2938,288,2025-03-13T17:09:49.643834,0.0,Arrears,431
2939,288,2025-04-12T17:09:49.643834,0.0,Arrears,401
2940,288,2025-05-12T17:09:49.643834,0.0,Arrears,371
2941,288,2025-06-11T17:09:49.643834,0.0,Arrears,341
2942,288,2025-07-11T17:09:49.643834,0.0,Arrears,311
2943,288,2025-08-10T17:09:49.643834,0.0,Arrears,281
2944,288,2025-09-09T17:09:49.643834,0.0,Arrears,251
2945,288,2025-10-09T17:09:49.643834,0.0,Arrears,221
2946,288,2025-11-08T17:09:49.643834,0.0,Arrears,191
2947,288,2025-12-08T17:09:49.643834,0.0,Arrears,161
2948,288,2026-01-07T17:09:49.643834,0.0,Arrears,131
2949,288,2026-02-06T17:09:49.643834,0.0,Arrears,101
2950,288,2026-03-08T17:09:49.643834,0.0,Arrears,71
2951,288,2026-04-07T17:09:49.643834,0.0,Late,41
2952,288,2026-05-07T17:09:49.643834,2852.1150325348603,On-time,11
2953,289,2025-03-07T17:09:49.643834,0.0,Arrears,437
2954,289,2025-04-06T17:09:49.643834,0.0,Arrears,407
2955,289,2025-05-06T17:09:49.643834,0.0,Arrears,377
2956,289,2025-06-05T17:09:49.643834,0.0,Arrears,347
2957,289,2025-07-05T17:09:49.643834,0.0,Arrears,317
2958,289,2025-08-04T17:09:49.643834,0.0,Arrears,287
2959,289,2025-09-03T17:09:49.643834,0.0,Arrears,257
2960,289,2025-10-03T17:09:49.643834,0.0,Arrears,227
2961,289,2025-11-02T17:09:49.643834,0.0,Arrears,197
2962,289,2025-12-02T17:09:49.643834,0.0,Arrears,167
2963,289,2026-01-01T17:09:49.643834,0.0,Arrears,137
2964,289,2026-01-31T17:09:49.643834,0.0,Arrears,107
2965,289,2026-03-02T17:09:49.643834,0.0,Arrears,77
2966,289,2026-04-01T17:09:49.643834,0.0,Late,47
2967,290,2025-06-20T17:09:49.643834,0.0,Arrears,332
2968,290,2025-07-20T17:09:49.643834,0.0,Arrears,302
2969,290,2025-08-19T17:09:49.643834,0.0,Arrears,272
2970,290,2025-09-18T17:09:49.643834,0.0,Arrears,242
2971,290,2025-10-18T17:09:49.643834,0.0,Arrears,212
2972,290,2025-11-17T17:09:49.643834,0.0,Arrears,182
2973,290,2025-12-17T17:09:49.643834,0.0,Arrears,152
2974,290,2026-01-16T17:09:49.643834,0.0,Arrears,122
2975,290,2026-02-15T17:09:49.643834,0.0,Arrears,92
2976,290,2026-03-17T17:09:49.643834,0.0,Arrears,62
2977,290,2026-04-16T17:09:49.643834,0.0,Late,32
2978,290,2026-05-16T17:09:49.643834,13056.410101774067,On-time,2
2979,291,2025-06-29T17:09:49.643834,0.0,Arrears,323
2980,291,2025-07-29T17:09:49.643834,0.0,Arrears,293
2981,291,2025-08-28T17:09:49.643834,0.0,Arrears,263
2982,291,2025-09-27T17:09:49.643834,0.0,Arrears,233
2983,291,2025-10-27T17:09:49.643834,0.0,Arrears,203
2984,291,2025-11-26T17:09:49.643834,0.0,Arrears,173
2985,291,2025-12-26T17:09:49.643834,0.0,Arrears,143
2986,291,2026-01-25T17:09:49.643834,0.0,Arrears,113
2987,291,2026-02-24T17:09:49.643834,0.0,Arrears,83
2988,291,2026-03-26T17:09:49.643834,0.0,Late,53
2989,291,2026-04-25T17:09:49.643834,12701.207041891614,On-time,23
2990,292,2025-10-26T17:09:49.643834,0.0,Arrears,204
2991,292,2025-11-25T17:09:49.643834,0.0,Arrears,174
2992,292,2025-12-25T17:09:49.643834,0.0,Arrears,144
2993,292,2026-01-24T17:09:49.643834,0.0,Arrears,114
2994,293,2025-09-06T17:09:49.650860,0.0,Arrears,254
2995,293,2025-10-06T17:09:49.650860,0.0,Arrears,224
2996,293,2025-11-05T17:09:49.650860,0.0,Arrears,194
2997,293,2025-12-05T17:09:49.650860,0.0,Arrears,164
2998,293,2026-01-04T17:09:49.650860,0.0,Arrears,134
2999,293,2026-02-03T17:09:49.650860,0.0,Arrears,104
3000,293,2026-03-05T17:09:49.650860,0.0,Arrears,74
3001,293,2026-04-04T17:09:49.650860,0.0,Late,44
3002,293,2026-05-04T17:09:49.650860,33104.80205782997,On-time,14
3003,294,2026-04-18T17:09:49.650860,0.0,Late,30
3004,294,2026-05-18T17:09:49.650860,9648.248199836242,On-time,0
3005,295,2025-01-08T17:09:49.652014,0.0,Arrears,495
3006,295,2025-02-07T17:09:49.652014,0.0,Arrears,465
3007,295,2025-03-09T17:09:49.652014,0.0,Arrears,435
3008,295,2025-04-08T17:09:49.652014,0.0,Arrears,405
3009,295,2025-05-08T17:09:49.652014,0.0,Arrears,375
3010,295,2025-06-07T17:09:49.652014,0.0,Arrears,345
3011,295,2025-07-07T17:09:49.652014,0.0,Arrears,315
3012,295,2025-08-06T17:09:49.652014,0.0,Arrears,285
3013,295,2025-09-05T17:09:49.652014,0.0,Arrears,255
3014,295,2025-10-05T17:09:49.652014,0.0,Arrears,225
3015,295,2025-11-04T17:09:49.652014,0.0,Arrears,195
3016,295,2025-12-04T17:09:49.652014,0.0,Arrears,165
3017,295,2026-01-03T17:09:49.652014,0.0,Arrears,135
3018,295,2026-02-02T17:09:49.652014,0.0,Arrears,105
3019,295,2026-03-04T17:09:49.652014,0.0,Arrears,75
3020,295,2026-04-03T17:09:49.652014,0.0,Late,45
3021,295,2026-05-03T17:09:49.652014,1424.5229019986366,On-time,15
3022,296,2024-09-29T17:09:49.652014,0.0,Arrears,596
3023,296,2024-10-29T17:09:49.652014,0.0,Arrears,566
3024,296,2024-11-28T17:09:49.652014,0.0,Arrears,536
3025,296,2024-12-28T17:09:49.652014,0.0,Arrears,506
3026,296,2025-01-27T17:09:49.652014,0.0,Arrears,476
3027,296,2025-02-26T17:09:49.652014,0.0,Arrears,446
3028,296,2025-03-28T17:09:49.652014,0.0,Arrears,416
3029,296,2025-04-27T17:09:49.652014,0.0,Arrears,386
3030,296,2025-05-27T17:09:49.652014,0.0,Arrears,356
3031,296,2025-06-26T17:09:49.652014,0.0,Arrears,326
3032,297,2025-01-24T17:09:49.652014,0.0,Arrears,479
3033,297,2025-02-23T17:09:49.652014,0.0,Arrears,449
3034,297,2025-03-25T17:09:49.652014,0.0,Arrears,419
3035,297,2025-04-24T17:09:49.652014,0.0,Arrears,389
3036,297,2025-05-24T17:09:49.652014,0.0,Arrears,359
3037,297,2025-06-23T17:09:49.652014,0.0,Arrears,329
3038,297,2025-07-23T17:09:49.652014,0.0,Arrears,299
3039,297,2025-08-22T17:09:49.652014,0.0,Arrears,269
3040,297,2025-09-21T17:09:49.652014,0.0,Arrears,239
3041,297,2025-10-21T17:09:49.652014,0.0,Arrears,209
3042,298,2024-12-26T17:09:49.652014,0.0,Arrears,508
3043,298,2025-01-25T17:09:49.652014,0.0,Arrears,478
3044,298,2025-02-24T17:09:49.652014,0.0,Arrears,448
3045,298,2025-03-26T17:09:49.652014,0.0,Arrears,418
3046,298,2025-04-25T17:09:49.652014,0.0,Arrears,388
3047,298,2025-05-25T17:09:49.652014,0.0,Arrears,358
3048,298,2025-06-24T17:09:49.652014,0.0,Arrears,328
3049,298,2025-07-24T17:09:49.652014,0.0,Arrears,298
3050,298,2025-08-23T17:09:49.652014,0.0,Arrears,268
3051,298,2025-09-22T17:09:49.652014,0.0,Arrears,238
3052,298,2025-10-22T17:09:49.652014,0.0,Arrears,208
3053,298,2025-11-21T17:09:49.652014,0.0,Arrears,178
3054,298,2025-12-21T17:09:49.652014,0.0,Arrears,148
3055,298,2026-01-20T17:09:49.652014,0.0,Arrears,118
3056,298,2026-02-19T17:09:49.652014,0.0,Arrears,88
3057,298,2026-03-21T17:09:49.652014,0.0,Late,58
3058,298,2026-04-20T17:09:49.652014,5416.387448135873,On-time,28
3059,299,2024-07-03T17:09:49.652014,0.0,Arrears,684
3060,299,2024-08-02T17:09:49.652014,0.0,Arrears,654
3061,299,2024-09-01T17:09:49.652014,0.0,Arrears,624
3062,299,2024-10-01T17:09:49.652014,0.0,Arrears,594
3063,299,2024-10-31T17:09:49.652014,0.0,Arrears,564
3064,299,2024-11-30T17:09:49.652014,0.0,Arrears,534
3065,299,2024-12-30T17:09:49.652014,0.0,Arrears,504
3066,299,2025-01-29T17:09:49.652014,0.0,Arrears,474
3067,299,2025-02-28T17:09:49.652014,0.0,Arrears,444
3068,299,2025-03-30T17:09:49.652014,0.0,Arrears,414
3069,300,2025-08-09T17:09:49.652014,0.0,Arrears,282
3070,300,2025-09-08T17:09:49.652014,0.0,Arrears,252
3071,300,2025-10-08T17:09:49.652014,0.0,Arrears,222
3072,300,2025-11-07T17:09:49.652014,0.0,Arrears,192
3073,300,2025-12-07T17:09:49.652014,0.0,Arrears,162
3074,300,2026-01-06T17:09:49.652014,0.0,Arrears,132
3075,300,2026-02-05T17:09:49.652014,0.0,Arrears,102
3076,300,2026-03-07T17:09:49.652014,0.0,Arrears,72
3077,300,2026-04-06T17:09:49.652014,0.0,Late,42
3078,300,2026-05-06T17:09:49.652014,24721.761957010014,On-time,12
3079,301,2025-05-24T17:09:49.652014,0.0,Arrears,359
3080,301,2025-06-23T17:09:49.652014,0.0,Arrears,329
3081,301,2025-07-23T17:09:49.652014,0.0,Arrears,299
3082,301,2025-08-22T17:09:49.652014,0.0,Arrears,269
3083,301,2025-09-21T17:09:49.652014,0.0,Arrears,239
3084,301,2025-10-21T17:09:49.652014,0.0,Arrears,209
3085,301,2025-11-20T17:09:49.652014,0.0,Arrears,179
3086,301,2025-12-20T17:09:49.652014,0.0,Arrears,149
3087,301,2026-01-19T17:09:49.652014,0.0,Arrears,119
3088,302,2025-05-22T17:09:49.652014,0.0,Arrears,361
3089,302,2025-06-21T17:09:49.652014,0.0,Arrears,331
3090,302,2025-07-21T17:09:49.652014,0.0,Arrears,301
3091,302,2025-08-20T17:09:49.652014,0.0,Arrears,271
3092,302,2025-09-19T17:09:49.652014,0.0,Arrears,241
3093,302,2025-10-19T17:09:49.652014,0.0,Arrears,211
3094,302,2025-11-18T17:09:49.652014,0.0,Arrears,181
3095,303,2025-09-19T17:09:49.652014,0.0,Arrears,241
3096,303,2025-10-19T17:09:49.652014,0.0,Arrears,211
3097,303,2025-11-18T17:09:49.652014,0.0,Arrears,181
3098,303,2025-12-18T17:09:49.652014,0.0,Arrears,151
3099,303,2026-01-17T17:09:49.652014,0.0,Arrears,121
3100,303,2026-02-16T17:09:49.652014,0.0,Arrears,91
3101,303,2026-03-18T17:09:49.652014,0.0,Arrears,61
3102,303,2026-04-17T17:09:49.652014,0.0,Late,31
3103,303,2026-05-17T17:09:49.652014,1234.4589845171474,On-time,1
3104,304,2025-12-26T17:09:49.652014,0.0,Arrears,143
3105,304,2026-01-25T17:09:49.652014,0.0,Arrears,113
3106,304,2026-02-24T17:09:49.652014,0.0,Arrears,83
3107,304,2026-03-26T17:09:49.652014,0.0,Late,53
3108,304,2026-04-25T17:09:49.652014,45907.8685721773,On-time,23
3109,305,2025-03-07T17:09:49.652014,0.0,Arrears,437
3110,305,2025-04-06T17:09:49.652014,0.0,Arrears,407
3111,305,2025-05-06T17:09:49.652014,0.0,Arrears,377
3112,305,2025-06-05T17:09:49.652014,0.0,Arrears,347
3113,305,2025-07-05T17:09:49.652014,0.0,Arrears,317
3114,305,2025-08-04T17:09:49.652014,0.0,Arrears,287
3115,305,2025-09-03T17:09:49.652014,0.0,Arrears,257
3116,305,2025-10-03T17:09:49.652014,0.0,Arrears,227
3117,305,2025-11-02T17:09:49.652014,0.0,Arrears,197
3118,305,2025-12-02T17:09:49.652014,0.0,Arrears,167
3119,305,2026-01-01T17:09:49.652014,0.0,Arrears,137
3120,305,2026-01-31T17:09:49.652014,0.0,Arrears,107
3121,305,2026-03-02T17:09:49.652014,0.0,Arrears,77
3122,305,2026-04-01T17:09:49.652014,0.0,Late,47
3123,305,2026-05-01T17:09:49.652014,5842.791124963372,On-time,17
3124,306,2025-07-08T17:09:49.652014,0.0,Arrears,314
3125,306,2025-08-07T17:09:49.652014,0.0,Arrears,284
3126,306,2025-09-06T17:09:49.652014,0.0,Arrears,254
3127,307,2024-08-27T17:09:49.660986,0.0,Arrears,629
3128,307,2024-09-26T17:09:49.660986,0.0,Arrears,599
3129,307,2024-10-26T17:09:49.660986,0.0,Arrears,569
3130,307,2024-11-25T17:09:49.660986,0.0,Arrears,539
3131,307,2024-12-25T17:09:49.660986,0.0,Arrears,509
3132,307,2025-01-24T17:09:49.660986,0.0,Arrears,479
3133,307,2025-02-23T17:09:49.660986,0.0,Arrears,449
3134,307,2025-03-25T17:09:49.660986,0.0,Arrears,419
3135,307,2025-04-24T17:09:49.660986,0.0,Arrears,389
3136,307,2025-05-24T17:09:49.660986,0.0,Arrears,359
3137,308,2025-01-20T17:09:49.660986,0.0,Arrears,483
3138,308,2025-02-19T17:09:49.660986,0.0,Arrears,453
3139,308,2025-03-21T17:09:49.660986,0.0,Arrears,423
3140,308,2025-04-20T17:09:49.660986,0.0,Arrears,393
3141,308,2025-05-20T17:09:49.660986,0.0,Arrears,363
3142,308,2025-06-19T17:09:49.660986,0.0,Arrears,333
3143,308,2025-07-19T17:09:49.660986,0.0,Arrears,303
3144,308,2025-08-18T17:09:49.660986,0.0,Arrears,273
3145,308,2025-09-17T17:09:49.660986,0.0,Arrears,243
3146,308,2025-10-17T17:09:49.660986,0.0,Arrears,213
3147,308,2025-11-16T17:09:49.660986,0.0,Arrears,183
3148,308,2025-12-16T17:09:49.660986,0.0,Arrears,153
3149,308,2026-01-15T17:09:49.660986,0.0,Arrears,123
3150,308,2026-02-14T17:09:49.660986,0.0,Arrears,93
3151,308,2026-03-16T17:09:49.660986,0.0,Arrears,63
3152,308,2026-04-15T17:09:49.660986,0.0,Late,33
3153,308,2026-05-15T17:09:49.660986,22459.603677838695,On-time,3
3154,309,2025-10-06T17:09:49.662088,0.0,Arrears,224
3155,309,2025-11-05T17:09:49.662088,0.0,Arrears,194
3156,309,2025-12-05T17:09:49.662088,0.0,Arrears,164
3157,309,2026-01-04T17:09:49.662088,0.0,Arrears,134
3158,309,2026-02-03T17:09:49.662088,0.0,Arrears,104
3159,309,2026-03-05T17:09:49.662088,0.0,Arrears,74
3160,309,2026-04-04T17:09:49.662088,0.0,Late,44
3161,309,2026-05-04T17:09:49.662088,14491.171652688721,On-time,14
3162,310,2026-01-23T17:09:49.662088,0.0,Arrears,115
3163,310,2026-02-22T17:09:49.662088,0.0,Arrears,85
3164,310,2026-03-24T17:09:49.662088,0.0,Late,55
3165,310,2026-04-23T17:09:49.662088,10744.390993969073,On-time,25
3166,311,2024-10-08T17:09:49.662088,0.0,Arrears,587
3167,311,2024-11-07T17:09:49.662088,0.0,Arrears,557
3168,311,2024-12-07T17:09:49.662088,0.0,Arrears,527
3169,311,2025-01-06T17:09:49.662088,0.0,Arrears,497
3170,311,2025-02-05T17:09:49.662088,0.0,Arrears,467
3171,311,2025-03-07T17:09:49.662088,0.0,Arrears,437
3172,311,2025-04-06T17:09:49.662088,0.0,Arrears,407
3173,311,2025-05-06T17:09:49.662088,0.0,Arrears,377
3174,311,2025-06-05T17:09:49.662088,0.0,Arrears,347
3175,311,2025-07-05T17:09:49.662088,0.0,Arrears,317
3176,311,2025-08-04T17:09:49.662088,0.0,Arrears,287
3177,311,2025-09-03T17:09:49.662088,0.0,Arrears,257
3178,311,2025-10-03T17:09:49.662088,0.0,Arrears,227
3179,311,2025-11-02T17:09:49.662088,0.0,Arrears,197
3180,311,2025-12-02T17:09:49.662088,0.0,Arrears,167
3181,311,2026-01-01T17:09:49.662088,0.0,Arrears,137
3182,311,2026-01-31T17:09:49.662088,0.0,Arrears,107
3183,311,2026-03-02T17:09:49.662088,0.0,Arrears,77
3184,311,2026-04-01T17:09:49.662088,0.0,Late,47
3185,311,2026-05-01T17:09:49.662088,8500.63037210177,On-time,17
3186,312,2026-01-10T17:09:49.662088,0.0,Arrears,128
3187,312,2026-02-09T17:09:49.662088,0.0,Arrears,98
3188,313,2025-12-15T17:09:49.662088,0.0,Arrears,154
3189,313,2026-01-14T17:09:49.662088,0.0,Arrears,124
3190,313,2026-02-13T17:09:49.662088,0.0,Arrears,94
3191,313,2026-03-15T17:09:49.662088,0.0,Arrears,64
3192,313,2026-04-14T17:09:49.662088,0.0,Late,34
3193,313,2026-05-14T17:09:49.662088,1354.1003059764864,On-time,4
3194,314,2024-08-13T17:09:49.662088,0.0,Arrears,643
3195,314,2024-09-12T17:09:49.662088,0.0,Arrears,613
3196,314,2024-10-12T17:09:49.662088,0.0,Arrears,583
3197,314,2024-11-11T17:09:49.662088,0.0,Arrears,553
3198,314,2024-12-11T17:09:49.662088,0.0,Arrears,523
3199,314,2025-01-10T17:09:49.662088,0.0,Arrears,493
3200,314,2025-02-09T17:09:49.662088,0.0,Arrears,463
3201,314,2025-03-11T17:09:49.662088,0.0,Arrears,433
3202,314,2025-04-10T17:09:49.662088,0.0,Arrears,403
3203,314,2025-05-10T17:09:49.662088,0.0,Arrears,373
3204,314,2025-06-09T17:09:49.662088,0.0,Arrears,343
3205,314,2025-07-09T17:09:49.662088,0.0,Arrears,313
3206,314,2025-08-08T17:09:49.662088,0.0,Arrears,283
3207,314,2025-09-07T17:09:49.662088,0.0,Arrears,253
3208,314,2025-10-07T17:09:49.662088,0.0,Arrears,223
3209,315,2025-12-05T17:09:49.666552,0.0,Arrears,164
3210,315,2026-01-04T17:09:49.666552,0.0,Arrears,134
3211,315,2026-02-03T17:09:49.666552,0.0,Arrears,104
3212,315,2026-03-05T17:09:49.666552,0.0,Arrears,74
3213,315,2026-04-04T17:09:49.666552,0.0,Late,44
3214,315,2026-05-04T17:09:49.666552,6293.300724290976,On-time,14
3215,316,2024-12-06T17:09:49.666552,0.0,Arrears,528
3216,316,2025-01-05T17:09:49.666552,0.0,Arrears,498
3217,316,2025-02-04T17:09:49.666552,0.0,Arrears,468
3218,316,2025-03-06T17:09:49.666552,0.0,Arrears,438
3219,316,2025-04-05T17:09:49.666552,0.0,Arrears,408
3220,316,2025-05-05T17:09:49.666552,0.0,Arrears,378
3221,316,2025-06-04T17:09:49.666552,0.0,Arrears,348
3222,316,2025-07-04T17:09:49.666552,0.0,Arrears,318
3223,316,2025-08-03T17:09:49.666552,0.0,Arrears,288
3224,316,2025-09-02T17:09:49.666552,0.0,Arrears,258
3225,316,2025-10-02T17:09:49.666552,0.0,Arrears,228
3226,316,2025-11-01T17:09:49.666552,0.0,Arrears,198
3227,316,2025-12-01T17:09:49.666552,0.0,Arrears,168
3228,316,2025-12-31T17:09:49.666552,0.0,Arrears,138
3229,316,2026-01-30T17:09:49.666552,0.0,Arrears,108
3230,316,2026-03-01T17:09:49.666552,0.0,Arrears,78
3231,316,2026-03-31T17:09:49.666552,0.0,Late,48
3232,316,2026-04-30T17:09:49.666552,9038.386798970849,On-time,18
3233,317,2026-02-10T17:09:49.666552,0.0,Arrears,97
3234,317,2026-03-12T17:09:49.666552,0.0,Arrears,67
3235,317,2026-04-11T17:09:49.666552,0.0,Late,37
3236,317,2026-05-11T17:09:49.666552,10317.82290004343,On-time,7
3237,318,2025-08-13T17:09:49.668579,0.0,Arrears,278
3238,318,2025-09-12T17:09:49.668579,0.0,Arrears,248
3239,318,2025-10-12T17:09:49.668579,0.0,Arrears,218
3240,318,2025-11-11T17:09:49.668579,0.0,Arrears,188
3241,318,2025-12-11T17:09:49.668579,0.0,Arrears,158
3242,318,2026-01-10T17:09:49.668579,0.0,Arrears,128
3243,318,2026-02-09T17:09:49.668579,0.0,Arrears,98
3244,318,2026-03-11T17:09:49.668579,0.0,Arrears,68
3245,318,2026-04-10T17:09:49.668579,0.0,Late,38
3246,318,2026-05-10T17:09:49.668579,5479.152475400297,On-time,8
3247,319,2025-11-23T17:09:49.668579,0.0,Arrears,176
3248,319,2025-12-23T17:09:49.668579,0.0,Arrears,146
3249,319,2026-01-22T17:09:49.668579,0.0,Arrears,116
3250,320,2024-12-13T17:09:49.668579,0.0,Arrears,521
3251,320,2025-01-12T17:09:49.668579,0.0,Arrears,491
3252,321,2024-08-08T17:09:49.668579,0.0,Arrears,648
3253,321,2024-09-07T17:09:49.668579,0.0,Arrears,618
3254,321,2024-10-07T17:09:49.668579,0.0,Arrears,588
3255,321,2024-11-06T17:09:49.668579,0.0,Arrears,558
3256,321,2024-12-06T17:09:49.668579,0.0,Arrears,528
3257,321,2025-01-05T17:09:49.668579,0.0,Arrears,498
3258,321,2025-02-04T17:09:49.668579,0.0,Arrears,468
3259,321,2025-03-06T17:09:49.668579,0.0,Arrears,438
3260,321,2025-04-05T17:09:49.668579,0.0,Arrears,408
3261,321,2025-05-05T17:09:49.668579,0.0,Arrears,378
3262,321,2025-06-04T17:09:49.668579,0.0,Arrears,348
3263,322,2025-08-25T17:09:49.668579,0.0,Arrears,266
3264,322,2025-09-24T17:09:49.668579,0.0,Arrears,236
3265,322,2025-10-24T17:09:49.668579,0.0,Arrears,206
3266,322,2025-11-23T17:09:49.668579,0.0,Arrears,176
3267,322,2025-12-23T17:09:49.668579,0.0,Arrears,146
3268,322,2026-01-22T17:09:49.668579,0.0,Arrears,116
3269,322,2026-02-21T17:09:49.668579,0.0,Arrears,86
3270,322,2026-03-23T17:09:49.668579,0.0,Late,56
3271,322,2026-04-22T17:09:49.668579,38059.273639849736,On-time,26
3272,323,2025-07-22T17:09:49.668579,0.0,Arrears,300
3273,323,2025-08-21T17:09:49.668579,0.0,Arrears,270
3274,323,2025-09-20T17:09:49.668579,0.0,Arrears,240
3275,323,2025-10-20T17:09:49.668579,0.0,Arrears,210
3276,323,2025-11-19T17:09:49.668579,0.0,Arrears,180
3277,323,2025-12-19T17:09:49.668579,0.0,Arrears,150
3278,323,2026-01-18T17:09:49.668579,0.0,Arrears,120
3279,323,2026-02-17T17:09:49.668579,0.0,Arrears,90
3280,323,2026-03-19T17:09:49.668579,0.0,Arrears,60
3281,323,2026-04-18T17:09:49.668579,0.0,Late,30
3282,323,2026-05-18T17:09:49.668579,34200.70826370829,On-time,0
3283,324,2025-10-11T17:09:49.673505,0.0,Arrears,219
3284,324,2025-11-10T17:09:49.673505,0.0,Arrears,189
3285,324,2025-12-10T17:09:49.673505,0.0,Arrears,159
3286,324,2026-01-09T17:09:49.673505,0.0,Arrears,129
3287,324,2026-02-08T17:09:49.673505,0.0,Arrears,99
3288,324,2026-03-10T17:09:49.673505,0.0,Arrears,69
3289,324,2026-04-09T17:09:49.673505,0.0,Late,39
3290,324,2026-05-09T17:09:49.673505,5278.308371819308,On-time,9
3291,325,2025-05-25T17:09:49.673505,0.0,Arrears,358
3292,325,2025-06-24T17:09:49.673505,0.0,Arrears,328
3293,325,2025-07-24T17:09:49.673505,0.0,Arrears,298
3294,325,2025-08-23T17:09:49.673505,0.0,Arrears,268
3295,325,2025-09-22T17:09:49.673505,0.0,Arrears,238
3296,325,2025-10-22T17:09:49.673505,0.0,Arrears,208
3297,325,2025-11-21T17:09:49.673505,0.0,Arrears,178
3298,325,2025-12-21T17:09:49.673505,0.0,Arrears,148
3299,325,2026-01-20T17:09:49.673505,0.0,Arrears,118
3300,325,2026-02-19T17:09:49.673505,0.0,Arrears,88
3301,325,2026-03-21T17:09:49.673505,0.0,Late,58
3302,325,2026-04-20T17:09:49.673505,261.0490580632633,On-time,28
3303,326,2024-09-05T17:09:49.673505,0.0,Arrears,620
3304,326,2024-10-05T17:09:49.673505,0.0,Arrears,590
3305,326,2024-11-04T17:09:49.673505,0.0,Arrears,560
3306,326,2024-12-04T17:09:49.673505,0.0,Arrears,530
3307,326,2025-01-03T17:09:49.673505,0.0,Arrears,500
3308,326,2025-02-02T17:09:49.673505,0.0,Arrears,470
3309,326,2025-03-04T17:09:49.673505,0.0,Arrears,440
3310,326,2025-04-03T17:09:49.673505,0.0,Arrears,410
3311,326,2025-05-03T17:09:49.673505,0.0,Arrears,380
3312,326,2025-06-02T17:09:49.673505,0.0,Arrears,350
3313,326,2025-07-02T17:09:49.673505,0.0,Arrears,320
3314,326,2025-08-01T17:09:49.673505,0.0,Arrears,290
3315,326,2025-08-31T17:09:49.673505,0.0,Arrears,260
3316,326,2025-09-30T17:09:49.673505,0.0,Arrears,230
3317,326,2025-10-30T17:09:49.673505,0.0,Arrears,200
3318,326,2025-11-29T17:09:49.673505,0.0,Arrears,170
3319,326,2025-12-29T17:09:49.673505,0.0,Arrears,140
3320,326,2026-01-28T17:09:49.673505,0.0,Arrears,110
3321,326,2026-02-27T17:09:49.673505,0.0,Arrears,80
3322,326,2026-03-29T17:09:49.673505,0.0,Late,50
3323,326,2026-04-28T17:09:49.673505,10842.31552334269,On-time,20
3324,327,2025-12-22T17:09:49.673505,0.0,Arrears,147
3325,327,2026-01-21T17:09:49.673505,0.0,Arrears,117
3326,327,2026-02-20T17:09:49.673505,0.0,Arrears,87
3327,327,2026-03-22T17:09:49.673505,0.0,Late,57
3328,327,2026-04-21T17:09:49.673505,2803.6852219619154,On-time,27
3329,328,2025-04-16T17:09:49.673505,0.0,Arrears,397
3330,328,2025-05-16T17:09:49.673505,0.0,Arrears,367
3331,328,2025-06-15T17:09:49.673505,0.0,Arrears,337
3332,328,2025-07-15T17:09:49.673505,0.0,Arrears,307
3333,328,2025-08-14T17:09:49.673505,0.0,Arrears,277
3334,328,2025-09-13T17:09:49.673505,0.0,Arrears,247
3335,328,2025-10-13T17:09:49.673505,0.0,Arrears,217
3336,328,2025-11-12T17:09:49.673505,0.0,Arrears,187
3337,329,2024-09-02T17:09:49.673505,0.0,Arrears,623
3338,329,2024-10-02T17:09:49.673505,0.0,Arrears,593
3339,330,2025-04-21T17:09:49.677139,0.0,Arrears,392
3340,330,2025-05-21T17:09:49.677139,0.0,Arrears,362
3341,330,2025-06-20T17:09:49.677139,0.0,Arrears,332
3342,330,2025-07-20T17:09:49.677139,0.0,Arrears,302
3343,330,2025-08-19T17:09:49.677139,0.0,Arrears,272
3344,330,2025-09-18T17:09:49.677139,0.0,Arrears,242
3345,330,2025-10-18T17:09:49.677139,0.0,Arrears,212
3346,330,2025-11-17T17:09:49.677139,0.0,Arrears,182
3347,330,2025-12-17T17:09:49.677139,0.0,Arrears,152
3348,330,2026-01-16T17:09:49.677139,0.0,Arrears,122
3349,330,2026-02-15T17:09:49.677139,0.0,Arrears,92
3350,330,2026-03-17T17:09:49.677139,0.0,Arrears,62
3351,330,2026-04-16T17:09:49.677139,0.0,Late,32
3352,330,2026-05-16T17:09:49.677139,5313.816575527891,On-time,2
3353,331,2025-10-16T17:09:49.677139,0.0,Arrears,214
3354,331,2025-11-15T17:09:49.677139,0.0,Arrears,184
3355,331,2025-12-15T17:09:49.677139,0.0,Arrears,154
3356,331,2026-01-14T17:09:49.677139,0.0,Arrears,124
3357,331,2026-02-13T17:09:49.677139,0.0,Arrears,94
3358,331,2026-03-15T17:09:49.677139,0.0,Arrears,64
3359,331,2026-04-14T17:09:49.677139,0.0,Late,34
3360,331,2026-05-14T17:09:49.677139,739.0562875809783,On-time,4
3361,332,2026-03-23T17:09:49.677139,0.0,Late,56
3362,332,2026-04-22T17:09:49.677139,24896.41245844894,On-time,26
3363,333,2025-09-20T17:09:49.677139,0.0,Arrears,240
3364,333,2025-10-20T17:09:49.677139,0.0,Arrears,210
3365,333,2025-11-19T17:09:49.677139,0.0,Arrears,180
3366,333,2025-12-19T17:09:49.677139,0.0,Arrears,150
3367,333,2026-01-18T17:09:49.677139,0.0,Arrears,120
3368,333,2026-02-17T17:09:49.677139,0.0,Arrears,90
3369,333,2026-03-19T17:09:49.677139,0.0,Arrears,60
3370,333,2026-04-18T17:09:49.677139,0.0,Late,30
3371,333,2026-05-18T17:09:49.677139,12657.351155277727,On-time,0
3372,334,2025-10-24T17:09:49.677139,0.0,Arrears,206
3373,334,2025-11-23T17:09:49.677139,0.0,Arrears,176
3374,334,2025-12-23T17:09:49.677139,0.0,Arrears,146
3375,334,2026-01-22T17:09:49.677139,0.0,Arrears,116
3376,334,2026-02-21T17:09:49.677139,0.0,Arrears,86
3377,334,2026-03-23T17:09:49.677139,0.0,Late,56
3378,334,2026-04-22T17:09:49.677139,19833.980577037535,On-time,26
3379,335,2025-02-10T17:09:49.677139,0.0,Arrears,462
3380,335,2025-03-12T17:09:49.677139,0.0,Arrears,432
3381,335,2025-04-11T17:09:49.677139,0.0,Arrears,402
3382,335,2025-05-11T17:09:49.677139,0.0,Arrears,372
3383,335,2025-06-10T17:09:49.677139,0.0,Arrears,342
3384,335,2025-07-10T17:09:49.677139,0.0,Arrears,312
3385,335,2025-08-09T17:09:49.677139,0.0,Arrears,282
3386,335,2025-09-08T17:09:49.677139,0.0,Arrears,252
3387,336,2025-11-29T17:09:49.677139,0.0,Arrears,170
3388,336,2025-12-29T17:09:49.677139,0.0,Arrears,140
3389,336,2026-01-28T17:09:49.677139,0.0,Arrears,110
3390,336,2026-02-27T17:09:49.677139,0.0,Arrears,80
3391,336,2026-03-29T17:09:49.677139,0.0,Late,50
3392,336,2026-04-28T17:09:49.677139,9603.346595179768,On-time,20
3393,337,2024-09-05T17:09:49.683263,0.0,Arrears,620
3394,337,2024-10-05T17:09:49.683263,0.0,Arrears,590
3395,337,2024-11-04T17:09:49.683263,0.0,Arrears,560
3396,337,2024-12-04T17:09:49.683263,0.0,Arrears,530
3397,337,2025-01-03T17:09:49.683263,0.0,Arrears,500
3398,337,2025-02-02T17:09:49.683263,0.0,Arrears,470
3399,337,2025-03-04T17:09:49.683263,0.0,Arrears,440
3400,337,2025-04-03T17:09:49.683263,0.0,Arrears,410
3401,337,2025-05-03T17:09:49.683263,0.0,Arrears,380
3402,337,2025-06-02T17:09:49.683263,0.0,Arrears,350
3403,337,2025-07-02T17:09:49.683263,0.0,Arrears,320
3404,337,2025-08-01T17:09:49.683263,0.0,Arrears,290
3405,337,2025-08-31T17:09:49.683263,0.0,Arrears,260
3406,337,2025-09-30T17:09:49.683263,0.0,Arrears,230
3407,337,2025-10-30T17:09:49.683263,0.0,Arrears,200
3408,337,2025-11-29T17:09:49.683263,0.0,Arrears,170
3409,337,2025-12-29T17:09:49.683263,0.0,Arrears,140
3410,337,2026-01-28T17:09:49.683263,0.0,Arrears,110
3411,337,2026-02-27T17:09:49.683263,0.0,Arrears,80
3412,337,2026-03-29T17:09:49.683263,0.0,Late,50
3413,337,2026-04-28T17:09:49.683263,13959.384561197687,On-time,20
3414,338,2024-10-29T17:09:49.683263,0.0,Arrears,566
3415,338,2024-11-28T17:09:49.683263,0.0,Arrears,536
3416,338,2024-12-28T17:09:49.683263,0.0,Arrears,506
3417,338,2025-01-27T17:09:49.683263,0.0,Arrears,476
3418,338,2025-02-26T17:09:49.683263,0.0,Arrears,446
3419,338,2025-03-28T17:09:49.683263,0.0,Arrears,416
3420,338,2025-04-27T17:09:49.683263,0.0,Arrears,386
3421,338,2025-05-27T17:09:49.683263,0.0,Arrears,356
3422,338,2025-06-26T17:09:49.683263,0.0,Arrears,326
3423,338,2025-07-26T17:09:49.683263,0.0,Arrears,296
3424,338,2025-08-25T17:09:49.683263,0.0,Arrears,266
3425,338,2025-09-24T17:09:49.683263,0.0,Arrears,236
3426,338,2025-10-24T17:09:49.683263,0.0,Arrears,206
3427,338,2025-11-23T17:09:49.683263,0.0,Arrears,176
3428,338,2025-12-23T17:09:49.683263,0.0,Arrears,146
3429,338,2026-01-22T17:09:49.683263,0.0,Arrears,116
3430,338,2026-02-21T17:09:49.683263,0.0,Arrears,86
3431,338,2026-03-23T17:09:49.683263,0.0,Late,56
3432,338,2026-04-22T17:09:49.683263,8854.137414288589,On-time,26
3433,339,2024-10-10T17:09:49.683263,0.0,Arrears,585
3434,340,2025-05-17T17:09:49.683263,0.0,Arrears,366
3435,340,2025-06-16T17:09:49.683263,0.0,Arrears,336
3436,340,2025-07-16T17:09:49.683263,0.0,Arrears,306
3437,340,2025-08-15T17:09:49.683263,0.0,Arrears,276
3438,340,2025-09-14T17:09:49.683263,0.0,Arrears,246
3439,340,2025-10-14T17:09:49.683263,0.0,Arrears,216
3440,340,2025-11-13T17:09:49.683263,0.0,Arrears,186
3441,340,2025-12-13T17:09:49.683263,0.0,Arrears,156
3442,340,2026-01-12T17:09:49.683263,0.0,Arrears,126
3443,340,2026-02-11T17:09:49.683263,0.0,Arrears,96
3444,340,2026-03-13T17:09:49.683263,0.0,Arrears,66
3445,340,2026-04-12T17:09:49.683263,0.0,Late,36
3446,340,2026-05-12T17:09:49.683263,9381.626115304749,On-time,6
3447,341,2025-08-24T17:09:49.683263,0.0,Arrears,267
3448,341,2025-09-23T17:09:49.683263,0.0,Arrears,237
3449,341,2025-10-23T17:09:49.683263,0.0,Arrears,207
3450,341,2025-11-22T17:09:49.683263,0.0,Arrears,177
3451,341,2025-12-22T17:09:49.683263,0.0,Arrears,147
3452,341,2026-01-21T17:09:49.683263,0.0,Arrears,117
3453,341,2026-02-20T17:09:49.683263,0.0,Arrears,87
3454,341,2026-03-22T17:09:49.683263,0.0,Late,57
3455,341,2026-04-21T17:09:49.683263,6223.791728185938,On-time,27
3456,342,2026-02-24T17:09:49.683263,0.0,Arrears,83
3457,342,2026-03-26T17:09:49.683263,0.0,Late,53
3458,342,2026-04-25T17:09:49.683263,31023.958448623187,On-time,23
3459,343,2026-02-25T17:09:49.683263,0.0,Arrears,82
3460,343,2026-03-27T17:09:49.683263,0.0,Late,52
3461,343,2026-04-26T17:09:49.683263,33825.87473493812,On-time,22
3462,344,2025-07-11T17:09:49.683263,0.0,Arrears,311
3463,344,2025-08-10T17:09:49.683263,0.0,Arrears,281
3464,344,2025-09-09T17:09:49.683263,0.0,Arrears,251
3465,344,2025-10-09T17:09:49.683263,0.0,Arrears,221
3466,344,2025-11-08T17:09:49.683263,0.0,Arrears,191
3467,344,2025-12-08T17:09:49.683263,0.0,Arrears,161
3468,344,2026-01-07T17:09:49.683263,0.0,Arrears,131
3469,344,2026-02-06T17:09:49.683263,0.0,Arrears,101
3470,344,2026-03-08T17:09:49.683263,0.0,Arrears,71
3471,344,2026-04-07T17:09:49.683263,0.0,Late,41
3472,344,2026-05-07T17:09:49.683263,3000.952260297083,On-time,11
3473,345,2024-12-05T17:09:49.683263,0.0,Arrears,529
3474,345,2025-01-04T17:09:49.683263,0.0,Arrears,499
3475,345,2025-02-03T17:09:49.683263,0.0,Arrears,469
3476,345,2025-03-05T17:09:49.683263,0.0,Arrears,439
3477,345,2025-04-04T17:09:49.683263,0.0,Arrears,409
3478,345,2025-05-04T17:09:49.683263,0.0,Arrears,379
3479,345,2025-06-03T17:09:49.683263,0.0,Arrears,349
3480,345,2025-07-03T17:09:49.683263,0.0,Arrears,319
3481,345,2025-08-02T17:09:49.683263,0.0,Arrears,289
3482,345,2025-09-01T17:09:49.683263,0.0,Arrears,259
3483,345,2025-10-01T17:09:49.683263,0.0,Arrears,229
3484,345,2025-10-31T17:09:49.683263,0.0,Arrears,199
3485,345,2025-11-30T17:09:49.683263,0.0,Arrears,169
3486,345,2025-12-30T17:09:49.683263,0.0,Arrears,139
3487,345,2026-01-29T17:09:49.683263,0.0,Arrears,109
3488,345,2026-02-28T17:09:49.683263,0.0,Arrears,79
3489,345,2026-03-30T17:09:49.683263,0.0,Late,49
3490,345,2026-04-29T17:09:49.683263,8858.848797980647,On-time,19
3491,346,2026-03-25T17:09:49.683263,0.0,Late,54
3492,346,2026-04-24T17:09:49.683263,14847.808024081574,On-time,24
3493,347,2024-06-07T17:09:49.683263,0.0,Arrears,710
3494,347,2024-07-07T17:09:49.683263,0.0,Arrears,680
3495,347,2024-08-06T17:09:49.683263,0.0,Arrears,650
3496,347,2024-09-05T17:09:49.683263,0.0,Arrears,620
3497,347,2024-10-05T17:09:49.683263,0.0,Arrears,590
3498,347,2024-11-04T17:09:49.683263,0.0,Arrears,560
3499,347,2024-12-04T17:09:49.683263,0.0,Arrears,530
3500,347,2025-01-03T17:09:49.683263,0.0,Arrears,500
3501,347,2025-02-02T17:09:49.683263,0.0,Arrears,470
3502,347,2025-03-04T17:09:49.683263,0.0,Arrears,440
3503,347,2025-04-03T17:09:49.683263,0.0,Arrears,410
3504,347,2025-05-03T17:09:49.683263,0.0,Arrears,380
3505,347,2025-06-02T17:09:49.683263,0.0,Arrears,350
3506,347,2025-07-02T17:09:49.683263,0.0,Arrears,320
3507,347,2025-08-01T17:09:49.683263,0.0,Arrears,290
3508,347,2025-08-31T17:09:49.683263,0.0,Arrears,260
3509,347,2025-09-30T17:09:49.683263,0.0,Arrears,230
3510,347,2025-10-30T17:09:49.683263,0.0,Arrears,200
3511,347,2025-11-29T17:09:49.683263,0.0,Arrears,170
3512,347,2025-12-29T17:09:49.683263,0.0,Arrears,140
3513,347,2026-01-28T17:09:49.683263,0.0,Arrears,110
3514,347,2026-02-27T17:09:49.683263,0.0,Arrears,80
3515,347,2026-03-29T17:09:49.683263,0.0,Late,50
3516,347,2026-04-28T17:09:49.683263,7484.069405063592,On-time,20
3517,348,2025-08-15T17:09:49.683263,0.0,Arrears,276
3518,348,2025-09-14T17:09:49.683263,0.0,Arrears,246
3519,348,2025-10-14T17:09:49.683263,0.0,Arrears,216
3520,348,2025-11-13T17:09:49.683263,0.0,Arrears,186
3521,348,2025-12-13T17:09:49.683263,0.0,Arrears,156
3522,348,2026-01-12T17:09:49.683263,0.0,Arrears,126
3523,348,2026-02-11T17:09:49.683263,0.0,Arrears,96
3524,348,2026-03-13T17:09:49.683263,0.0,Arrears,66
3525,348,2026-04-12T17:09:49.683263,0.0,Late,36
3526,348,2026-05-12T17:09:49.683263,15473.0232515114,On-time,6
3527,349,2025-11-27T17:09:49.683263,0.0,Arrears,172
3528,349,2025-12-27T17:09:49.683263,0.0,Arrears,142
3529,349,2026-01-26T17:09:49.683263,0.0,Arrears,112
3530,349,2026-02-25T17:09:49.683263,0.0,Arrears,82
3531,349,2026-03-27T17:09:49.683263,0.0,Late,52
3532,349,2026-04-26T17:09:49.683263,7583.814198780326,On-time,22
3533,350,2025-11-22T17:09:49.692908,0.0,Arrears,177
3534,350,2025-12-22T17:09:49.692908,0.0,Arrears,147
3535,350,2026-01-21T17:09:49.692908,0.0,Arrears,117
3536,350,2026-02-20T17:09:49.692908,0.0,Arrears,87
3537,350,2026-03-22T17:09:49.692908,0.0,Late,57
3538,350,2026-04-21T17:09:49.692908,22148.177406134957,On-time,27
3539,351,2024-08-20T17:09:49.692908,0.0,Arrears,636
3540,351,2024-09-19T17:09:49.692908,0.0,Arrears,606
3541,351,2024-10-19T17:09:49.692908,0.0,Arrears,576
3542,351,2024-11-18T17:09:49.692908,0.0,Arrears,546
3543,351,2024-12-18T17:09:49.692908,0.0,Arrears,516
3544,351,2025-01-17T17:09:49.692908,0.0,Arrears,486
3545,351,2025-02-16T17:09:49.692908,0.0,Arrears,456
3546,351,2025-03-18T17:09:49.692908,0.0,Arrears,426
3547,351,2025-04-17T17:09:49.692908,0.0,Arrears,396
3548,351,2025-05-17T17:09:49.692908,0.0,Arrears,366
3549,351,2025-06-16T17:09:49.692908,0.0,Arrears,336
3550,351,2025-07-16T17:09:49.692908,0.0,Arrears,306
3551,351,2025-08-15T17:09:49.692908,0.0,Arrears,276
3552,351,2025-09-14T17:09:49.692908,0.0,Arrears,246
3553,351,2025-10-14T17:09:49.692908,0.0,Arrears,216
3554,351,2025-11-13T17:09:49.692908,0.0,Arrears,186
3555,351,2025-12-13T17:09:49.692908,0.0,Arrears,156
3556,351,2026-01-12T17:09:49.692908,0.0,Arrears,126
3557,351,2026-02-11T17:09:49.692908,0.0,Arrears,96
3558,352,2025-09-16T17:09:49.692908,0.0,Arrears,244
3559,352,2025-10-16T17:09:49.692908,0.0,Arrears,214
3560,352,2025-11-15T17:09:49.692908,0.0,Arrears,184
3561,352,2025-12-15T17:09:49.692908,0.0,Arrears,154
3562,352,2026-01-14T17:09:49.692908,0.0,Arrears,124
3563,352,2026-02-13T17:09:49.692908,0.0,Arrears,94
3564,352,2026-03-15T17:09:49.692908,0.0,Arrears,64
3565,353,2026-01-01T17:09:49.694918,0.0,Arrears,137
3566,353,2026-01-31T17:09:49.694918,0.0,Arrears,107
3567,353,2026-03-02T17:09:49.694918,0.0,Arrears,77
3568,353,2026-04-01T17:09:49.694918,0.0,Late,47
3569,353,2026-05-01T17:09:49.694918,10258.116559767319,On-time,17
3570,354,2024-07-02T17:09:49.694918,0.0,Arrears,685
3571,354,2024-08-01T17:09:49.694918,0.0,Arrears,655
3572,354,2024-08-31T17:09:49.694918,0.0,Arrears,625
3573,354,2024-09-30T17:09:49.694918,0.0,Arrears,595
3574,354,2024-10-30T17:09:49.694918,0.0,Arrears,565
3575,355,2024-11-30T17:09:49.694918,0.0,Arrears,534
3576,355,2024-12-30T17:09:49.694918,0.0,Arrears,504
3577,355,2025-01-29T17:09:49.694918,0.0,Arrears,474
3578,355,2025-02-28T17:09:49.694918,0.0,Arrears,444
3579,355,2025-03-30T17:09:49.694918,0.0,Arrears,414
3580,355,2025-04-29T17:09:49.694918,0.0,Arrears,384
3581,355,2025-05-29T17:09:49.694918,0.0,Arrears,354
3582,355,2025-06-28T17:09:49.694918,0.0,Arrears,324
3583,355,2025-07-28T17:09:49.694918,0.0,Arrears,294
3584,355,2025-08-27T17:09:49.694918,0.0,Arrears,264
3585,355,2025-09-26T17:09:49.694918,0.0,Arrears,234
3586,355,2025-10-26T17:09:49.694918,0.0,Arrears,204
3587,355,2025-11-25T17:09:49.694918,0.0,Arrears,174
3588,355,2025-12-25T17:09:49.694918,0.0,Arrears,144
3589,355,2026-01-24T17:09:49.694918,0.0,Arrears,114
3590,355,2026-02-23T17:09:49.694918,0.0,Arrears,84
3591,356,2026-03-28T17:09:49.696927,0.0,Late,51
3592,356,2026-04-27T17:09:49.696927,76935.8168366078,On-time,21
3593,357,2024-06-09T17:09:49.696927,0.0,Arrears,708
3594,357,2024-07-09T17:09:49.696927,0.0,Arrears,678
3595,357,2024-08-08T17:09:49.696927,0.0,Arrears,648
3596,357,2024-09-07T17:09:49.696927,0.0,Arrears,618
3597,357,2024-10-07T17:09:49.696927,0.0,Arrears,588
3598,357,2024-11-06T17:09:49.696927,0.0,Arrears,558
3599,357,2024-12-06T17:09:49.696927,0.0,Arrears,528
3600,357,2025-01-05T17:09:49.696927,0.0,Arrears,498
3601,357,2025-02-04T17:09:49.696927,0.0,Arrears,468
3602,357,2025-03-06T17:09:49.696927,0.0,Arrears,438
3603,357,2025-04-05T17:09:49.696927,0.0,Arrears,408
3604,357,2025-05-05T17:09:49.696927,0.0,Arrears,378
3605,357,2025-06-04T17:09:49.696927,0.0,Arrears,348
3606,357,2025-07-04T17:09:49.696927,0.0,Arrears,318
3607,358,2025-10-07T17:09:49.696927,0.0,Arrears,223
3608,358,2025-11-06T17:09:49.696927,0.0,Arrears,193
3609,358,2025-12-06T17:09:49.696927,0.0,Arrears,163
3610,358,2026-01-05T17:09:49.696927,0.0,Arrears,133
3611,358,2026-02-04T17:09:49.696927,0.0,Arrears,103
3612,358,2026-03-06T17:09:49.696927,0.0,Arrears,73
3613,358,2026-04-05T17:09:49.696927,0.0,Late,43
3614,358,2026-05-05T17:09:49.696927,45194.706480638626,On-time,13
3615,359,2025-04-16T17:09:49.698936,0.0,Arrears,397
3616,359,2025-05-16T17:09:49.698936,0.0,Arrears,367
3617,359,2025-06-15T17:09:49.698936,0.0,Arrears,337
3618,359,2025-07-15T17:09:49.698936,0.0,Arrears,307
3619,359,2025-08-14T17:09:49.698936,0.0,Arrears,277
3620,359,2025-09-13T17:09:49.698936,0.0,Arrears,247
3621,359,2025-10-13T17:09:49.698936,0.0,Arrears,217
3622,359,2025-11-12T17:09:49.698936,0.0,Arrears,187
3623,359,2025-12-12T17:09:49.698936,0.0,Arrears,157
3624,359,2026-01-11T17:09:49.698936,0.0,Arrears,127
3625,360,2025-02-03T17:09:49.699907,0.0,Arrears,469
3626,360,2025-03-05T17:09:49.699907,0.0,Arrears,439
3627,360,2025-04-04T17:09:49.699907,0.0,Arrears,409
3628,360,2025-05-04T17:09:49.699907,0.0,Arrears,379
3629,360,2025-06-03T17:09:49.699907,0.0,Arrears,349
3630,360,2025-07-03T17:09:49.699907,0.0,Arrears,319
3631,360,2025-08-02T17:09:49.699907,0.0,Arrears,289
3632,360,2025-09-01T17:09:49.699907,0.0,Arrears,259
3633,360,2025-10-01T17:09:49.699907,0.0,Arrears,229
3634,360,2025-10-31T17:09:49.699907,0.0,Arrears,199
3635,360,2025-11-30T17:09:49.699907,0.0,Arrears,169
3636,360,2025-12-30T17:09:49.699907,0.0,Arrears,139
3637,360,2026-01-29T17:09:49.699907,0.0,Arrears,109
3638,360,2026-02-28T17:09:49.699907,0.0,Arrears,79
3639,360,2026-03-30T17:09:49.699907,0.0,Late,49
3640,360,2026-04-29T17:09:49.699907,14286.267393527472,On-time,19
3641,361,2026-04-09T17:09:49.700218,0.0,Late,39
3642,362,2024-05-28T17:09:49.701322,0.0,Arrears,720
3643,362,2024-06-27T17:09:49.701322,0.0,Arrears,690
3644,362,2024-07-27T17:09:49.701322,0.0,Arrears,660
3645,362,2024-08-26T17:09:49.701322,0.0,Arrears,630
3646,362,2024-09-25T17:09:49.701322,0.0,Arrears,600
3647,362,2024-10-25T17:09:49.701322,0.0,Arrears,570
3648,362,2024-11-24T17:09:49.701322,0.0,Arrears,540
3649,362,2024-12-24T17:09:49.701322,0.0,Arrears,510
3650,362,2025-01-23T17:09:49.701322,0.0,Arrears,480
3651,362,2025-02-22T17:09:49.701322,0.0,Arrears,450
3652,362,2025-03-24T17:09:49.701322,0.0,Arrears,420
3653,362,2025-04-23T17:09:49.701322,0.0,Arrears,390
3654,362,2025-05-23T17:09:49.701322,0.0,Arrears,360
3655,362,2025-06-22T17:09:49.701322,0.0,Arrears,330
3656,362,2025-07-22T17:09:49.701322,0.0,Arrears,300
3657,362,2025-08-21T17:09:49.701322,0.0,Arrears,270
3658,362,2025-09-20T17:09:49.701322,0.0,Arrears,240
3659,362,2025-10-20T17:09:49.701322,0.0,Arrears,210
3660,362,2025-11-19T17:09:49.701322,0.0,Arrears,180
3661,362,2025-12-19T17:09:49.701322,0.0,Arrears,150
3662,362,2026-01-18T17:09:49.701322,0.0,Arrears,120
3663,362,2026-02-17T17:09:49.701322,0.0,Arrears,90
3664,362,2026-03-19T17:09:49.701322,0.0,Arrears,60
3665,362,2026-04-18T17:09:49.701322,0.0,Late,30
3666,362,2026-05-18T17:09:49.701322,14244.071092844979,On-time,0
3667,363,2026-01-15T17:09:49.701322,0.0,Arrears,123
3668,363,2026-02-14T17:09:49.701322,0.0,Arrears,93
3669,363,2026-03-16T17:09:49.701322,0.0,Arrears,63
3670,363,2026-04-15T17:09:49.701322,0.0,Late,33
3671,363,2026-05-15T17:09:49.701322,9565.519145061322,On-time,3
3672,364,2024-10-14T17:09:49.703330,0.0,Arrears,581
3673,364,2024-11-13T17:09:49.703330,0.0,Arrears,551
3674,364,2024-12-13T17:09:49.703330,0.0,Arrears,521
3675,364,2025-01-12T17:09:49.703330,0.0,Arrears,491
3676,364,2025-02-11T17:09:49.703330,0.0,Arrears,461
3677,364,2025-03-13T17:09:49.703330,0.0,Arrears,431
3678,364,2025-04-12T17:09:49.703330,0.0,Arrears,401
3679,364,2025-05-12T17:09:49.703330,0.0,Arrears,371
3680,364,2025-06-11T17:09:49.703330,0.0,Arrears,341
3681,364,2025-07-11T17:09:49.703330,0.0,Arrears,311
3682,364,2025-08-10T17:09:49.703330,0.0,Arrears,281
3683,364,2025-09-09T17:09:49.703330,0.0,Arrears,251
3684,364,2025-10-09T17:09:49.703330,0.0,Arrears,221
3685,364,2025-11-08T17:09:49.703330,0.0,Arrears,191
3686,364,2025-12-08T17:09:49.703330,0.0,Arrears,161
3687,364,2026-01-07T17:09:49.703330,0.0,Arrears,131
3688,364,2026-02-06T17:09:49.703330,0.0,Arrears,101
3689,364,2026-03-08T17:09:49.703330,0.0,Arrears,71
3690,364,2026-04-07T17:09:49.703330,0.0,Late,41
3691,364,2026-05-07T17:09:49.703330,23035.19487521688,On-time,11
3692,365,2025-07-13T17:09:49.703330,0.0,Arrears,309
3693,365,2025-08-12T17:09:49.703330,0.0,Arrears,279
3694,365,2025-09-11T17:09:49.703330,0.0,Arrears,249
3695,365,2025-10-11T17:09:49.703330,0.0,Arrears,219
3696,365,2025-11-10T17:09:49.703330,0.0,Arrears,189
3697,365,2025-12-10T17:09:49.703330,0.0,Arrears,159
3698,365,2026-01-09T17:09:49.703330,0.0,Arrears,129
3699,365,2026-02-08T17:09:49.703330,0.0,Arrears,99
3700,365,2026-03-10T17:09:49.703330,0.0,Arrears,69
3701,365,2026-04-09T17:09:49.703330,0.0,Late,39
3702,365,2026-05-09T17:09:49.703330,6885.226739619401,On-time,9
3703,366,2024-06-29T17:09:49.703330,0.0,Arrears,688
3704,366,2024-07-29T17:09:49.703330,0.0,Arrears,658
3705,366,2024-08-28T17:09:49.703330,0.0,Arrears,628
3706,366,2024-09-27T17:09:49.703330,0.0,Arrears,598
3707,366,2024-10-27T17:09:49.703330,0.0,Arrears,568
3708,366,2024-11-26T17:09:49.703330,0.0,Arrears,538
3709,366,2024-12-26T17:09:49.703330,0.0,Arrears,508
3710,366,2025-01-25T17:09:49.703330,0.0,Arrears,478
3711,366,2025-02-24T17:09:49.703330,0.0,Arrears,448
3712,366,2025-03-26T17:09:49.703330,0.0,Arrears,418
3713,366,2025-04-25T17:09:49.703330,0.0,Arrears,388
3714,366,2025-05-25T17:09:49.703330,0.0,Arrears,358
3715,366,2025-06-24T17:09:49.703330,0.0,Arrears,328
3716,366,2025-07-24T17:09:49.703330,0.0,Arrears,298
3717,366,2025-08-23T17:09:49.703330,0.0,Arrears,268
3718,366,2025-09-22T17:09:49.703330,0.0,Arrears,238
3719,366,2025-10-22T17:09:49.703330,0.0,Arrears,208
3720,366,2025-11-21T17:09:49.703330,0.0,Arrears,178
3721,367,2024-07-02T17:09:49.705339,0.0,Arrears,685
3722,367,2024-08-01T17:09:49.705339,0.0,Arrears,655
3723,367,2024-08-31T17:09:49.705339,0.0,Arrears,625
3724,367,2024-09-30T17:09:49.705339,0.0,Arrears,595
3725,367,2024-10-30T17:09:49.705339,0.0,Arrears,565
3726,367,2024-11-29T17:09:49.705339,0.0,Arrears,535
3727,367,2024-12-29T17:09:49.705339,0.0,Arrears,505
3728,367,2025-01-28T17:09:49.705339,0.0,Arrears,475
3729,367,2025-02-27T17:09:49.705339,0.0,Arrears,445
3730,367,2025-03-29T17:09:49.705339,0.0,Arrears,415
3731,367,2025-04-28T17:09:49.705339,0.0,Arrears,385
3732,367,2025-05-28T17:09:49.705339,0.0,Arrears,355
3733,367,2025-06-27T17:09:49.705339,0.0,Arrears,325
3734,367,2025-07-27T17:09:49.705339,0.0,Arrears,295
3735,367,2025-08-26T17:09:49.705339,0.0,Arrears,265
3736,367,2025-09-25T17:09:49.705339,0.0,Arrears,235
3737,367,2025-10-25T17:09:49.705339,0.0,Arrears,205
3738,367,2025-11-24T17:09:49.705339,0.0,Arrears,175
3739,367,2025-12-24T17:09:49.705339,0.0,Arrears,145
3740,367,2026-01-23T17:09:49.705339,0.0,Arrears,115
3741,367,2026-02-22T17:09:49.705339,0.0,Arrears,85
3742,367,2026-03-24T17:09:49.705339,0.0,Late,55
3743,367,2026-04-23T17:09:49.705339,5415.551607720218,On-time,25
3744,368,2025-07-13T17:09:49.705339,0.0,Arrears,309
3745,368,2025-08-12T17:09:49.705339,0.0,Arrears,279
3746,368,2025-09-11T17:09:49.705339,0.0,Arrears,249
3747,368,2025-10-11T17:09:49.705339,0.0,Arrears,219
3748,369,2026-03-06T17:09:49.705339,0.0,Arrears,73
3749,369,2026-04-05T17:09:49.705339,0.0,Late,43
3750,369,2026-05-05T17:09:49.705339,1163.9737742357504,On-time,13
3751,370,2025-06-09T17:09:49.705339,0.0,Arrears,343
3752,370,2025-07-09T17:09:49.705339,0.0,Arrears,313
3753,370,2025-08-08T17:09:49.705339,0.0,Arrears,283
3754,370,2025-09-07T17:09:49.705339,0.0,Arrears,253
3755,370,2025-10-07T17:09:49.705339,0.0,Arrears,223
3756,370,2025-11-06T17:09:49.705339,0.0,Arrears,193
3757,370,2025-12-06T17:09:49.705339,0.0,Arrears,163
3758,370,2026-01-05T17:09:49.705339,0.0,Arrears,133
3759,370,2026-02-04T17:09:49.705339,0.0,Arrears,103
3760,370,2026-03-06T17:09:49.705339,0.0,Arrears,73
3761,370,2026-04-05T17:09:49.705339,0.0,Late,43
3762,370,2026-05-05T17:09:49.705339,4154.493464359731,On-time,13
3763,371,2026-03-14T17:09:49.707346,0.0,Arrears,65
3764,371,2026-04-13T17:09:49.707346,0.0,Late,35
3765,371,2026-05-13T17:09:49.707346,55112.08810630588,On-time,5
3766,372,2025-10-04T17:09:49.707346,0.0,Arrears,226
3767,372,2025-11-03T17:09:49.707346,0.0,Arrears,196
3768,372,2025-12-03T17:09:49.707346,0.0,Arrears,166
3769,372,2026-01-02T17:09:49.707346,0.0,Arrears,136
3770,372,2026-02-01T17:09:49.707346,0.0,Arrears,106
3771,372,2026-03-03T17:09:49.707346,0.0,Arrears,76
3772,373,2025-07-21T17:09:49.707346,0.0,Arrears,301
3773,373,2025-08-20T17:09:49.707346,0.0,Arrears,271
3774,373,2025-09-19T17:09:49.707346,0.0,Arrears,241
3775,373,2025-10-19T17:09:49.707346,0.0,Arrears,211
3776,373,2025-11-18T17:09:49.707346,0.0,Arrears,181
3777,373,2025-12-18T17:09:49.707346,0.0,Arrears,151
3778,373,2026-01-17T17:09:49.707346,0.0,Arrears,121
3779,373,2026-02-16T17:09:49.707346,0.0,Arrears,91
3780,373,2026-03-18T17:09:49.707346,0.0,Arrears,61
3781,373,2026-04-17T17:09:49.707346,0.0,Late,31
3782,373,2026-05-17T17:09:49.707346,11712.556516033052,On-time,1
3783,374,2025-11-11T17:09:49.709354,0.0,Arrears,188
3784,374,2025-12-11T17:09:49.709354,0.0,Arrears,158
3785,374,2026-01-10T17:09:49.709354,0.0,Arrears,128
3786,374,2026-02-09T17:09:49.709354,0.0,Arrears,98
3787,374,2026-03-11T17:09:49.709354,0.0,Arrears,68
3788,374,2026-04-10T17:09:49.709354,0.0,Late,38
3789,374,2026-05-10T17:09:49.709354,16585.639047989032,On-time,8
3790,375,2025-02-05T17:09:49.709354,0.0,Arrears,467
3791,375,2025-03-07T17:09:49.709354,0.0,Arrears,437
3792,375,2025-04-06T17:09:49.709354,0.0,Arrears,407
3793,375,2025-05-06T17:09:49.709354,0.0,Arrears,377
3794,376,2024-06-14T17:09:49.709354,0.0,Arrears,703
3795,376,2024-07-14T17:09:49.709354,0.0,Arrears,673
3796,376,2024-08-13T17:09:49.709354,0.0,Arrears,643
3797,376,2024-09-12T17:09:49.709354,0.0,Arrears,613
3798,376,2024-10-12T17:09:49.709354,0.0,Arrears,583
3799,376,2024-11-11T17:09:49.709354,0.0,Arrears,553
3800,376,2024-12-11T17:09:49.709354,0.0,Arrears,523
3801,377,2025-10-27T17:09:49.711363,0.0,Arrears,203
3802,377,2025-11-26T17:09:49.711363,0.0,Arrears,173
3803,377,2025-12-26T17:09:49.711363,0.0,Arrears,143
3804,377,2026-01-25T17:09:49.711363,0.0,Arrears,113
3805,377,2026-02-24T17:09:49.711363,0.0,Arrears,83
3806,377,2026-03-26T17:09:49.711363,0.0,Late,53
3807,378,2025-03-24T17:09:49.711363,0.0,Arrears,420
3808,378,2025-04-23T17:09:49.711363,0.0,Arrears,390
3809,378,2025-05-23T17:09:49.711363,0.0,Arrears,360
3810,378,2025-06-22T17:09:49.711363,0.0,Arrears,330
3811,378,2025-07-22T17:09:49.711363,0.0,Arrears,300
3812,378,2025-08-21T17:09:49.711363,0.0,Arrears,270
3813,378,2025-09-20T17:09:49.711363,0.0,Arrears,240
3814,378,2025-10-20T17:09:49.711363,0.0,Arrears,210
3815,378,2025-11-19T17:09:49.711363,0.0,Arrears,180
3816,378,2025-12-19T17:09:49.711363,0.0,Arrears,150
3817,378,2026-01-18T17:09:49.711363,0.0,Arrears,120
3818,378,2026-02-17T17:09:49.711363,0.0,Arrears,90
3819,378,2026-03-19T17:09:49.711363,0.0,Arrears,60
3820,378,2026-04-18T17:09:49.711363,0.0,Late,30
3821,378,2026-05-18T17:09:49.711363,16379.562064019969,On-time,0
3822,379,2025-12-28T17:09:49.711363,0.0,Arrears,141
3823,379,2026-01-27T17:09:49.711363,0.0,Arrears,111
3824,379,2026-02-26T17:09:49.711363,0.0,Arrears,81
3825,379,2026-03-28T17:09:49.711363,0.0,Late,51
3826,379,2026-04-27T17:09:49.711363,14069.93793837061,On-time,21
3827,380,2025-01-05T17:09:49.713371,0.0,Arrears,498
3828,380,2025-02-04T17:09:49.713371,0.0,Arrears,468
3829,380,2025-03-06T17:09:49.713371,0.0,Arrears,438
3830,380,2025-04-05T17:09:49.713371,0.0,Arrears,408
3831,380,2025-05-05T17:09:49.713371,0.0,Arrears,378
3832,380,2025-06-04T17:09:49.713371,0.0,Arrears,348
3833,380,2025-07-04T17:09:49.713371,0.0,Arrears,318
3834,380,2025-08-03T17:09:49.713371,0.0,Arrears,288
3835,380,2025-09-02T17:09:49.713371,0.0,Arrears,258
3836,380,2025-10-02T17:09:49.713371,0.0,Arrears,228
3837,380,2025-11-01T17:09:49.713371,0.0,Arrears,198
3838,380,2025-12-01T17:09:49.713371,0.0,Arrears,168
3839,380,2025-12-31T17:09:49.713371,0.0,Arrears,138
3840,380,2026-01-30T17:09:49.713371,0.0,Arrears,108
3841,380,2026-03-01T17:09:49.713371,0.0,Arrears,78
3842,380,2026-03-31T17:09:49.713371,0.0,Late,48
3843,380,2026-04-30T17:09:49.713371,9289.70982628996,On-time,18
3844,381,2026-02-15T17:09:49.713371,0.0,Arrears,92
3845,381,2026-03-17T17:09:49.713371,0.0,Arrears,62
3846,381,2026-04-16T17:09:49.713371,0.0,Late,32
3847,381,2026-05-16T17:09:49.713371,60687.17446904749,On-time,2
3848,382,2025-12-11T17:09:49.713371,0.0,Arrears,158
3849,382,2026-01-10T17:09:49.713371,0.0,Arrears,128
3850,382,2026-02-09T17:09:49.713371,0.0,Arrears,98
3851,382,2026-03-11T17:09:49.713371,0.0,Arrears,68
3852,382,2026-04-10T17:09:49.713371,0.0,Late,38
3853,382,2026-05-10T17:09:49.713371,1140.447087865072,On-time,8
3854,383,2024-06-14T17:09:49.715378,0.0,Arrears,703
3855,383,2024-07-14T17:09:49.715378,0.0,Arrears,673
3856,383,2024-08-13T17:09:49.715378,0.0,Arrears,643
3857,383,2024-09-12T17:09:49.715378,0.0,Arrears,613
3858,383,2024-10-12T17:09:49.715378,0.0,Arrears,583
3859,383,2024-11-11T17:09:49.715378,0.0,Arrears,553
3860,383,2024-12-11T17:09:49.715378,0.0,Arrears,523
3861,383,2025-01-10T17:09:49.715378,0.0,Arrears,493
3862,383,2025-02-09T17:09:49.715378,0.0,Arrears,463
3863,383,2025-03-11T17:09:49.715378,0.0,Arrears,433
3864,383,2025-04-10T17:09:49.715378,0.0,Arrears,403
3865,383,2025-05-10T17:09:49.715378,0.0,Arrears,373
3866,383,2025-06-09T17:09:49.715378,0.0,Arrears,343
3867,383,2025-07-09T17:09:49.715378,0.0,Arrears,313
3868,383,2025-08-08T17:09:49.715378,0.0,Arrears,283
3869,383,2025-09-07T17:09:49.715378,0.0,Arrears,253
3870,383,2025-10-07T17:09:49.715378,0.0,Arrears,223
3871,383,2025-11-06T17:09:49.715378,0.0,Arrears,193
3872,383,2025-12-06T17:09:49.715378,0.0,Arrears,163
3873,383,2026-01-05T17:09:49.715378,0.0,Arrears,133
3874,383,2026-02-04T17:09:49.715378,0.0,Arrears,103
3875,383,2026-03-06T17:09:49.715378,0.0,Arrears,73
3876,383,2026-04-05T17:09:49.715378,0.0,Late,43
3877,384,2025-08-23T17:09:49.716807,0.0,Arrears,268
3878,384,2025-09-22T17:09:49.716807,0.0,Arrears,238
3879,384,2025-10-22T17:09:49.716807,0.0,Arrears,208
3880,384,2025-11-21T17:09:49.716807,0.0,Arrears,178
3881,384,2025-12-21T17:09:49.716807,0.0,Arrears,148
3882,384,2026-01-20T17:09:49.716807,0.0,Arrears,118
3883,384,2026-02-19T17:09:49.716807,0.0,Arrears,88
3884,384,2026-03-21T17:09:49.716807,0.0,Late,58
3885,384,2026-04-20T17:09:49.716807,12401.075401631373,On-time,28
3886,385,2025-02-23T17:09:49.716807,0.0,Arrears,449
3887,385,2025-03-25T17:09:49.716807,0.0,Arrears,419
3888,385,2025-04-24T17:09:49.716807,0.0,Arrears,389
3889,385,2025-05-24T17:09:49.716807,0.0,Arrears,359
3890,385,2025-06-23T17:09:49.716807,0.0,Arrears,329
3891,385,2025-07-23T17:09:49.716807,0.0,Arrears,299
3892,385,2025-08-22T17:09:49.716807,0.0,Arrears,269
3893,385,2025-09-21T17:09:49.716807,0.0,Arrears,239
3894,385,2025-10-21T17:09:49.716807,0.0,Arrears,209
3895,385,2025-11-20T17:09:49.716807,0.0,Arrears,179
3896,385,2025-12-20T17:09:49.716807,0.0,Arrears,149
3897,385,2026-01-19T17:09:49.716807,0.0,Arrears,119
3898,385,2026-02-18T17:09:49.716807,0.0,Arrears,89
3899,385,2026-03-20T17:09:49.716807,0.0,Late,59
3900,385,2026-04-19T17:09:49.716807,14015.36722624374,On-time,29
3901,386,2024-11-01T17:09:49.717835,0.0,Arrears,563
3902,386,2024-12-01T17:09:49.717835,0.0,Arrears,533
3903,386,2024-12-31T17:09:49.717835,0.0,Arrears,503
3904,386,2025-01-30T17:09:49.717835,0.0,Arrears,473
3905,386,2025-03-01T17:09:49.717835,0.0,Arrears,443
3906,386,2025-03-31T17:09:49.717835,0.0,Arrears,413
3907,386,2025-04-30T17:09:49.717835,0.0,Arrears,383
3908,386,2025-05-30T17:09:49.717835,0.0,Arrears,353
3909,386,2025-06-29T17:09:49.717835,0.0,Arrears,323
3910,386,2025-07-29T17:09:49.717835,0.0,Arrears,293
3911,386,2025-08-28T17:09:49.717835,0.0,Arrears,263
3912,387,2025-05-07T17:09:49.717835,0.0,Arrears,376
3913,387,2025-06-06T17:09:49.717835,0.0,Arrears,346
3914,387,2025-07-06T17:09:49.717835,0.0,Arrears,316
3915,387,2025-08-05T17:09:49.717835,0.0,Arrears,286
3916,387,2025-09-04T17:09:49.717835,0.0,Arrears,256
3917,387,2025-10-04T17:09:49.717835,0.0,Arrears,226
3918,387,2025-11-03T17:09:49.717835,0.0,Arrears,196
3919,387,2025-12-03T17:09:49.717835,0.0,Arrears,166
3920,387,2026-01-02T17:09:49.717835,0.0,Arrears,136
3921,387,2026-02-01T17:09:49.717835,0.0,Arrears,106
3922,387,2026-03-03T17:09:49.717835,0.0,Arrears,76
3923,387,2026-04-02T17:09:49.717835,0.0,Late,46
3924,387,2026-05-02T17:09:49.717835,940.8633411264361,On-time,16
3925,388,2026-04-10T17:09:49.717835,0.0,Late,38
3926,388,2026-05-10T17:09:49.717835,1568.9977207013628,On-time,8
3927,389,2025-12-24T17:09:49.719843,0.0,Arrears,145
3928,389,2026-01-23T17:09:49.719843,0.0,Arrears,115
3929,389,2026-02-22T17:09:49.719843,0.0,Arrears,85
3930,389,2026-03-24T17:09:49.719843,0.0,Late,55
3931,389,2026-04-23T17:09:49.719843,4571.025062135538,On-time,25
3932,390,2025-11-02T17:09:49.719843,0.0,Arrears,197
3933,390,2025-12-02T17:09:49.719843,0.0,Arrears,167
3934,390,2026-01-01T17:09:49.719843,0.0,Arrears,137
3935,390,2026-01-31T17:09:49.719843,0.0,Arrears,107
3936,390,2026-03-02T17:09:49.719843,0.0,Arrears,77
3937,390,2026-04-01T17:09:49.719843,0.0,Late,47
3938,390,2026-05-01T17:09:49.719843,10440.579896555339,On-time,17
3939,391,2025-01-02T17:09:49.719843,0.0,Arrears,501
3940,391,2025-02-01T17:09:49.719843,0.0,Arrears,471
3941,391,2025-03-03T17:09:49.719843,0.0,Arrears,441
3942,391,2025-04-02T17:09:49.719843,0.0,Arrears,411
3943,391,2025-05-02T17:09:49.719843,0.0,Arrears,381
3944,391,2025-06-01T17:09:49.719843,0.0,Arrears,351
3945,391,2025-07-01T17:09:49.719843,0.0,Arrears,321
3946,391,2025-07-31T17:09:49.719843,0.0,Arrears,291
3947,391,2025-08-30T17:09:49.719843,0.0,Arrears,261
3948,391,2025-09-29T17:09:49.719843,0.0,Arrears,231
3949,391,2025-10-29T17:09:49.719843,0.0,Arrears,201
3950,391,2025-11-28T17:09:49.719843,0.0,Arrears,171
3951,391,2025-12-28T17:09:49.719843,0.0,Arrears,141
3952,391,2026-01-27T17:09:49.719843,0.0,Arrears,111
3953,391,2026-02-26T17:09:49.719843,0.0,Arrears,81
3954,391,2026-03-28T17:09:49.719843,0.0,Late,51
3955,391,2026-04-27T17:09:49.719843,4056.289691509922,On-time,21
3956,392,2025-02-15T17:09:49.721851,0.0,Arrears,457
3957,392,2025-03-17T17:09:49.721851,0.0,Arrears,427
3958,392,2025-04-16T17:09:49.721851,0.0,Arrears,397
3959,392,2025-05-16T17:09:49.721851,0.0,Arrears,367
3960,392,2025-06-15T17:09:49.721851,0.0,Arrears,337
3961,392,2025-07-15T17:09:49.721851,0.0,Arrears,307
3962,392,2025-08-14T17:09:49.721851,0.0,Arrears,277
3963,392,2025-09-13T17:09:49.721851,0.0,Arrears,247
3964,392,2025-10-13T17:09:49.721851,0.0,Arrears,217
3965,392,2025-11-12T17:09:49.721851,0.0,Arrears,187
3966,393,2025-05-01T17:09:49.721851,0.0,Arrears,382
3967,393,2025-05-31T17:09:49.721851,0.0,Arrears,352
3968,393,2025-06-30T17:09:49.721851,0.0,Arrears,322
3969,393,2025-07-30T17:09:49.721851,0.0,Arrears,292
3970,393,2025-08-29T17:09:49.721851,0.0,Arrears,262
3971,393,2025-09-28T17:09:49.721851,0.0,Arrears,232
3972,393,2025-10-28T17:09:49.721851,0.0,Arrears,202
3973,393,2025-11-27T17:09:49.721851,0.0,Arrears,172
3974,393,2025-12-27T17:09:49.721851,0.0,Arrears,142
3975,393,2026-01-26T17:09:49.721851,0.0,Arrears,112
3976,393,2026-02-25T17:09:49.721851,0.0,Arrears,82
3977,393,2026-03-27T17:09:49.721851,0.0,Late,52
3978,393,2026-04-26T17:09:49.721851,6210.711617291433,On-time,22
3979,394,2024-11-01T17:09:49.721851,0.0,Arrears,563
3980,394,2024-12-01T17:09:49.721851,0.0,Arrears,533
3981,394,2024-12-31T17:09:49.721851,0.0,Arrears,503
3982,394,2025-01-30T17:09:49.721851,0.0,Arrears,473
3983,394,2025-03-01T17:09:49.721851,0.0,Arrears,443
3984,394,2025-03-31T17:09:49.721851,0.0,Arrears,413
3985,395,2024-05-31T17:09:49.723859,0.0,Arrears,717
3986,395,2024-06-30T17:09:49.723859,0.0,Arrears,687
3987,395,2024-07-30T17:09:49.723859,0.0,Arrears,657
3988,395,2024-08-29T17:09:49.723859,0.0,Arrears,627
3989,395,2024-09-28T17:09:49.723859,0.0,Arrears,597
3990,395,2024-10-28T17:09:49.723859,0.0,Arrears,567
3991,395,2024-11-27T17:09:49.723859,0.0,Arrears,537
3992,395,2024-12-27T17:09:49.723859,0.0,Arrears,507
3993,395,2025-01-26T17:09:49.723859,0.0,Arrears,477
3994,395,2025-02-25T17:09:49.723859,0.0,Arrears,447
3995,395,2025-03-27T17:09:49.723859,0.0,Arrears,417
3996,395,2025-04-26T17:09:49.723859,0.0,Arrears,387
3997,395,2025-05-26T17:09:49.723859,0.0,Arrears,357
3998,395,2025-06-25T17:09:49.723859,0.0,Arrears,327
3999,395,2025-07-25T17:09:49.723859,0.0,Arrears,297
4000,395,2025-08-24T17:09:49.723859,0.0,Arrears,267
4001,395,2025-09-23T17:09:49.723859,0.0,Arrears,237
4002,395,2025-10-23T17:09:49.723859,0.0,Arrears,207
4003,395,2025-11-22T17:09:49.723859,0.0,Arrears,177
4004,395,2025-12-22T17:09:49.723859,0.0,Arrears,147
4005,395,2026-01-21T17:09:49.723859,0.0,Arrears,117
4006,395,2026-02-20T17:09:49.723859,0.0,Arrears,87
4007,395,2026-03-22T17:09:49.723859,0.0,Late,57
4008,395,2026-04-21T17:09:49.723859,10735.369164648242,On-time,27
4009,396,2024-06-29T17:09:49.723859,0.0,Arrears,688
4010,396,2024-07-29T17:09:49.723859,0.0,Arrears,658
4011,396,2024-08-28T17:09:49.723859,0.0,Arrears,628
4012,396,2024-09-27T17:09:49.723859,0.0,Arrears,598
4013,396,2024-10-27T17:09:49.723859,0.0,Arrears,568
4014,396,2024-11-26T17:09:49.723859,0.0,Arrears,538
4015,396,2024-12-26T17:09:49.723859,0.0,Arrears,508
4016,396,2025-01-25T17:09:49.723859,0.0,Arrears,478
4017,396,2025-02-24T17:09:49.723859,0.0,Arrears,448
4018,396,2025-03-26T17:09:49.723859,0.0,Arrears,418
4019,397,2024-11-27T17:09:49.723859,0.0,Arrears,537
4020,397,2024-12-27T17:09:49.723859,0.0,Arrears,507
4021,397,2025-01-26T17:09:49.723859,0.0,Arrears,477
4022,397,2025-02-25T17:09:49.723859,0.0,Arrears,447
4023,397,2025-03-27T17:09:49.723859,0.0,Arrears,417
4024,397,2025-04-26T17:09:49.723859,0.0,Arrears,387
4025,397,2025-05-26T17:09:49.723859,0.0,Arrears,357
4026,397,2025-06-25T17:09:49.723859,0.0,Arrears,327
4027,397,2025-07-25T17:09:49.723859,0.0,Arrears,297
4028,397,2025-08-24T17:09:49.723859,0.0,Arrears,267
4029,397,2025-09-23T17:09:49.723859,0.0,Arrears,237
4030,397,2025-10-23T17:09:49.723859,0.0,Arrears,207
4031,397,2025-11-22T17:09:49.723859,0.0,Arrears,177
4032,397,2025-12-22T17:09:49.723859,0.0,Arrears,147
4033,397,2026-01-21T17:09:49.723859,0.0,Arrears,117
4034,397,2026-02-20T17:09:49.723859,0.0,Arrears,87
4035,397,2026-03-22T17:09:49.723859,0.0,Late,57
4036,397,2026-04-21T17:09:49.723859,2348.9532840903207,On-time,27
4037,398,2024-09-08T17:09:49.723859,0.0,Arrears,617
4038,398,2024-10-08T17:09:49.723859,0.0,Arrears,587
4039,398,2024-11-07T17:09:49.723859,0.0,Arrears,557
4040,398,2024-12-07T17:09:49.723859,0.0,Arrears,527
4041,398,2025-01-06T17:09:49.723859,0.0,Arrears,497
4042,398,2025-02-05T17:09:49.723859,0.0,Arrears,467
4043,398,2025-03-07T17:09:49.723859,0.0,Arrears,437
4044,398,2025-04-06T17:09:49.723859,0.0,Arrears,407
4045,398,2025-05-06T17:09:49.723859,0.0,Arrears,377
4046,398,2025-06-05T17:09:49.723859,0.0,Arrears,347
4047,398,2025-07-05T17:09:49.723859,0.0,Arrears,317
4048,398,2025-08-04T17:09:49.723859,0.0,Arrears,287
4049,398,2025-09-03T17:09:49.723859,0.0,Arrears,257
4050,398,2025-10-03T17:09:49.723859,0.0,Arrears,227
4051,398,2025-11-02T17:09:49.723859,0.0,Arrears,197
4052,398,2025-12-02T17:09:49.723859,0.0,Arrears,167
4053,399,2025-08-20T17:09:49.725867,0.0,Arrears,271
4054,400,2025-01-11T17:09:49.725867,0.0,Arrears,492
4055,400,2025-02-10T17:09:49.725867,0.0,Arrears,462
4056,400,2025-03-12T17:09:49.725867,0.0,Arrears,432
4057,400,2025-04-11T17:09:49.725867,0.0,Arrears,402
4058,400,2025-05-11T17:09:49.725867,0.0,Arrears,372
4059,400,2025-06-10T17:09:49.725867,0.0,Arrears,342
4060,400,2025-07-10T17:09:49.725867,0.0,Arrears,312
4061,400,2025-08-09T17:09:49.725867,0.0,Arrears,282
4062,400,2025-09-08T17:09:49.725867,0.0,Arrears,252
4063,400,2025-10-08T17:09:49.725867,0.0,Arrears,222
4064,400,2025-11-07T17:09:49.725867,0.0,Arrears,192
4065,400,2025-12-07T17:09:49.725867,0.0,Arrears,162
4066,400,2026-01-06T17:09:49.725867,0.0,Arrears,132
4067,400,2026-02-05T17:09:49.725867,0.0,Arrears,102
4068,400,2026-03-07T17:09:49.725867,0.0,Arrears,72
4069,400,2026-04-06T17:09:49.725867,0.0,Late,42
4070,400,2026-05-06T17:09:49.725867,6354.749237448221,On-time,12
