metric_id,account_id,risk_date,par_status,npl_flag,arrears_ratio,interest_arrear,restructure_count,risk_score
1,1,2026-02-15T17:09:49.360109,0-30,False,0.003923709637548511,22.113751239451467,0,0.30923973979326647
2,1,2026-03-17T17:09:49.360109,0-30,False,0.1571667504069226,885.7807388069433,0,0.23894614580566004
3,1,2026-04-16T17:09:49.360109,0-30,False,0.007393407235756944,41.66872259325488,0,0.009643924939006565
4,2,2024-11-27T17:09:49.360109,91-180,False,0.09118337503498729,788.5235172086931,0,0.31406464066003276
5,2,2024-12-27T17:09:49.360109,0-30,False,0.03951628022689416,341.7236558699317,0,0.40878510264421375
6,2,2025-01-26T17:09:49.360109,31-60,False,0.12273690630683276,1061.3879669977396,0,0.44581863399706734
7,2,2025-02-25T17:09:49.360109,31-60,False,0.03134300829336625,271.0439170507047,0,0.4528428533810719
8,2,2025-03-27T17:09:49.360109,0-30,False,0.035915707373841,310.5870986963654,0,0.06686271663079169
9,2,2025-04-26T17:09:49.360109,0-30,False,0.18242437922317517,1577.5453921778667,0,0.18586593437853494
10,2,2025-05-26T17:09:49.360109,61-90,False,0.06616091303022313,572.1375834609374,0,0.15310617948548522
11,2,2025-06-25T17:09:49.360109,31-60,False,0.12861243515877838,1112.197587435891,0,0.0276354619604538
12,2,2025-07-25T17:09:49.360109,61-90,False,0.15712469231608361,1358.7621096265912,0,0.4223917829059732
13,3,2024-05-28T17:09:49.362118,0-30,False,0.13616629079120268,83.58150294990878,0,0.06600961577155073
14,3,2024-06-27T17:09:49.362118,0-30,False,0.15596498599563147,95.73432500313476,0,0.06513425994947108
15,3,2024-07-27T17:09:49.362118,0-30,False,0.18972015468718995,116.4539004220933,0,0.46121631843471433
16,3,2024-08-26T17:09:49.362118,0-30,False,0.1301613831014691,79.895574465942,0,0.14014850071287738
17,3,2024-09-25T17:09:49.362118,180+,False,0.15397494850231447,94.51280149939802,0,0.37047240877026033
18,3,2024-10-25T17:09:49.362118,0-30,False,0.1252157226397681,76.85983241798709,0,0.2201689396466608
19,3,2024-11-24T17:09:49.362118,61-90,False,0.143429109945404,88.03956182067851,0,0.42083590766945933
20,3,2024-12-24T17:09:49.362118,0-30,False,0.025233051411970766,15.488535002093867,0,0.3782562745902046
21,4,2025-11-26T17:09:49.362118,31-60,False,0.1712513547145562,34.04303778087475,0,0.03373678796874868
22,4,2025-12-26T17:09:49.362118,0-30,False,0.11363549499430459,22.58958742713348,0,0.49249854693151024
23,4,2026-01-25T17:09:49.362118,0-30,False,0.15321333484117228,30.45726181393238,0,0.374967466758546
24,5,2025-03-09T17:09:49.362118,180+,False,0.0763369803464785,575.7025208238827,0,0.29546200411823287
25,5,2025-04-08T17:09:49.362118,61-90,False,0.10956795442163923,826.3170389469548,0,0.20535227392622135
26,5,2025-05-08T17:09:49.362118,0-30,False,0.15051347665403622,1135.1115479601567,0,0.4466813388070724
27,5,2025-06-07T17:09:49.362118,0-30,False,0.13068825918082347,985.5978047729495,0,0.4623999216617519
28,5,2025-07-07T17:09:49.362118,0-30,False,0.13051033773965767,984.2559934814516,0,0.27943289480179545
29,6,2025-09-03T17:09:49.364127,0-30,False,0.16694024679985897,1163.3523267013938,0,0.007318762211918961
30,6,2025-10-03T17:09:49.364127,0-30,False,0.12143985714840366,846.2748982110626,0,0.3202685484858672
31,6,2025-11-02T17:09:49.364127,0-30,False,0.10504290987051175,732.0099014101128,0,0.3139306199883442
32,6,2025-12-02T17:09:49.364127,91-180,False,0.1714715854616318,1194.92975321356,0,0.3460835535029193
33,6,2026-01-01T17:09:49.364127,61-90,False,0.1254685822048725,874.3497738502615,0,0.354316968415712
34,6,2026-01-31T17:09:49.364127,61-90,False,0.17578149453519953,1224.9641088870458,0,0.37517384682124155
35,6,2026-03-02T17:09:49.364127,0-30,False,0.037982433856636626,264.687237786792,0,0.40585688535814346
36,7,2025-07-22T17:09:49.364127,0-30,False,0.17838884014707923,1095.7957650876938,0,0.014757490749196855
37,7,2025-08-21T17:09:49.364127,0-30,False,0.07266412585483491,446.3566292593051,0,0.1617520669715865
38,7,2025-09-20T17:09:49.364127,0-30,False,0.07894828028052057,484.9585384434553,0,0.4548433887921881
39,7,2025-10-20T17:09:49.364127,0-30,False,0.07913052978029839,486.0780492260874,0,0.1281400812135039
40,7,2025-11-19T17:09:49.364127,31-60,False,0.06137746183299311,377.0256182672233,0,0.10081518089028868
41,7,2025-12-19T17:09:49.364127,31-60,False,0.1792245509856657,1100.9293171473737,0,0.30892671070124966
42,8,2024-10-20T17:09:49.366915,0-30,False,0.0431591855931204,162.03893178703228,0,0.21367319241630822
43,8,2024-11-19T17:09:49.366915,0-30,False,0.09663653084172584,362.8168607447933,0,0.22716235782697458
44,8,2024-12-19T17:09:49.366915,0-30,False,0.022453200271438423,84.29938000878616,0,0.23403847309669107
45,8,2025-01-18T17:09:49.366915,91-180,False,0.18602342644946843,698.4153406740893,0,0.4750477407056039
46,8,2025-02-17T17:09:49.366915,0-30,False,0.065950794619918,247.60884997841382,0,0.2734728282689518
47,8,2025-03-19T17:09:49.366915,31-60,False,0.12883893814800185,483.7191347142921,0,0.3004215670741275
48,8,2025-04-18T17:09:49.366915,61-90,False,0.12284780665057096,461.22574113658544,0,0.08837140817742084
49,8,2025-05-18T17:09:49.366915,31-60,False,0.08088538797806546,303.6800089025449,0,0.43208651482775157
50,8,2025-06-17T17:09:49.366915,0-30,False,0.038189378034453464,143.38004615407735,0,0.04273287488153177
51,9,2025-03-18T17:09:49.366915,180+,True,0.5262504306838715,3738.23052468082,0,0.7904653867444432
52,9,2025-04-17T17:09:49.366915,180+,True,0.622601668573431,4422.663482011554,0,0.8123603644753621
53,9,2025-05-17T17:09:49.366915,180+,True,0.6452475482624502,4583.528944110521,0,0.7375055554565431
54,9,2025-06-16T17:09:49.366915,180+,True,0.9393141347906064,6672.436859339593,0,0.7024182026830221
55,9,2025-07-16T17:09:49.366915,180+,True,0.7221058277759906,5129.493279338898,0,0.8345305339209843
56,9,2025-08-15T17:09:49.366915,180+,True,0.583460705016057,4144.624859704961,0,0.8975135586874399
57,9,2025-09-14T17:09:49.366915,180+,True,0.5474542784664973,3888.8524841131225,0,0.9561805431499342
58,9,2025-10-14T17:09:49.366915,180+,True,0.8730631346111637,6201.821546322961,0,0.823721035845088
59,9,2025-11-13T17:09:49.366915,180+,True,0.6778530178654805,4815.142553591479,0,0.8255074354933403
60,10,2026-01-13T17:09:49.368949,31-60,False,0.11051133895090473,720.328988920568,0,0.1688458206143728
61,10,2026-02-12T17:09:49.368949,180+,False,0.08701943832651014,567.2053621033211,0,0.3831335739106711
62,10,2026-03-14T17:09:49.368949,0-30,False,0.15840350398941266,1032.4970899217817,0,0.1484234196695408
63,10,2026-04-13T17:09:49.368949,0-30,False,0.1913349152525733,1247.1488207225304,0,0.1558888843388097
64,10,2026-05-13T17:09:49.368949,31-60,False,0.02070758661390717,134.97506292279635,0,0.47349547481783744
65,11,2026-02-05T17:09:49.368949,0-30,False,0.1968110350033324,847.3413895660697,0,0.45425443466062276
66,11,2026-03-07T17:09:49.368949,0-30,False,0.037846452463292685,162.94241641404727,0,0.09442324534330593
67,11,2026-04-06T17:09:49.368949,91-180,False,0.012337656093663819,53.11799035158966,0,0.3979900835620188
68,12,2025-07-10T17:09:49.368949,0-30,False,0.08910982695687933,678.9500020177464,0,0.386896483856436
69,12,2025-08-09T17:09:49.368949,180+,False,0.015139125687969846,115.34877540911351,0,0.30272966940589807
70,12,2025-09-08T17:09:49.368949,0-30,False,0.1291505292350765,984.0301017213313,0,0.1579772912857676
71,12,2025-10-08T17:09:49.368949,0-30,False,0.017493909724636804,133.2904624378634,0,0.04682874506376633
72,12,2025-11-07T17:09:49.368949,61-90,False,0.18870035719705758,1437.7550969960773,0,0.2853322365030349
73,12,2025-12-07T17:09:49.368949,0-30,False,0.007603965420144011,57.93650951480257,0,0.17651109790904101
74,12,2026-01-06T17:09:49.368949,0-30,False,0.1695381889654293,1291.753756809163,0,0.20697787280679575
75,13,2026-03-16T17:09:49.368949,0-30,False,0.07395098283601413,43.70323616769843,0,0.17530726259123186
76,13,2026-04-15T17:09:49.368949,0-30,False,0.09831647785896827,58.102652409296546,0,0.4328355670455493
77,13,2026-05-15T17:09:49.368949,31-60,False,0.11977011211155722,70.7812296024547,0,0.17516420358991425
78,14,2024-05-25T17:09:49.370958,0-30,False,0.021501448874822818,28.748942338048725,0,0.26306766980709645
79,14,2024-06-24T17:09:49.370958,0-30,False,0.19365669794145735,258.9325619360967,0,0.18350719605877552
80,14,2024-07-24T17:09:49.370958,0-30,False,0.005012606459727054,6.702205740319495,0,0.1660408932892627
81,15,2025-07-24T17:09:49.370958,0-30,False,0.14912885942096327,1157.9984725056277,0,0.19515556678094143
82,15,2025-08-23T17:09:49.370958,0-30,False,0.18022662218690677,1399.4752860555259,0,0.053173820296439855
83,15,2025-09-22T17:09:49.370958,180+,False,0.00537922825470274,41.77017195995027,0,0.4422285025177359
84,15,2025-10-22T17:09:49.370958,91-180,False,0.05778981116577562,448.7428745595952,0,0.05740215711939267
85,15,2025-11-21T17:09:49.370958,91-180,False,0.16577842408619028,1287.283780024759,0,0.36370362548796564
86,15,2025-12-21T17:09:49.370958,31-60,False,0.08460314626179595,656.9507372397838,0,0.19274215752172802
87,15,2026-01-20T17:09:49.370958,31-60,False,0.19617978265759936,1523.3529548610736,0,0.15480873288101976
88,15,2026-02-19T17:09:49.370958,0-30,False,0.08695189139211278,675.1889460195767,0,0.22589002744735065
89,15,2026-03-21T17:09:49.370958,31-60,False,0.10053988665995905,780.700902764066,0,0.48798075873585367
90,15,2026-04-20T17:09:49.370958,0-30,False,0.006666623305627551,51.76690571269747,0,0.38049701184239776
91,16,2026-02-04T17:09:49.370958,31-60,False,0.1195365622365323,655.9465064954554,0,0.030926123648634285
92,16,2026-03-06T17:09:49.370958,180+,False,0.06531529631779891,358.4120175348498,0,0.3332451774777609
93,16,2026-04-05T17:09:49.370958,61-90,False,0.16826358020834165,923.3317868861058,0,0.3468069657655488
94,16,2026-05-05T17:09:49.370958,31-60,False,0.0957681236203783,525.5192632870751,0,0.2828221327704209
95,17,2024-09-28T17:09:49.372967,61-90,False,0.1805377320390511,665.9759520802265,0,0.35734434106145735
96,17,2024-10-28T17:09:49.372967,31-60,False,0.1542299592495244,568.9306207096873,0,0.39614315060542993
97,17,2024-11-27T17:09:49.372967,31-60,False,0.14796361009483625,545.815021564696,0,0.47966753634329
98,17,2024-12-27T17:09:49.372967,0-30,False,0.19231014855508907,709.4025876594168,0,0.1709747626420054
99,18,2024-12-14T17:09:49.373974,0-30,False,0.05736897059417876,28.639730227786735,0,0.4715660927806543
100,18,2025-01-13T17:09:49.373974,91-180,False,0.1870364751725481,93.3723254264118,0,0.0365905582043638
101,18,2025-02-12T17:09:49.373974,0-30,False,0.029453064187824875,14.703554970299292,0,0.257300368841559
102,18,2025-03-14T17:09:49.373974,0-30,False,0.17992976246962789,89.82451321172528,0,0.41502295146257445
103,18,2025-04-13T17:09:49.373974,0-30,False,0.021401691467454544,10.684149701448858,0,0.2527224136092287
104,18,2025-05-13T17:09:49.373974,0-30,False,0.1746251837709349,87.17636210618588,0,0.4502155247718679
105,18,2025-06-12T17:09:49.373974,91-180,False,0.09837762758279665,49.112066771281064,0,0.023456990017736767
106,19,2025-11-21T17:09:49.373974,31-60,False,0.1842746429363352,1177.1564048746861,0,0.05765834095084993
107,19,2025-12-21T17:09:49.373974,0-30,False,0.0801236931482263,511.8344937140073,0,0.2150602171595768
108,19,2026-01-20T17:09:49.373974,61-90,False,0.1222166865693136,780.7268166968277,0,0.3812076372959946
109,19,2026-02-19T17:09:49.373974,31-60,False,0.085060573784678,543.3715547480028,0,0.2434653813492107
110,19,2026-03-21T17:09:49.373974,0-30,False,0.03554132741849288,227.03992552508504,0,0.3085487905388983
111,19,2026-04-20T17:09:49.373974,0-30,False,0.05555501131248952,354.88842277652157,0,0.19862304665480796
112,20,2024-12-18T17:09:49.373974,0-30,False,0.17865269745372828,1653.260270169024,0,0.33290391723596297
113,20,2025-01-17T17:09:49.373974,91-180,False,0.14724040300432775,1362.5694541431667,0,0.3400111465490861
114,20,2025-02-16T17:09:49.373974,0-30,False,0.04902243518562366,453.65586747056574,0,0.030980367643952234
115,20,2025-03-18T17:09:49.373974,0-30,False,0.18970854093573486,1755.5715536957825,0,0.17592444611366587
116,20,2025-04-17T17:09:49.373974,0-30,False,0.184686522187263,1709.097561468249,0,0.07575551428823107
117,20,2025-05-17T17:09:49.373974,0-30,False,0.15315402564969105,1417.2943897959474,0,0.06258781638852345
118,20,2025-06-16T17:09:49.373974,0-30,False,0.0980749762962683,907.5903365544475,0,0.2314952986386123
119,20,2025-07-16T17:09:49.373974,31-60,False,0.05830587755751744,539.5652696940102,0,0.21465040932126
120,21,2025-04-29T17:09:49.375983,0-30,False,0.0827123676986023,329.69227219307174,0,0.3837172696859734
121,21,2025-05-29T17:09:49.375983,0-30,False,0.04174299411254452,166.38796542804542,0,0.14183641112010575
122,21,2025-06-28T17:09:49.375983,31-60,False,0.12593866880325624,501.99271318185106,0,0.35712451389128036
123,21,2025-07-28T17:09:49.375983,0-30,False,0.11332870962128559,451.72929779861516,0,0.35943196473122263
124,21,2025-08-27T17:09:49.375983,31-60,False,0.15622336984689605,622.7078151379304,0,0.2790402427716425
125,21,2025-09-26T17:09:49.375983,0-30,False,0.023829483307658796,94.98454361162803,0,0.44993324237017174
126,21,2025-10-26T17:09:49.375983,61-90,False,0.06893580784097386,274.7787755922226,0,0.05696920436082159
127,21,2025-11-25T17:09:49.375983,0-30,False,0.09517061324091347,379.3509555879274,0,0.33369498010895027
128,21,2025-12-25T17:09:49.375983,0-30,False,0.0181058776272353,72.17019777169045,0,0.31091538752183767
129,21,2026-01-24T17:09:49.375983,61-90,False,0.10282428823914341,409.85857580246,0,0.28862322509668603
130,21,2026-02-23T17:09:49.375983,0-30,False,0.1342322698735908,535.0510847122757,0,0.4541235956732643
131,22,2024-11-12T17:09:49.375983,0-30,False,0.12161484032125469,199.83980481073138,0,0.14014180905245016
132,22,2024-12-12T17:09:49.375983,0-30,False,0.05233542911736451,85.99856655546763,0,0.27537273137960955
133,22,2025-01-11T17:09:49.375983,0-30,False,0.18896171961437253,310.50547009464486,0,0.32102899270038193
134,22,2025-02-10T17:09:49.375983,0-30,False,0.021486803860060258,35.30752232258994,0,0.303209562526923
135,22,2025-03-12T17:09:49.375983,0-30,False,0.17122996837023507,281.36832122185575,0,0.038612469865472676
136,22,2025-04-11T17:09:49.375983,0-30,False,0.1458042701036882,239.58833314358125,0,0.39677253181267547
137,22,2025-05-11T17:09:49.375983,0-30,False,0.1490016801185615,244.8423777288002,0,0.49627257999850555
138,23,2025-12-12T17:09:49.375983,0-30,False,0.17982017272340511,1616.8759722776679,0,0.48067591328662473
139,23,2026-01-11T17:09:49.375983,0-30,False,0.1908553402355045,1716.100085624603,0,0.06508078101079184
140,23,2026-02-10T17:09:49.375983,0-30,False,0.18251984644452093,1641.1504321814284,0,0.4666049077637355
141,23,2026-03-12T17:09:49.375983,61-90,False,0.05842101189329474,525.2999648249221,0,0.2412344307880962
142,23,2026-04-11T17:09:49.375983,61-90,False,0.15975572662953041,1436.4639512295757,0,0.35280056292516815
143,23,2026-05-11T17:09:49.375983,0-30,False,0.1703375958072591,1531.61217490286,0,0.1769137204561057
144,24,2024-05-24T17:09:49.375983,180+,False,0.18795110156727937,1740.9422399666003,0,0.24748160695705423
145,24,2024-06-23T17:09:49.375983,61-90,False,0.15633242742542203,1448.0666732565287,0,0.3898062394858822
146,24,2024-07-23T17:09:49.375983,0-30,False,0.09124147729460096,845.1461073361328,0,0.42135888178230907
147,24,2024-08-22T17:09:49.375983,0-30,False,0.06352938557250054,588.4561989794986,0,0.10043715042492918
148,24,2024-09-21T17:09:49.375983,31-60,False,0.18613213459573874,1724.0936213234918,0,0.36678448861441676
149,24,2024-10-21T17:09:49.375983,0-30,False,0.03866031804559392,358.1004853649377,0,0.46093287859064974
150,24,2024-11-20T17:09:49.375983,91-180,False,0.01840126699346021,170.4461570625622,0,0.34897850082605136
151,24,2024-12-20T17:09:49.375983,180+,False,0.09812569427125895,908.912821251714,0,0.2451370593626837
152,25,2025-09-10T17:09:49.377991,0-30,False,0.18403479650017038,902.1473649756751,0,0.3914200767455327
153,25,2025-10-10T17:09:49.377991,0-30,False,0.028329068793433134,138.87044868814615,0,0.08777749463238788
154,25,2025-11-09T17:09:49.377991,0-30,False,0.13617724886740132,667.5473800154369,0,0.33622427320913506
155,26,2025-03-12T17:09:49.377991,180+,True,0.7409751599044525,2383.2559618964733,0,0.7621875452323702
156,26,2025-04-11T17:09:49.377991,180+,True,0.5793376473423901,1863.3686750819934,0,0.9328797544914802
157,26,2025-05-11T17:09:49.377991,180+,True,0.8047685792958967,2588.4396918261327,0,0.764103267987728
158,26,2025-06-10T17:09:49.377991,180+,True,0.7807394272133212,2511.152863523414,0,0.9448932311599962
159,26,2025-07-10T17:09:49.377991,180+,True,0.990226164833206,3184.9413295702534,0,0.8846521708099832
160,26,2025-08-09T17:09:49.377991,180+,True,0.7294478715034254,2346.179848832453,0,0.9381734332498857
161,26,2025-09-08T17:09:49.377991,180+,True,0.9411227116852707,3027.0060791097503,0,0.7259855478314134
162,27,2025-03-28T17:09:49.377991,61-90,False,0.14551781866181454,366.2008682556668,0,0.2136410515611688
163,27,2025-04-27T17:09:49.377991,0-30,False,0.15632193051635385,393.3898075776514,0,0.09974935603986851
164,27,2025-05-27T17:09:49.377991,0-30,False,0.07400708567757815,186.24151517268695,0,0.2801228454906459
165,27,2025-06-26T17:09:49.377991,0-30,False,0.0024107539094425645,6.066749645555757,0,0.359435473659683
166,27,2025-07-26T17:09:49.377991,91-180,False,0.07380588227342758,185.735179508962,0,0.15628805964957426
167,27,2025-08-25T17:09:49.377991,31-60,False,0.05513741262155583,138.75529856800375,0,0.02031786594476903
168,27,2025-09-24T17:09:49.377991,31-60,False,0.0012691023221037324,3.19374202096684,0,0.02934189854968705
169,27,2025-10-24T17:09:49.377991,0-30,False,0.13773230656993715,346.60834471402137,0,0.07990978868086557
170,27,2025-11-23T17:09:49.377991,31-60,False,0.06340974195885372,159.5729153634804,0,0.05603378841342732
171,27,2025-12-23T17:09:49.377991,61-90,False,0.08842217609944353,222.5176130211511,0,0.25636644325297003
172,27,2026-01-22T17:09:49.377991,0-30,False,0.07691178266749187,193.55129049441635,0,0.07683431396915558
173,28,2024-08-17T17:09:49.380000,0-30,False,0.14230460865764602,552.5598528030997,0,0.31530776008921124
174,28,2024-09-16T17:09:49.380000,0-30,False,0.11934247571543072,463.3993335600431,0,0.30208155393074865
175,28,2024-10-16T17:09:49.380000,0-30,False,0.018367558668609753,71.32007606792283,0,0.43238222783250424
176,28,2024-11-15T17:09:49.380000,31-60,False,0.014441964102104589,56.07723905586802,0,0.48912102880337005
177,28,2024-12-15T17:09:49.380000,91-180,False,0.1356300185771309,526.6428389607494,0,0.46994252659022917
178,28,2025-01-14T17:09:49.380000,0-30,False,0.08077434529937139,313.6417068280894,0,0.45956050279156696
179,28,2025-02-13T17:09:49.380000,91-180,False,0.18817845346202255,730.6851094038922,0,0.22057714396246364
180,28,2025-03-15T17:09:49.380000,91-180,False,0.1712535144434327,664.9666347808219,0,0.29764131906019997
181,28,2025-04-14T17:09:49.380000,31-60,False,0.03687412436230721,143.1799076788713,0,0.21210819327351876
182,28,2025-05-14T17:09:49.380000,31-60,False,0.08723202685159659,338.716478485916,0,0.07439869892072654
183,29,2025-01-17T17:09:49.380000,91-180,False,0.0943089991084094,485.35657255006146,0,0.46465953735343324
184,29,2025-02-16T17:09:49.380000,0-30,False,0.07585833688875017,390.40115725699224,0,0.20551051912824786
185,29,2025-03-18T17:09:49.380000,91-180,False,0.09835153143074615,506.16126405290294,0,0.28871225614832247
186,30,2026-02-04T17:09:49.380000,0-30,False,0.09121764871175278,795.9288784603737,0,0.44183438672442243
187,30,2026-03-06T17:09:49.380000,0-30,False,0.12013353695642558,1048.2374045548704,0,0.43987823362465645
188,30,2026-04-05T17:09:49.380000,0-30,False,0.15775752643857552,1376.5293543546481,0,0.05879430901996219
189,30,2026-05-05T17:09:49.380000,0-30,False,0.1693885755081307,1478.0172568821756,0,0.14470982087028378
190,31,2025-07-08T17:09:49.382008,0-30,False,0.07420370587708051,164.14832462627638,0,0.289188563569308
191,31,2025-08-07T17:09:49.382008,0-30,False,0.018453241871556548,40.820990021133916,0,0.031236298838314747
192,31,2025-09-06T17:09:49.382008,0-30,False,0.044432004433391264,98.2894183157125,0,0.31291662964256167
193,31,2025-10-06T17:09:49.382008,61-90,False,0.006920139518025681,15.30825576212711,0,0.41494294016991196
194,31,2025-11-05T17:09:49.382008,31-60,False,0.10672348945681723,236.08634886276747,0,0.1814722518704412
195,31,2025-12-05T17:09:49.382008,180+,False,0.07907412939101706,174.92233989388905,0,0.2566923513387928
196,31,2026-01-04T17:09:49.382008,0-30,False,0.1513845743497045,334.8825231846177,0,0.40778747816214683
197,31,2026-02-03T17:09:49.382008,0-30,False,0.15930325861540676,352.3996908259843,0,0.15919865333233219
198,32,2024-06-06T17:09:49.382008,91-180,False,0.1484401581555172,1242.7992103907277,0,0.3420877979951893
199,32,2024-07-06T17:09:49.382008,31-60,False,0.02849131596030481,238.54046922640984,0,0.22793961819952285
200,32,2024-08-05T17:09:49.382008,0-30,False,0.06644613554245433,556.3131016012612,0,0.19865334094129505
201,32,2024-09-04T17:09:49.382008,0-30,False,0.1576891641393811,1320.235515205241,0,0.28246915413525897
202,32,2024-10-04T17:09:49.382008,0-30,False,0.09895317819072609,828.4748093049408,0,0.18427767845963655
203,32,2024-11-03T17:09:49.382008,0-30,False,0.013130386466265099,109.9327441789905,0,0.30152416948659844
204,32,2024-12-03T17:09:49.382008,0-30,False,0.15981340454133883,1338.0204888069752,0,0.16627638120026184
205,32,2025-01-02T17:09:49.382008,31-60,False,0.18527638812471636,1551.2065719049167,0,0.48256957813630813
206,32,2025-02-01T17:09:49.382008,0-30,False,0.16656321545779,1394.5325525334476,0,0.4050459231763531
207,33,2025-02-20T17:09:49.382008,180+,False,0.17784836554686154,887.3787570560305,0,0.09487677831221808
208,33,2025-03-22T17:09:49.382008,61-90,False,0.05844984765312802,291.63694027247345,0,0.2731013667966137
209,33,2025-04-21T17:09:49.382008,31-60,False,0.09620793088970775,480.0318173817927,0,0.11178512028713622
210,33,2025-05-21T17:09:49.382008,31-60,False,0.14830450627733313,739.9689507492948,0,0.19831831021991553
211,33,2025-06-20T17:09:49.382008,0-30,False,0.07088433175095546,353.6791019163807,0,0.16865381495014664
212,33,2025-07-20T17:09:49.382008,31-60,False,0.1805372276450038,900.7949000675661,0,0.47275693228743104
213,34,2025-04-10T17:09:49.384017,180+,True,0.8156329872686567,7418.744852680592,0,0.7003956828100351
214,34,2025-05-10T17:09:49.384017,180+,True,0.7510246292641649,6831.087253162623,0,0.959163187789027
215,34,2025-06-09T17:09:49.384017,180+,True,0.9365121895913473,8518.224611377764,0,0.8866928252927803
216,34,2025-07-09T17:09:49.384017,180+,True,0.8682132645639824,7896.998758084162,0,0.9674721700311635
217,34,2025-08-08T17:09:49.384017,180+,True,0.5456850633824278,4963.382205408059,0,0.7782825230079684
218,34,2025-09-07T17:09:49.384017,180+,True,0.9892466007741796,8997.880470849417,0,0.783873882584375
219,34,2025-10-07T17:09:49.384017,180+,True,0.9025805453053922,8209.592891819195,0,0.8515393004092809
220,34,2025-11-06T17:09:49.384017,180+,True,0.9265072967308671,8427.223206862647,0,0.7771638124366135
221,34,2025-12-06T17:09:49.384017,180+,True,0.985763593717323,8966.200118192966,0,0.793636911218908
222,35,2024-09-09T17:09:49.384697,0-30,False,0.19786066321250384,1040.0048624642852,0,0.10693224520006539
223,35,2024-10-09T17:09:49.384697,0-30,False,0.03481513809699595,182.99702588863659,0,0.041482238695526696
224,35,2024-11-08T17:09:49.384697,61-90,False,0.19116881780044362,1004.8308584232326,0,0.0752092206242338
225,35,2024-12-08T17:09:49.384697,0-30,False,0.07907941922610842,415.6610979701148,0,0.23033335883203843
226,36,2025-03-12T17:09:49.388715,0-30,False,0.14766420606099315,665.7320009624708,0,0.1369929121856055
227,36,2025-04-11T17:09:49.388715,61-90,False,0.16348694797211577,737.0675393044671,0,0.4375860856193409
228,36,2025-05-11T17:09:49.388715,180+,False,0.10441482900167204,470.7457202778383,0,0.03480672846499211
229,36,2025-06-10T17:09:49.388715,0-30,False,0.19223273997452672,866.6655924786496,0,0.15451383578565658
230,37,2024-10-04T17:09:49.388715,0-30,False,0.19529367304573214,705.8233052823122,0,0.46507163965723103
231,37,2024-11-03T17:09:49.388715,0-30,False,0.002175104716391707,7.861184524391796,0,0.02037967160761378
232,37,2024-12-03T17:09:49.388715,91-180,False,0.15325402255528847,553.885126234752,0,0.006505325518396277
233,37,2025-01-02T17:09:49.388715,0-30,False,0.013103176547498641,47.357025121276855,0,0.4479034880277482
234,37,2025-02-01T17:09:49.388715,0-30,False,0.027067108359129913,97.824960678587,0,0.49685747821217247
235,37,2025-03-03T17:09:49.388715,0-30,False,0.19624188226453226,709.2502886273176,0,0.22260602559512305
236,37,2025-04-02T17:09:49.388715,0-30,False,0.11234809973473248,406.04442458505275,0,0.3591664838517004
237,38,2024-05-25T17:09:49.388715,31-60,False,0.026672084743021476,140.45765198724862,0,0.1369563778482531
238,38,2024-06-24T17:09:49.388715,0-30,False,0.060815530333702995,320.2601775350973,0,0.37245118573285685
239,38,2024-07-24T17:09:49.388715,0-30,False,0.0013056058605343869,6.875440572354645,0,0.33810005286546363
240,38,2024-08-23T17:09:49.388715,0-30,False,0.1805499790705568,950.7927996979096,0,0.03457545734024231
241,38,2024-09-22T17:09:49.388715,31-60,False,0.15280108328652509,804.6645617061749,0,0.24190659426796268
242,38,2024-10-22T17:09:49.388715,0-30,False,0.02040316847457231,107.44496220110754,0,0.4124466917907637
243,38,2024-11-21T17:09:49.388715,0-30,False,0.16681278676887443,878.4514812677314,0,0.033046724902802416
244,38,2024-12-21T17:09:49.388715,0-30,False,0.064368832902693,338.9721957537398,0,0.1462535926515423
245,39,2025-07-30T17:09:49.388715,0-30,False,0.005928437654307706,13.135985833999209,0,0.46799081873371684
246,39,2025-08-29T17:09:49.388715,31-60,False,0.16999942975018362,376.6776731410406,0,0.1326749105705945
247,39,2025-09-28T17:09:49.388715,0-30,False,0.0707331318916522,156.72753475749295,0,0.25157581759803327
248,39,2025-10-28T17:09:49.388715,0-30,False,0.049498557951273295,109.67684809485334,0,0.41442855519747585
249,39,2025-11-27T17:09:49.388715,0-30,False,0.015722095666079496,34.83636634018337,0,0.36219863338144925
250,40,2024-06-20T17:09:49.394032,91-180,False,0.1930766344257656,799.5518731311402,0,0.4265529286735208
251,40,2024-07-20T17:09:49.394032,61-90,False,0.07311766253417831,302.7883939040287,0,0.49447400731943747
252,40,2024-08-19T17:09:49.394032,0-30,False,0.147792648559336,612.0258380413336,0,0.1287418392506982
253,40,2024-09-18T17:09:49.394032,0-30,False,0.08243800526464543,341.3849724622404,0,0.32025399269076726
254,40,2024-10-18T17:09:49.394032,0-30,False,0.08964817475093637,371.24308831091605,0,0.38513115155445965
255,40,2024-11-17T17:09:49.394032,0-30,False,0.02462708387870194,101.98350050764182,0,0.16777549061780866
256,41,2024-10-14T17:09:49.396041,31-60,False,0.01260210553657757,41.06441343760456,0,0.22196331527599777
257,41,2024-11-13T17:09:49.396041,31-60,False,0.14773347343748353,481.3948283643508,0,0.15088296734342743
258,41,2024-12-13T17:09:49.396041,0-30,False,0.14087785750064793,459.05555764625285,0,0.47810237996326216
259,41,2025-01-12T17:09:49.396041,31-60,False,0.10009975441109341,326.17864437089486,0,0.348226327130717
260,41,2025-02-11T17:09:49.396041,31-60,False,0.023105893307517292,75.29138308444524,0,0.49325209663673414
261,42,2025-02-21T17:09:49.397790,0-30,False,0.037290350909662776,176.6154670679385,0,0.4347566169098937
262,42,2025-03-23T17:09:49.397790,61-90,False,0.16909957966898637,800.8935425837265,0,0.11307326883963786
263,42,2025-04-22T17:09:49.397790,31-60,False,0.0032899539771387154,15.58196005481437,0,0.23164210693835746
264,42,2025-05-22T17:09:49.397790,0-30,False,0.047412620854754464,224.5568082065889,0,0.4328986610782136
265,42,2025-06-21T17:09:49.397790,0-30,False,0.028410146597158417,134.55682739165496,0,0.27080369153758194
266,42,2025-07-21T17:09:49.397790,0-30,False,0.181502026470515,859.6343128152461,0,0.35004763018878154
267,42,2025-08-20T17:09:49.397790,0-30,False,0.07665137389378263,363.0381015841192,0,0.4825328780794564
268,42,2025-09-19T17:09:49.397790,0-30,False,0.0070091940192799525,33.19711521309803,0,0.42688461824184987
269,43,2024-08-03T17:09:49.399797,61-90,True,0.3925342143016727,3226.0953473654727,1,0.48715672218823075
270,43,2024-09-02T17:09:49.399797,31-60,True,0.24900369884010776,2046.4704605023314,1,0.41239095261721304
271,43,2024-10-02T17:09:49.399797,31-60,False,0.3877166297603849,3186.501379482092,1,0.5478200557810733
272,43,2024-11-01T17:09:49.399797,0-30,False,0.31841132816227424,2616.9064170883316,1,0.6965826371260707
273,43,2024-12-01T17:09:49.399797,61-90,False,0.3172252861918359,2607.1587712954206,1,0.6059240452004004
274,43,2024-12-31T17:09:49.399797,0-30,False,0.3595728684852732,2955.1980841285194,1,0.47419053213546036
275,43,2025-01-30T17:09:49.399797,61-90,True,0.2536279467765383,2084.475465440112,1,0.579754989250737
276,43,2025-03-01T17:09:49.399797,0-30,False,0.34176373829054746,2808.831347246634,1,0.5427562382920432
277,44,2024-10-10T17:09:49.401979,31-60,False,0.1485611561654591,972.5421285896971,0,0.3388868800601699
278,44,2024-11-09T17:09:49.401979,0-30,False,0.18410626094001448,1205.2349316794143,0,0.12038474144887068
279,44,2024-12-09T17:09:49.401979,0-30,False,0.06255758240985808,409.52753685188554,0,0.2426074449137584
280,44,2025-01-08T17:09:49.401979,0-30,False,0.01572017075513339,102.91067142048507,0,0.4556662653008708
281,45,2025-06-02T17:09:49.401979,91-180,False,0.056785636880806845,498.7348787513008,0,0.30257105009592955
282,45,2025-07-02T17:09:49.401979,61-90,False,0.07525897905745237,660.9818936071758,0,0.18948695862081683
283,45,2025-08-01T17:09:49.401979,0-30,False,0.13592012039412896,1193.7544155208732,0,0.2687335152515202
284,45,2025-08-31T17:09:49.401979,0-30,False,0.016834464467449985,147.85313780383993,0,0.008437011461603638
285,45,2025-09-30T17:09:49.401979,0-30,False,0.004196168779326115,36.85396241605855,0,0.024379136614576913
286,45,2025-10-30T17:09:49.401979,0-30,False,0.014881205356564077,130.69812292072226,0,0.29438813864915103
287,45,2025-11-29T17:09:49.401979,0-30,False,0.05255442600875702,461.5731498853839,0,0.20551682958391526
288,45,2025-12-29T17:09:49.401979,0-30,False,0.05740588846576744,504.1824023860173,0,0.3321696849669532
289,46,2025-04-24T17:09:49.403989,180+,True,0.5079853754993936,477.64837390723073,0,0.9132248376755987
290,46,2025-05-24T17:09:49.403989,180+,True,0.8933813426482907,840.0284066751129,0,0.9105744265953953
291,46,2025-06-23T17:09:49.403989,180+,True,0.879461413715738,826.9397790487731,0,0.9089643246801821
292,46,2025-07-23T17:09:49.403989,180+,True,0.7349441755991287,691.0531430996543,0,0.9482670273390655
293,46,2025-08-22T17:09:49.403989,180+,True,0.8311496753918066,781.5132286714679,0,0.8099089726589443
294,46,2025-09-21T17:09:49.403989,180+,True,0.854667451255122,803.626517637679,0,0.8741513857668737
295,46,2025-10-21T17:09:49.403989,180+,True,0.5176618431409189,486.7469607112243,0,0.9447374907748678
296,47,2026-01-28T17:09:49.405996,31-60,False,0.180228304286023,1069.7429164403225,0,0.2930625609446396
297,47,2026-02-27T17:09:49.405996,61-90,False,0.15067672822781233,894.3398947942386,0,0.1146171907775434
298,47,2026-03-29T17:09:49.405996,31-60,False,0.13470656416111015,799.5491794711221,0,0.12216416925267165
299,47,2026-04-28T17:09:49.405996,0-30,False,0.01747380044235938,103.71553081274456,0,0.16350277036616312
300,48,2026-03-21T17:09:49.411862,0-30,False,0.1611253589687685,952.0882898789387,0,0.23686540520552452
301,48,2026-04-20T17:09:49.411862,0-30,False,0.1020458827931025,602.9881991232913,0,0.3112266139851065
302,49,2025-08-31T17:09:49.411862,0-30,False,0.18541802337603422,1165.4485512442725,0,0.38477117677212674
303,49,2025-09-30T17:09:49.411862,31-60,False,0.009369209663335588,58.89034749493318,0,0.3571764404356251
304,49,2025-10-30T17:09:49.411862,0-30,False,0.17001740070977614,1068.6476413443233,0,0.28586917808426493
305,50,2026-03-13T17:09:49.413885,0-30,False,0.08076534554076109,86.510525866119,0,0.19815920346600974
306,50,2026-04-12T17:09:49.413885,0-30,False,0.10969996957068986,117.50339197481753,0,0.4456471330855536
307,50,2026-05-12T17:09:49.413885,0-30,False,0.0562829381511772,60.28658138150655,0,0.2066846862029289
308,51,2024-06-11T17:09:49.419090,31-60,False,0.018917174354551692,103.22349361001518,0,0.4905857964992317
309,51,2024-07-11T17:09:49.419090,0-30,False,0.057401522841235945,313.21727099173194,0,0.41625243856661176
310,51,2024-08-10T17:09:49.419090,31-60,False,0.19307272795129699,1053.5210558628487,0,0.1631028182697103
311,52,2025-07-08T17:09:49.421097,0-30,False,0.15869552904750395,87.21280146869796,0,0.3021330185720199
312,52,2025-08-07T17:09:49.421097,0-30,False,0.1699635376279227,93.40525440779419,0,0.06313259964405565
313,52,2025-09-06T17:09:49.421097,0-30,False,0.12871405655123844,70.73616709689202,0,0.40694964161314456
314,52,2025-10-06T17:09:49.421097,0-30,False,0.09120288109625801,50.1215050616848,0,0.37450226397231196
315,52,2025-11-05T17:09:49.421097,61-90,False,0.03929489914782352,21.59492620038336,0,0.23975255034695125
316,52,2025-12-05T17:09:49.421097,0-30,False,0.12883173513720736,70.80083860475884,0,0.08110861572999167
317,52,2026-01-04T17:09:49.421097,0-30,False,0.021817340262619323,11.989949410164416,0,0.03494544277145012
318,53,2025-05-04T17:09:49.421097,61-90,False,0.2745131377961838,366.90027403059105,1,0.42028906482425527
319,53,2025-06-03T17:09:49.421097,31-60,False,0.4174284374143795,557.9135822242836,1,0.47521286340878405
320,53,2025-07-03T17:09:49.421097,61-90,True,0.26986974486250703,360.69415160790896,1,0.5865714558234144
321,54,2025-06-30T17:09:49.423107,0-30,False,0.12458688521729884,382.06915612645827,0,0.32878166133523407
322,54,2025-07-30T17:09:49.423107,0-30,False,0.04369143398311166,133.9880139291298,0,0.026820569484043655
323,54,2025-08-29T17:09:49.423107,0-30,False,0.04572125498243647,140.2128424489788,0,0.17444766123607225
324,54,2025-09-28T17:09:49.423107,61-90,False,0.07459283662122122,228.75298705189562,0,0.2715587283798038
325,54,2025-10-28T17:09:49.423107,0-30,False,0.011665613068166448,35.77480031608717,0,0.46199491946129884
326,54,2025-11-27T17:09:49.423107,0-30,False,0.05883561610619448,180.43050162676948,0,0.1492805935801677
327,54,2025-12-27T17:09:49.423107,31-60,False,0.15972485835928524,489.8263708841543,0,0.19357016982738195
328,54,2026-01-26T17:09:49.423107,31-60,False,0.027474919894342566,84.25701822759717,0,0.1272557337120982
329,54,2026-02-25T17:09:49.423107,0-30,False,0.15032915734053953,461.0126835270341,0,0.12299027843197469
330,54,2026-03-27T17:09:49.423107,31-60,False,0.15828058281700902,485.39722782716956,0,0.07962283299688683
331,54,2026-04-26T17:09:49.423107,0-30,False,0.11101679506777902,340.45391803021676,0,0.33780501452558065
332,55,2025-09-25T17:09:49.423107,0-30,False,0.14621538626490785,173.52859018522517,0,0.23573642536115086
333,55,2025-10-25T17:09:49.423107,0-30,False,0.12977261069241208,154.01428504460367,0,0.2608635990445496
334,55,2025-11-24T17:09:49.423107,0-30,False,0.04369636254160423,51.858893798832064,0,0.33836206809684016
335,55,2025-12-24T17:09:49.423107,31-60,False,0.04761348355666,56.50773756754482,0,0.4344178573118103
336,55,2026-01-23T17:09:49.423107,0-30,False,0.10420945204131225,123.67589867690829,0,0.08323313197964732
337,56,2025-06-16T17:09:49.423107,91-180,False,0.17590397037358577,1115.6037637999032,0,0.4447292944441279
338,56,2025-07-16T17:09:49.423107,0-30,False,0.09087484630706417,576.3390124713301,0,0.059488947255167235
339,56,2025-08-15T17:09:49.423107,0-30,False,0.1717673162411072,1089.3686145310696,0,0.21068764886190428
340,57,2025-10-30T17:09:49.425116,61-90,False,0.12446883869022785,599.2322331365648,0,0.042686299189900856
341,57,2025-11-29T17:09:49.425116,0-30,False,0.15606962434739105,751.3683786768905,0,0.1226574296016183
342,57,2025-12-29T17:09:49.425116,0-30,False,0.1820446341717284,876.4202656115751,0,0.23946834925613564
343,57,2026-01-28T17:09:49.425116,0-30,False,0.15910422830847587,765.9779189234381,0,0.22792207735987258
344,57,2026-02-27T17:09:49.425116,0-30,False,0.12480413299643062,600.8464456413018,0,0.23678320650432094
345,57,2026-03-29T17:09:49.425116,0-30,False,0.022809640825125533,109.81280256578819,0,0.06304748994570508
346,57,2026-04-28T17:09:49.425116,0-30,False,0.11611849004265802,559.0310219723361,0,0.4616852401754024
347,58,2025-12-03T17:09:49.425116,31-60,False,0.09159150800270009,578.6513207986326,0,0.2954520892747557
348,58,2026-01-02T17:09:49.425116,0-30,False,0.03211356406394263,202.88514368170573,0,0.3411846580700395
349,58,2026-02-01T17:09:49.425116,0-30,False,0.15520535531387347,980.5470595019178,0,0.0561473528108789
350,59,2025-06-18T17:09:49.425116,0-30,False,0.013807564746595126,44.01420946994821,0,0.48523831597994616
351,59,2025-07-18T17:09:49.425116,0-30,False,0.02625160319727724,83.68192242820004,0,0.18809363184514422
352,59,2025-08-17T17:09:49.425116,61-90,False,0.1643646460491891,523.9432219535213,0,0.3607403327513192
353,59,2025-09-16T17:09:49.425116,0-30,False,0.1809283276436654,576.7430722292611,0,0.14388566889915594
354,59,2025-10-16T17:09:49.425116,31-60,False,0.05393618854633131,171.93174497148414,0,0.1848594922134143
355,59,2025-11-15T17:09:49.425116,0-30,False,0.0893884546661254,284.94251086818235,0,0.1950983868134349
356,59,2025-12-15T17:09:49.425116,0-30,False,0.01928684842657349,61.48045670918762,0,0.017019343367729645
357,60,2025-01-11T17:09:49.427125,0-30,False,0.1518838273591868,1450.3848124377173,0,0.04847739738655693
358,60,2025-02-10T17:09:49.427125,0-30,False,0.12180303110135692,1163.134149895397,0,0.13595021395204904
359,60,2025-03-12T17:09:49.427125,0-30,False,0.17330940795997749,1654.9841910638406,0,0.07036801064960763
360,60,2025-04-11T17:09:49.427125,0-30,False,0.1415064796069169,1351.2883659300664,0,0.39422742322789506
361,61,2024-06-21T17:09:49.427125,0-30,False,0.0671089149154691,112.96426749063691,0,0.33174296627090905
362,61,2024-07-21T17:09:49.427125,31-60,False,0.09824185622521862,165.37026920165806,0,0.4312322887061483
363,61,2024-08-20T17:09:49.427125,0-30,False,0.018609982603666843,31.326136855062366,0,0.08075618507742605
364,61,2024-09-19T17:09:49.427125,31-60,False,0.1256042591994405,211.42933322705636,0,0.3075718541737981
365,61,2024-10-19T17:09:49.427125,31-60,False,0.09723624459143734,163.6775256707389,0,0.006941898081945286
366,61,2024-11-18T17:09:49.427125,0-30,False,0.023269157464074076,39.168914165344475,0,0.2146562543131828
367,61,2024-12-18T17:09:49.427125,61-90,False,0.19717215809617583,331.89939722521683,0,0.28008115094664715
368,61,2025-01-17T17:09:49.427125,0-30,False,0.08277069014442531,139.3276942957129,0,0.31681321933940376
369,61,2025-02-16T17:09:49.427125,0-30,False,0.10447029897532896,175.85459119911297,0,0.3618268133791766
370,62,2025-08-29T17:09:49.427125,180+,True,0.5967468767304012,5327.8641651072685,0,0.9501385223944876
371,62,2025-09-28T17:09:49.427125,180+,True,0.8823352387844776,7877.648771432092,0,0.9532213948732619
372,62,2025-10-28T17:09:49.427125,180+,True,0.971110666241526,8670.251861844534,0,0.7018751490290293
373,62,2025-11-27T17:09:49.427125,180+,True,0.7586264879032922,6773.154644305189,0,0.7487928174382865
374,62,2025-12-27T17:09:49.427125,180+,True,0.9694525687892053,8655.448067567673,0,0.9671005149404227
375,62,2026-01-26T17:09:49.427125,180+,True,0.8795163030574309,7852.48080285191,0,0.7691315049230356
376,63,2025-03-28T17:09:49.429132,61-90,False,0.1111163869258171,596.3052805893809,0,0.34950087461906315
377,63,2025-04-27T17:09:49.429132,0-30,False,0.0986566150878887,529.4400058315199,0,0.34652750775113467
378,63,2025-05-27T17:09:49.429132,61-90,False,0.14159313516707508,759.8585279028318,0,0.4108459338527989
379,64,2025-09-03T17:09:49.429132,180+,True,0.992319561724422,9318.35200918085,0,0.9268384208247029
380,64,2025-10-03T17:09:49.429132,180+,True,0.5688946998961439,5342.191441411652,0,0.8895287712776625
381,64,2025-11-02T17:09:49.429132,180+,True,0.8217104513212322,7716.251427844506,0,0.9987968713109312
382,64,2025-12-02T17:09:49.429132,180+,True,0.7611227313116689,7147.3039594486445,0,0.996779142559485
383,64,2026-01-01T17:09:49.429132,180+,True,0.9640130416062935,9052.540340450556,0,0.7149950179056749
384,65,2024-09-10T17:09:49.429132,31-60,False,0.029333442343259943,113.7273243264258,0,0.4893662681686497
385,65,2024-10-10T17:09:49.429132,91-180,False,0.09506964179425575,368.5900842939004,0,0.12465330780395562
386,65,2024-11-09T17:09:49.429132,0-30,False,0.13977393415300632,541.9110159586144,0,0.3673898880076954
387,65,2024-12-09T17:09:49.429132,31-60,False,0.09174905705023995,355.7159997007282,0,0.03965036946344824
388,65,2025-01-08T17:09:49.429132,0-30,False,0.029912140636807694,115.9709685515836,0,0.36971466459201074
389,65,2025-02-07T17:09:49.429132,0-30,False,0.009748499953261082,37.79545553866484,0,0.04610769430802958
390,65,2025-03-09T17:09:49.429132,91-180,False,0.18559815836066418,719.5739832805733,0,0.34112019236695557
391,65,2025-04-08T17:09:49.429132,0-30,False,0.11319795454032724,438.8745220710122,0,0.28975968883593933
392,66,2025-04-25T17:09:49.429132,61-90,False,0.02861963132824559,35.007289604416286,0,0.05929437297917123
393,66,2025-05-25T17:09:49.429132,0-30,False,0.19067517856711244,233.2322565554823,0,0.2529609983639212
394,66,2025-06-24T17:09:49.429132,31-60,False,0.10857733392449882,132.81087130633378,0,0.3067987962334814
395,66,2025-07-24T17:09:49.429132,0-30,False,0.11364469401703546,139.00922306896516,0,0.44821182006986016
396,66,2025-08-23T17:09:49.429132,0-30,False,0.09629038065601997,117.78157458017165,0,0.11236687830641506
397,66,2025-09-22T17:09:49.429132,31-60,False,0.008502678186724478,10.400403634901172,0,0.13701202309321564
398,66,2025-10-22T17:09:49.429132,31-60,False,0.015104958166167727,18.476256347291013,0,0.05830309286435359
399,66,2025-11-21T17:09:49.429132,31-60,False,0.043332576600635546,53.00403911446863,0,0.1591047796786471
400,67,2024-07-28T17:09:49.431140,0-30,False,0.18478303117649386,790.1516704131293,0,0.1350155173240759
401,67,2024-08-27T17:09:49.431140,91-180,False,0.05150056954734555,220.22185043709354,0,0.3953731049588864
402,67,2024-09-26T17:09:49.431140,0-30,False,0.047041157628427935,201.15293618474846,0,0.33066398312911016
403,67,2024-10-26T17:09:49.431140,91-180,False,0.13331266070337075,570.0589543927074,0,0.25706463260012047
404,67,2024-11-25T17:09:49.431140,0-30,False,0.10595021245220784,453.05424863269326,0,0.47046837062708363
405,67,2024-12-25T17:09:49.431140,0-30,False,0.04816790187668055,205.97101306235322,0,0.27001267123283884
406,67,2025-01-24T17:09:49.431140,0-30,False,0.18285745125886166,781.9176882192892,0,0.46601856476147274
407,67,2025-02-23T17:09:49.431140,0-30,False,0.13710253762518745,586.2648665988634,0,0.10831735978113466
408,67,2025-03-25T17:09:49.431140,31-60,False,0.19578512861457908,837.1977958793129,0,0.014648155082709169
409,67,2025-04-24T17:09:49.431140,91-180,False,0.10309808932453937,440.85827025089776,0,0.08560375059957875
410,67,2025-05-24T17:09:49.431140,0-30,False,0.10870741710738228,464.84434564585496,0,0.22711324272031713
411,68,2024-12-29T17:09:49.431140,91-180,False,0.07075192084267415,488.4308556201262,0,0.43372796478326486
412,68,2025-01-28T17:09:49.431140,31-60,False,0.15455770346545017,1066.978118010037,0,0.4095509567135348
413,68,2025-02-27T17:09:49.431140,91-180,False,0.1440809419651134,994.6525398096065,0,0.05613674534664714
414,68,2025-03-29T17:09:49.431140,31-60,False,0.13167896245599395,909.0363559537346,0,0.1256076417263151
415,68,2025-04-28T17:09:49.431140,0-30,False,0.10421560237064131,719.4450020381282,0,0.27621886177209776
416,68,2025-05-28T17:09:49.431140,0-30,False,0.0667369765445626,460.7139730897656,0,0.31826835248674973
417,68,2025-06-27T17:09:49.431140,31-60,False,0.04655359635756784,321.3794428519071,0,0.3514674884367649
418,68,2025-07-27T17:09:49.431140,0-30,False,0.17021859722116559,1175.091984683552,0,0.18922086870279725
419,68,2025-08-26T17:09:49.431140,0-30,False,0.018776723350146463,129.62377476715594,0,0.05222865089576739
420,68,2025-09-25T17:09:49.431140,0-30,False,0.05845793105888395,403.5601711558261,0,0.3376832416198585
421,69,2026-01-14T17:09:49.433861,31-60,True,0.3031070626680457,2317.691036150226,1,0.4995293283346963
422,69,2026-02-13T17:09:49.433861,0-30,False,0.3247424542794083,2483.1248362071096,1,0.4752040161850711
423,69,2026-03-15T17:09:49.433861,31-60,True,0.4574725551826246,3498.0380565816686,1,0.5278626284359462
424,69,2026-04-14T17:09:49.433861,31-60,True,0.37838633290510926,2893.3097244796754,1,0.5867676666168641
425,69,2026-05-14T17:09:49.433861,31-60,True,0.24087053441842243,1841.802937814374,1,0.6639758494421416
426,70,2025-07-29T17:09:49.433861,180+,False,0.16757156699485792,698.1966622377372,0,0.22318836197994818
427,70,2025-08-28T17:09:49.433861,31-60,False,0.046759885697390605,194.82777839953033,0,0.1303363415924469
428,70,2025-09-27T17:09:49.433861,31-60,False,0.09313077327440883,388.03477354727494,0,0.28550212000283093
429,70,2025-10-27T17:09:49.433861,0-30,False,0.1722585167569233,717.725110521869,0,0.15076229643453382
430,70,2025-11-26T17:09:49.433861,91-180,False,0.051702205520039395,215.4202408665709,0,0.03519234599606408
431,70,2025-12-26T17:09:49.433861,0-30,False,0.0628596654119613,261.908445251688,0,0.30779508267720634
432,70,2026-01-25T17:09:49.433861,61-90,False,0.11035078681296431,459.7829596621486,0,0.4496223205260697
433,70,2026-02-24T17:09:49.433861,31-60,False,0.023721978925883902,98.83900237224805,0,0.20367805687728463
434,70,2026-03-26T17:09:49.433861,61-90,False,0.10224176910755928,425.9962666242167,0,0.473648219358138
435,71,2025-10-23T17:09:49.435873,91-180,False,0.035455299414391364,285.85828668404463,0,0.10956309834012617
436,71,2025-11-22T17:09:49.435873,61-90,False,0.0711461692975284,573.6158598415145,0,0.034344833281227005
437,71,2025-12-22T17:09:49.435873,91-180,False,0.08023995262254494,646.934471267766,0,0.41202520249571295
438,72,2025-04-17T17:09:49.435873,0-30,False,0.05480856881605276,469.86548136421396,0,0.05108520140155437
439,72,2025-05-17T17:09:49.435873,31-60,False,0.09069888462035186,777.5476718680007,0,0.31821859144423803
440,72,2025-06-16T17:09:49.435873,61-90,False,0.0015745212166701217,13.49812967880658,0,0.43150790516283416
441,72,2025-07-16T17:09:49.435873,0-30,False,0.09535375625675789,817.4531747733777,0,0.2856783100872062
442,72,2025-08-15T17:09:49.435873,0-30,False,0.1789469343026391,1534.084710493911,0,0.30448230921639785
443,73,2025-11-14T17:09:49.435873,91-180,False,0.07181884999311117,499.3309148026653,0,0.3007532990794271
444,73,2025-12-14T17:09:49.435873,0-30,False,0.1819301264909003,1264.8954487516787,0,0.24917981993648114
445,73,2026-01-13T17:09:49.435873,0-30,False,0.14235877431108368,989.7699143575529,0,0.40209194977144336
446,73,2026-02-12T17:09:49.435873,31-60,False,0.1153199119336455,801.7783231883179,0,0.45351066966335196
447,74,2025-01-12T17:09:49.437881,0-30,False,0.1972346905218081,1324.5120635399915,0,0.1506540168771675
448,74,2025-02-11T17:09:49.437881,61-90,False,0.05172607937472995,347.361896379388,0,0.09024054986253643
449,74,2025-03-13T17:09:49.437881,0-30,False,0.16787744614855257,1127.3660938234264,0,0.05735802749304969
450,74,2025-04-12T17:09:49.437881,91-180,False,0.036697650043150114,246.43981267761225,0,0.0009534965311457921
451,74,2025-05-12T17:09:49.437881,61-90,False,0.016983953856674706,114.05423513611012,0,0.40606658320098
452,74,2025-06-11T17:09:49.437881,0-30,False,0.0030709139152242052,20.622449915105324,0,0.1912723619625908
453,74,2025-07-11T17:09:49.437881,0-30,False,0.13589302038113166,912.5775205644832,0,0.21167013127309697
454,74,2025-08-10T17:09:49.437881,61-90,False,0.0959223214225755,644.1578383135087,0,0.12214967157135898
455,74,2025-09-09T17:09:49.437881,0-30,False,0.01628805069824171,109.38095922322921,0,0.3353381202572088
456,74,2025-10-09T17:09:49.437881,31-60,False,0.19623808917419594,1317.8194756186665,0,0.49949795243180944
457,74,2025-11-08T17:09:49.437881,0-30,False,0.13807940896709295,927.2600191149685,0,0.41111837084985214
458,75,2024-09-04T17:09:49.437881,31-60,False,0.040163923189405676,198.670463388397,0,0.32185333688697904
459,75,2024-10-04T17:09:49.437881,31-60,False,0.11312423188125097,559.5679351919696,0,0.05482564345833113
460,75,2024-11-03T17:09:49.437881,0-30,False,0.0025199902701735113,12.465107861815715,0,0.36623408430656296
461,75,2024-12-03T17:09:49.437881,0-30,False,0.1421081137602583,702.9364307580562,0,0.48638275617590065
462,75,2025-01-02T17:09:49.437881,0-30,False,0.1655542721446287,818.9126298194394,0,0.30736489975937586
463,76,2026-02-23T17:09:49.437881,0-30,False,0.14315421778867607,946.4519315568135,0,0.4442230540157149
464,76,2026-03-25T17:09:49.437881,31-60,False,0.08641886713472338,571.3509876694707,0,0.48562824414334527
465,76,2026-04-24T17:09:49.437881,0-30,False,0.15768182051456933,1042.4999409917082,0,0.3006664749402262
466,77,2026-02-02T17:09:49.437881,0-30,False,0.16274804196891343,1330.3731968915065,0,0.33966390993044043
467,77,2026-03-04T17:09:49.437881,0-30,False,0.16951205859935098,1385.6652072874372,0,0.4372199779521748
468,77,2026-04-03T17:09:49.437881,31-60,False,0.038193858558279774,312.21319222695365,0,0.49514328558940507
469,77,2026-05-03T17:09:49.437881,0-30,False,0.1558860925157531,1274.2806410581616,0,0.2666844059217469
470,78,2025-12-06T17:09:49.439889,31-60,False,0.08451284296587667,641.7152749845555,0,0.16183821291558637
471,78,2026-01-05T17:09:49.439889,0-30,False,0.0627305795636837,476.3201627343605,0,0.24166922289808224
472,78,2026-02-04T17:09:49.439889,31-60,False,0.11702285642144808,888.5673686103377,0,0.08016822513595284
473,78,2026-03-06T17:09:49.439889,61-90,False,0.0026427445581351794,20.0666489414206,0,0.23826953517278554
474,78,2026-04-05T17:09:49.439889,0-30,False,0.014859865152788743,112.83258399679521,0,0.19107882881576244
475,78,2026-05-05T17:09:49.439889,31-60,False,0.04953423119292706,376.1188439010644,0,0.010893982200433139
476,79,2024-07-22T17:09:49.439889,0-30,False,0.17188449370779474,345.20319422970954,0,0.3150240203689496
477,79,2024-08-21T17:09:49.439889,0-30,False,0.05072560577186176,101.87446676517503,0,0.12226727813126859
478,79,2024-09-20T17:09:49.439889,91-180,False,0.029399748857353303,59.044809663650156,0,0.07527843683672164
479,79,2024-10-20T17:09:49.439889,31-60,False,0.1363667123518218,273.87127061315664,0,0.40766026355243634
480,79,2024-11-19T17:09:49.439889,0-30,False,0.13398193235079867,269.08181197072776,0,0.005958111476796035
481,79,2024-12-19T17:09:49.439889,61-90,False,0.11584190694507245,232.65040051304135,0,0.3943004448357876
482,79,2025-01-18T17:09:49.439889,0-30,False,0.15669578276513674,314.6990375106587,0,0.1585895906155712
483,79,2025-02-17T17:09:49.439889,0-30,False,0.030261733776675827,60.775971917493884,0,0.2787150939772193
484,79,2025-03-19T17:09:49.439889,0-30,False,0.005317767933907192,10.679907403851164,0,0.4815114033840629
485,80,2024-12-25T17:09:49.439889,0-30,False,0.03883587852513137,20.429163974250635,0,0.009981154003047998
486,80,2025-01-24T17:09:49.439889,0-30,False,0.08348318825191055,43.915364005164996,0,0.1255532589879521
487,80,2025-02-23T17:09:49.439889,61-90,False,0.17212607485293863,90.54492755041716,0,0.13230641556956518
488,81,2026-03-18T17:09:49.441897,0-30,False,0.08941660931943976,646.0227715284201,0,0.3863082311297686
489,81,2026-04-17T17:09:49.441897,0-30,False,0.19121532357887544,1381.5045575685083,0,0.052132910579645864
490,81,2026-05-17T17:09:49.441897,61-90,False,0.15673125750394926,1132.3618970622604,0,0.11531323470387067
491,82,2026-03-05T17:09:49.441897,180+,True,0.5182835967078911,2664.201411728382,0,0.8074235467614304
492,82,2026-04-04T17:09:49.441897,180+,True,0.8519166018203537,4379.219075543771,0,0.7392160998705014
493,82,2026-05-04T17:09:49.441897,180+,True,0.6179779265511687,3176.6733016297567,0,0.8550910292266682
494,83,2025-05-30T17:09:49.441897,31-60,False,0.17452061458152116,775.6413141682476,0,0.016855581976487122
495,83,2025-06-29T17:09:49.441897,0-30,False,0.005628963892348038,25.017428235258688,0,0.09859445011843904
496,83,2025-07-29T17:09:49.441897,91-180,False,0.0977609653887161,434.48989593742357,0,0.3812094970021521
497,83,2025-08-28T17:09:49.441897,91-180,False,0.03969085056928248,176.40244718272677,0,0.1389018955377312
498,83,2025-09-27T17:09:49.441897,91-180,False,0.19755811514556662,878.0294317868753,0,0.2117579668810477
499,84,2025-04-13T17:09:49.443905,31-60,False,0.10221310501691361,332.2858967238974,0,0.43655629810475766
500,84,2025-05-13T17:09:49.443905,61-90,False,0.03282342677505177,106.70609994378388,0,0.015179059504933035
501,84,2025-06-12T17:09:49.443905,0-30,False,0.10518525558215344,341.94809919397926,0,0.2907595445329391
502,84,2025-07-12T17:09:49.443905,61-90,False,0.11710480417767599,380.69751291105484,0,0.36260890235505494
503,85,2025-01-12T17:09:49.443905,61-90,False,0.0063349468128014235,40.11919743814955,0,0.10733309434100169
504,85,2025-02-11T17:09:49.443905,0-30,False,0.18364648765658767,1163.0326054559546,0,0.3999893967406837
505,85,2025-03-13T17:09:49.443905,0-30,False,0.08783004164712016,556.2273663799685,0,0.1928289560735315
506,85,2025-04-12T17:09:49.443905,31-60,False,0.19225307777912384,1217.538112542061,0,0.2853816259998436
507,85,2025-05-12T17:09:49.443905,31-60,False,0.029117607916251977,184.40171566367925,0,0.046092672615720365
508,86,2025-03-12T17:09:49.443905,0-30,False,0.08546700638240344,503.6007673669593,0,0.2776257599213343
509,86,2025-04-11T17:09:49.443905,91-180,False,0.02029152197761679,119.5645720086349,0,0.1660357947073643
510,86,2025-05-11T17:09:49.443905,180+,False,0.10091854143555679,594.6464847628547,0,0.2326446225721397
511,86,2025-06-10T17:09:49.443905,31-60,False,0.0450320953794926,265.34447325539793,0,0.21791237994720652
512,86,2025-07-10T17:09:49.443905,0-30,False,0.08262934817014289,486.8803168246107,0,0.42334119364023526
513,86,2025-08-09T17:09:49.443905,31-60,False,0.13144612938907588,774.5254505764954,0,0.2123026070819905
514,86,2025-09-08T17:09:49.443905,0-30,False,0.17326264251907217,1020.9226158949288,0,0.25600673133413526
515,86,2025-10-08T17:09:49.443905,0-30,False,0.18638197315859323,1098.226189016965,0,0.40373873575122293
516,86,2025-11-07T17:09:49.443905,0-30,False,0.03160891442853921,186.25051040896486,0,0.23022607055533056
517,86,2025-12-07T17:09:49.443905,31-60,False,0.1153578856366902,679.7280282467924,0,0.11225248070649291
518,87,2024-12-26T17:09:49.445913,0-30,False,0.12261998130180143,774.822706423402,0,0.05102107079598822
519,87,2025-01-25T17:09:49.445913,0-30,False,0.13898189361801977,878.2119016305982,0,0.1753177600475414
520,87,2025-02-24T17:09:49.445913,180+,False,0.18667318920348763,1179.5681596080065,0,0.27710562757736007
521,87,2025-03-26T17:09:49.445913,0-30,False,0.07509579940285958,474.5224221747434,0,0.15378069082895596
522,87,2025-04-25T17:09:49.445913,0-30,False,0.18595025070753246,1174.9999876341828,0,0.3263270622951518
523,87,2025-05-25T17:09:49.445913,0-30,False,0.13342684348115136,843.1101267349364,0,0.3098182607970687
524,87,2025-06-24T17:09:49.445913,31-60,False,0.07027308110474242,444.0481747935794,0,0.3494858006718809
525,87,2025-07-24T17:09:49.445913,0-30,False,0.061105837087977524,386.1213284174483,0,0.21090445645658218
526,88,2025-12-10T17:09:49.445913,180+,False,0.040383591855357115,378.87487139947285,0,0.20986618186967232
527,88,2026-01-09T17:09:49.445913,0-30,False,0.021500811584645875,201.7184913440624,0,0.4568319885175245
528,88,2026-02-08T17:09:49.445913,0-30,False,0.1883995164876623,1767.545661531268,0,0.024142788604881338
529,88,2026-03-10T17:09:49.445913,0-30,False,0.027856708594418623,261.3488895223883,0,0.41067801081989597
530,88,2026-04-09T17:09:49.445913,0-30,False,0.13486644898693026,1265.3037079773376,0,0.28043727590410733
531,88,2026-05-09T17:09:49.445913,0-30,False,0.04637581713690262,435.0933373317214,0,0.4416242281782699
532,89,2025-11-06T17:09:49.445913,91-180,False,0.1719952462161326,326.0187758221214,0,0.1909928950164012
533,89,2025-12-06T17:09:49.445913,31-60,False,0.01954335225621231,37.044627210360694,0,0.27285243793806696
534,89,2026-01-05T17:09:49.445913,0-30,False,0.025247323473824614,47.85656390397004,0,0.09135476950842414
535,89,2026-02-04T17:09:49.445913,0-30,False,0.02076930094494278,39.36842568452546,0,0.01011761012088036
536,89,2026-03-06T17:09:49.445913,61-90,False,0.1627990192827574,308.5872321430951,0,0.3705610925878182
537,89,2026-04-05T17:09:49.445913,61-90,False,0.08539156166625561,161.86059215257902,0,0.4956010269338897
538,89,2026-05-05T17:09:49.445913,0-30,False,0.04366625812052319,82.76984585548648,0,0.22445816995588053
539,90,2025-04-24T17:09:49.445913,0-30,False,0.005038355579592469,1.3419021361878245,0,0.43710414372488826
540,90,2025-05-24T17:09:49.445913,0-30,False,0.0036268771655982193,0.9659727542693118,0,0.4449192002899383
541,90,2025-06-23T17:09:49.445913,180+,False,0.018267688820096283,4.8653673333799174,0,0.42818422381427534
542,90,2025-07-23T17:09:49.445913,0-30,False,0.0294918353203659,7.854776462541692,0,0.3604711915440606
543,90,2025-08-22T17:09:49.445913,0-30,False,0.08532641595934619,22.725609187424386,0,0.22001017871657097
544,90,2025-09-21T17:09:49.445913,0-30,False,0.1869906714341513,49.80259481109893,0,0.13024143561400886
545,91,2026-02-08T17:09:49.447921,91-180,False,0.050932182607113186,90.85882274778747,0,0.2769175157981835
546,91,2026-03-10T17:09:49.447921,0-30,False,0.02566795140366762,45.789513182161365,0,0.1733530116585102
547,91,2026-04-09T17:09:49.447921,0-30,False,0.1694271863665262,302.2441589334646,0,0.429283592055022
548,91,2026-05-09T17:09:49.447921,31-60,False,0.05660066898040231,100.97093599869291,0,0.2311305813204636
549,92,2025-07-08T17:09:49.449873,0-30,False,0.18512595872210186,979.0708078139039,0,0.06008819382897074
550,92,2025-08-07T17:09:49.449873,0-30,False,0.1244954605173972,658.4158804055384,0,0.47043139631501113
551,92,2025-09-06T17:09:49.449873,31-60,False,0.1388390686871479,734.2745451474448,0,0.222083801743921
552,92,2025-10-06T17:09:49.449873,0-30,False,0.11005259298853676,582.0322652915853,0,0.017689592350504713
553,92,2025-11-05T17:09:49.449873,31-60,False,0.02148428189187468,113.62335877895487,0,0.12876086385063956
554,92,2025-12-05T17:09:49.449873,0-30,False,0.04664981465676517,246.7156526056391,0,0.3723537911747236
555,92,2026-01-04T17:09:49.449873,0-30,False,0.14013423801290154,741.1242732286639,0,0.36756167666127243
556,92,2026-02-03T17:09:49.449873,31-60,False,0.018897523683197706,99.9428384107098,0,0.2795348274717398
557,93,2025-09-01T17:09:49.449873,91-180,False,0.05588180187411338,93.02853611195388,0,0.478969811777359
558,93,2025-10-01T17:09:49.449873,0-30,False,0.1308517396282117,217.83380952420686,0,0.44407160587673045
559,93,2025-10-31T17:09:49.449873,180+,False,0.13682603633440338,227.77944581788796,0,0.21465041020861675
560,93,2025-11-30T17:09:49.449873,0-30,False,0.1736566559288552,289.0927626770441,0,0.17529066027183865
561,93,2025-12-30T17:09:49.449873,0-30,False,0.0014297429244133132,2.3801467886490686,0,0.03222571223890136
562,93,2026-01-29T17:09:49.449873,0-30,False,0.07485083864872544,124.6070046547415,0,0.0793940225313095
563,93,2026-02-28T17:09:49.449873,0-30,False,0.037676150105994566,62.720903284232556,0,0.2472824457257436
564,94,2025-03-06T17:09:49.449873,0-30,False,0.07546734242844791,408.6581752517992,0,0.023372237917253513
565,94,2025-04-05T17:09:49.449873,31-60,False,0.08453711320873927,457.7712864036872,0,0.13111198821333708
566,94,2025-05-05T17:09:49.449873,0-30,False,0.01208860792408757,65.46021493039697,0,0.04565432003013031
567,94,2025-06-04T17:09:49.449873,31-60,False,0.1587064107760337,859.4005054568911,0,0.22390432625135415
568,95,2025-12-01T17:09:49.449873,0-30,False,0.10219153155477004,851.5713341355864,0,0.17318467388342812
569,95,2025-12-31T17:09:49.449873,0-30,False,0.15141281258465988,1261.7367491829295,0,0.10781127556641334
570,95,2026-01-30T17:09:49.449873,0-30,False,0.05962568893391449,496.866293142829,0,0.21869296237782848
571,95,2026-03-01T17:09:49.449873,0-30,False,0.14946447763159165,1245.5010966774373,0,0.09684225628159499
572,95,2026-03-31T17:09:49.449873,91-180,False,0.19811106308192747,1650.8775211503475,0,0.4268144661913751
573,95,2026-04-30T17:09:49.449873,0-30,False,0.12057594703685211,1004.7703417362195,0,0.20361148334486406
574,96,2025-11-02T17:09:49.449873,0-30,False,0.003732498210714952,9.089487337264176,0,0.47084586209398327
575,96,2025-12-02T17:09:49.449873,31-60,False,0.12366419491244901,301.1506155590001,0,0.34766667992694117
576,96,2026-01-01T17:09:49.449873,0-30,False,0.0678804059385533,165.3043231087437,0,0.37604389362569074
577,96,2026-01-31T17:09:49.449873,31-60,False,0.13931115212872988,339.25453723693084,0,0.298190778635972
578,96,2026-03-02T17:09:49.449873,61-90,False,0.005384194466835801,13.11174571689817,0,0.38400732092883616
579,96,2026-04-01T17:09:49.449873,31-60,False,0.19527103894667686,475.52966823800784,0,0.36943038667855815
580,96,2026-05-01T17:09:49.449873,0-30,False,0.07661921244042794,186.58531684467278,0,0.07153637653784306
581,97,2024-05-26T17:09:49.449873,180+,True,0.5175943770294715,2227.1102713837086,0,0.8594291506452133
582,97,2024-06-25T17:09:49.449873,180+,True,0.7119366636149296,3063.328209265258,0,0.949390633510523
583,97,2024-07-25T17:09:49.449873,180+,True,0.8821775273779568,3795.8423035485584,0,0.7642582524615813
584,97,2024-08-24T17:09:49.449873,180+,True,0.8479184773871977,3648.4321199987417,0,0.7495679732485564
585,97,2024-09-23T17:09:49.449873,180+,True,0.5806817918827057,2498.5634321020348,0,0.8918001007251447
586,97,2024-10-23T17:09:49.449873,180+,True,0.8910840214148409,3834.1652553267477,0,0.8992913644784231
587,97,2024-11-22T17:09:49.449873,180+,True,0.8017361282292865,3449.7182453301293,0,0.9332504495602408
588,97,2024-12-22T17:09:49.449873,180+,True,0.5855794470562128,2519.637111853374,0,0.7288851892756981
589,97,2025-01-21T17:09:49.449873,180+,True,0.9686599698898577,4167.959823676948,0,0.7892724683686072
590,97,2025-02-20T17:09:49.449873,180+,True,0.7747319365580163,3333.524338845562,0,0.7287555552256232
591,98,2024-09-29T17:09:49.449873,0-30,False,0.005505188290677254,23.461410345501186,0,0.2975694031946018
592,98,2024-10-29T17:09:49.449873,61-90,False,0.005407775418630978,23.04626680392936,0,0.21261178866898328
593,98,2024-11-28T17:09:49.449873,0-30,False,0.12370984794578435,527.2131220926044,0,0.3428471326554735
594,98,2024-12-28T17:09:49.449873,0-30,False,0.09588704639600942,408.6409444204739,0,0.23463968504764987
595,99,2025-05-05T17:09:49.449873,0-30,False,0.04252414923773265,127.97874717774631,0,0.039759456396581405
596,99,2025-06-04T17:09:49.449873,0-30,False,0.04945546339774183,148.83891530325553,0,0.2646372128091166
597,99,2025-07-04T17:09:49.449873,61-90,False,0.17449107508207967,525.1404104020895,0,0.081953024684919
598,99,2025-08-03T17:09:49.449873,0-30,False,0.18449773441268302,555.2559976042147,0,0.231309424808662
599,99,2025-09-02T17:09:49.449873,0-30,False,0.16204004694103116,487.6683619042366,0,0.31506601212726887
600,99,2025-10-02T17:09:49.449873,61-90,False,0.10711667344900906,322.3734728521726,0,0.15532271190762714
601,99,2025-11-01T17:09:49.449873,31-60,False,0.009504489254124393,28.60427895939837,0,0.34645978803551286
602,100,2025-11-07T17:09:49.449873,31-60,False,0.06165790126030553,298.8982762774967,0,0.1157030693976065
603,100,2025-12-07T17:09:49.449873,31-60,False,0.19783445282446246,959.0397293591008,0,0.04677117656251306
604,100,2026-01-06T17:09:49.449873,0-30,False,0.0367474077973224,178.1399727167989,0,0.012374662618007015
605,100,2026-02-05T17:09:49.449873,31-60,False,0.12065236653111565,584.8850455143192,0,0.0677945878896557
606,100,2026-03-07T17:09:49.449873,0-30,False,0.15226514977263,738.1339597018333,0,0.04120776211070254
607,100,2026-04-06T17:09:49.449873,0-30,False,0.011182772622907856,54.2105941439528,0,0.10631941137817758
608,100,2026-05-06T17:09:49.449873,91-180,False,0.16842291131766937,816.4617486080099,0,0.3963495579748509
609,101,2024-09-15T17:09:49.456257,91-180,False,0.07037979330849733,253.73206211506107,0,0.13951055425665781
610,101,2024-10-15T17:09:49.456257,0-30,False,0.17955676512853336,647.3350679373455,0,0.1137513674213802
611,101,2024-11-14T17:09:49.456257,91-180,False,0.12321251165362826,444.203700957396,0,0.02638452495738225
612,101,2024-12-14T17:09:49.456257,0-30,False,0.07658943337614757,276.1189533702102,0,0.3032903986700537
613,101,2025-01-13T17:09:49.456257,0-30,False,0.07818504537176302,281.8714272402088,0,0.4653437106618851
614,101,2025-02-12T17:09:49.456257,0-30,False,0.1616123748310186,582.6422500197316,0,0.2735352704461569
615,101,2025-03-14T17:09:49.456257,31-60,False,0.024042983790840935,86.67936590703961,0,0.26516364295140865
616,101,2025-04-13T17:09:49.456257,61-90,False,0.11354462444521428,409.34919453771704,0,0.12009128078539977
617,101,2025-05-13T17:09:49.456257,0-30,False,0.17641683780318795,636.0150540853706,0,0.337601093227031
618,101,2025-06-12T17:09:49.456257,31-60,False,0.03824381273439817,137.8759585966204,0,0.08098905803557704
619,101,2025-07-12T17:09:49.456257,180+,False,0.12006565075674971,432.85869030846817,0,0.37432404201898833
620,102,2025-08-09T17:09:49.456257,0-30,False,0.05480493484430613,362.5926469831253,0,0.3430292418719635
621,102,2025-09-08T17:09:49.456257,91-180,False,0.1830555079947428,1211.105922800861,0,0.3142160626174171
622,102,2025-10-08T17:09:49.456257,61-90,False,0.03409065343615308,225.54575243844758,0,0.15529688783104562
623,102,2025-11-07T17:09:49.456257,0-30,False,0.06172817137514275,408.39718386539334,0,0.3143439236572184
624,102,2025-12-07T17:09:49.456257,31-60,False,0.16809500968537064,1112.12639299041,0,0.38690954805310246
625,103,2025-06-12T17:09:49.456257,0-30,False,0.1820079142341966,660.5448267252846,0,0.28961377463019194
626,103,2025-07-12T17:09:49.456257,0-30,False,0.027598230646580426,100.15975710217103,0,0.31836826566200904
627,103,2025-08-11T17:09:49.456257,0-30,False,0.016740604352912827,60.75515808253644,0,0.33367652956655997
628,103,2025-09-10T17:09:49.456257,91-180,False,0.08891757134292096,322.7004825733429,0,0.02927056696719299
629,103,2025-10-10T17:09:49.456257,31-60,False,0.08915106364136322,323.54787500935413,0,0.07797870686302283
630,103,2025-11-09T17:09:49.456257,0-30,False,0.050835379217625,184.492234297091,0,0.4623464483630434
631,103,2025-12-09T17:09:49.456257,31-60,False,0.09736868965723983,353.37136029893253,0,0.48149785663097405
632,103,2026-01-08T17:09:49.456257,31-60,False,0.02021356283439453,73.35925152554246,0,0.4089664245939809
633,103,2026-02-07T17:09:49.456257,0-30,False,0.02841650245775125,103.12943682185907,0,0.3395937996824035
634,104,2025-10-31T17:09:49.456257,31-60,False,0.06254000670942331,91.30491969988412,0,0.26951572338859153
635,104,2025-11-30T17:09:49.456257,0-30,False,0.16141082119717085,235.6507912858831,0,0.275047775131207
636,104,2025-12-30T17:09:49.456257,0-30,False,0.06409439329634746,93.57423737298733,0,0.17059532025331448
637,104,2026-01-29T17:09:49.456257,0-30,False,0.047033203181841565,68.66585191938138,0,0.0025657654495527815
638,104,2026-02-28T17:09:49.456257,61-90,False,0.0787205841254821,114.92765975706423,0,0.15783823999732777
639,104,2026-03-30T17:09:49.456257,0-30,False,0.04939126798044729,72.10849493162426,0,0.20319451635875146
640,104,2026-04-29T17:09:49.456257,0-30,False,0.13158603158156082,192.10826284370276,0,0.11464335749051657
641,105,2026-04-15T17:09:49.456257,180+,True,0.7598694243458446,1653.2703806967456,0,0.9459960737752185
642,105,2026-05-15T17:09:49.456257,180+,True,0.7112859773150585,1547.5659380718894,0,0.8236153493040815
643,106,2025-06-06T17:09:49.456257,61-90,False,0.05514276110372143,376.1800260301595,0,0.32947043585432634
644,106,2025-07-06T17:09:49.456257,0-30,False,0.14244841247638582,971.773020442847,0,0.2248686162256444
645,106,2025-08-05T17:09:49.456257,31-60,False,5.1235177648312205e-05,0.34952276737011645,0,0.14531730336517135
646,107,2025-08-01T17:09:49.456257,180+,True,0.546911065580838,1757.9140558765696,0,0.776183673643109
647,107,2025-08-31T17:09:49.456257,180+,True,0.871587932793392,2801.5097415567616,0,0.8820001803812701
648,107,2025-09-30T17:09:49.456257,180+,True,0.8085471050803245,2598.8801659178052,0,0.7596260703108174
649,107,2025-10-30T17:09:49.456257,180+,True,0.8443293690347713,2713.8936456502065,0,0.9902999917862294
650,107,2025-11-29T17:09:49.456257,180+,True,0.5313136137783696,1707.7797991664831,0,0.880075626887669
651,107,2025-12-29T17:09:49.456257,180+,True,0.7341061790710672,2359.607716703119,0,0.9958177585792699
652,108,2024-09-30T17:09:49.456257,0-30,False,0.05199873820797305,181.66605102424288,0,0.22939510195106672
653,108,2024-10-30T17:09:49.456257,0-30,False,0.19076709180163345,666.475868979223,0,0.26979292117920795
654,108,2024-11-29T17:09:49.456257,31-60,False,0.18184730206356678,635.3131324681922,0,0.14295150825741088
655,108,2024-12-29T17:09:49.456257,0-30,False,0.17436043055644013,609.1565289024335,0,0.05603152813009987
656,108,2025-01-28T17:09:49.456257,0-30,False,0.12859878133313365,449.2807628885574,0,0.012437438267463019
657,108,2025-02-27T17:09:49.456257,0-30,False,0.08519281031091759,297.6349418892003,0,0.031111628069115327
658,108,2025-03-29T17:09:49.456257,0-30,False,0.08981943351869091,313.7988027192775,0,0.0801694219277625
659,109,2024-05-26T17:09:49.456257,0-30,False,0.05180646948062111,320.0849936516591,0,0.06306050544236058
660,109,2024-06-25T17:09:49.456257,0-30,False,0.18691345444960628,1154.8401672746954,0,0.4524606560606888
661,109,2024-07-25T17:09:49.456257,61-90,False,0.09118935019598831,563.4111505996392,0,0.0414120657393946
662,109,2024-08-24T17:09:49.456257,31-60,False,0.05231828583784526,323.2472383885676,0,0.4471937717635284
663,109,2024-09-23T17:09:49.456257,31-60,False,0.046619882453189536,288.0397936526471,0,0.19472972745768247
664,109,2024-10-23T17:09:49.456257,0-30,False,0.06802118997252218,420.26724420349416,0,0.3404246983657456
665,109,2024-11-22T17:09:49.456257,91-180,False,0.18116974867866398,1119.352822862686,0,0.3445785844904608
666,109,2024-12-22T17:09:49.456257,31-60,False,0.07851152943706924,485.08154779485005,0,0.2682821631308377
667,109,2025-01-21T17:09:49.456257,31-60,False,0.056046414602926656,346.28138999293475,0,0.1168843975780276
668,109,2025-02-20T17:09:49.456257,31-60,False,0.17590278309298724,1086.8110059244468,0,0.13915698725660902
669,109,2025-03-22T17:09:49.456257,0-30,False,0.14271398864044,881.7548581469272,0,0.25660562306809165
670,110,2024-10-15T17:09:49.456257,180+,False,0.06668137120334675,223.005248543922,0,0.258803146145027
671,110,2024-11-14T17:09:49.456257,31-60,False,0.05964770289298787,199.4822627171344,0,0.13917835617729762
672,110,2024-12-14T17:09:49.456257,0-30,False,0.0603964358087437,201.98628096028,0,0.24929512155955647
673,110,2025-01-13T17:09:49.456257,180+,False,0.0661188110938461,221.12385566348,0,0.32690872933453813
674,110,2025-02-12T17:09:49.456257,0-30,False,0.01875775952597556,62.732345627099996,0,0.1905504910606166
675,111,2025-08-30T17:09:49.456257,61-90,False,0.19765063267043867,1205.5831443881095,0,0.4189142692653739
676,111,2025-09-29T17:09:49.456257,91-180,False,0.19224135804420595,1172.5889150014216,0,0.24819369037811445
677,111,2025-10-29T17:09:49.456257,0-30,False,0.02875200144718204,175.37473998346331,0,0.2361460031196415
678,111,2025-11-28T17:09:49.456257,31-60,False,0.1636648492335845,998.2846039953065,0,0.3205135467556727
679,111,2025-12-28T17:09:49.456257,91-180,False,0.014805454729567846,90.30685318741104,0,0.16677282773445362
680,111,2026-01-27T17:09:49.456257,61-90,False,0.19211257456739556,1171.8033916422467,0,0.3771242799417129
681,111,2026-02-26T17:09:49.456257,0-30,False,0.07620903157119169,464.84204310928743,0,0.021378221874332415
682,111,2026-03-28T17:09:49.456257,0-30,False,0.16110190705313296,982.6517681624679,0,0.031100312205767255
683,111,2026-04-27T17:09:49.456257,31-60,False,0.14699280771224413,896.5923808584322,0,0.40876627479435723
684,112,2026-02-25T17:09:49.456257,0-30,False,0.18888554836949983,1866.3925538440258,0,0.3563945430575833
685,112,2026-03-27T17:09:49.456257,0-30,False,0.021046125742164336,207.95837856054504,0,0.4424006523222363
686,112,2026-04-26T17:09:49.456257,91-180,False,0.18594010362869812,1837.2883890233409,0,0.32916200642386084
687,113,2025-08-25T17:09:49.456257,0-30,False,0.16630660069143888,1218.2369105703922,0,0.21187250768585175
688,113,2025-09-24T17:09:49.456257,0-30,False,0.11461635479725528,839.5930972584426,0,0.2341946482864537
689,113,2025-10-24T17:09:49.456257,0-30,False,0.1292185654706271,946.557895674542,0,0.47648262358544924
690,113,2025-11-23T17:09:49.456257,0-30,False,0.06477692461089868,474.50696596611226,0,0.4814968292905882
691,113,2025-12-23T17:09:49.456257,31-60,False,0.09399744445376385,688.5544882570624,0,0.14584526952160903
692,113,2026-01-22T17:09:49.456257,0-30,False,0.1996321292594283,1462.354635284867,0,0.4211585282735972
693,113,2026-02-21T17:09:49.456257,0-30,False,0.1716045176192894,1257.0454601036606,0,0.44672341023492645
694,114,2024-07-05T17:09:49.464877,0-30,False,0.10366628385822274,41.087964098926385,0,0.4978319510837809
695,114,2024-08-04T17:09:49.464877,31-60,False,0.014616043187531624,5.793045100169492,0,0.2540206930079408
696,114,2024-09-03T17:09:49.464877,0-30,False,0.09255064879216574,36.68230010159876,0,0.41092457999494575
697,114,2024-10-03T17:09:49.464877,0-30,False,0.013933401793470647,5.522481286673695,0,0.2983338951628725
698,114,2024-11-02T17:09:49.464877,0-30,False,0.09793523172315455,38.816470845663794,0,0.18506632303324305
699,114,2024-12-02T17:09:49.464877,0-30,False,0.12221824814461116,48.441005166803244,0,0.4877551672373256
700,114,2025-01-01T17:09:49.464877,0-30,False,0.012696580129485336,5.032269018660849,0,0.05827553210222658
701,114,2025-01-31T17:09:49.464877,0-30,False,0.1843249427692143,73.05689322669214,0,0.23782583773911475
702,114,2025-03-02T17:09:49.464877,0-30,False,0.013256930491004182,5.254362979011494,0,0.3435328467740677
703,114,2025-04-01T17:09:49.464877,0-30,False,0.19308125232319498,76.5274423696043,0,0.057020555522870664
704,114,2025-05-01T17:09:49.464877,0-30,False,0.03162608564012859,12.534947940724345,0,0.3529870096259212
705,115,2024-06-05T17:09:49.464877,180+,True,0.5773006884224438,3475.125342697631,0,0.8853715916579443
706,115,2024-07-05T17:09:49.464877,180+,True,0.947671833945835,5704.61541576412,0,0.9542377929764603
707,115,2024-08-04T17:09:49.464877,180+,True,0.9602321770123937,5780.223790011605,0,0.8417930563328354
708,115,2024-09-03T17:09:49.464877,180+,True,0.8348408174653621,5025.416633089706,0,0.9357437154086773
709,115,2024-10-03T17:09:49.464877,180+,True,0.8781246185174387,5285.968260657289,0,0.8591478896376677
710,115,2024-11-02T17:09:49.464877,180+,True,0.6400820509267411,3853.0446978329232,0,0.8970030578786077
711,115,2024-12-02T17:09:49.464877,180+,True,0.7651083086090247,4605.654083700159,0,0.9503341446972032
712,116,2025-02-11T17:09:49.466485,0-30,False,0.10407759833451571,508.4629403080075,0,0.10228847703898936
713,116,2025-03-13T17:09:49.466485,0-30,False,0.11184155834775876,546.3931577605576,0,0.06425816824081881
714,116,2025-04-12T17:09:49.466485,91-180,False,0.013200685494270538,64.49091320232849,0,0.2443100343472288
715,116,2025-05-12T17:09:49.466485,31-60,False,0.03125205684026875,152.67947152856414,0,0.45134687565578185
716,116,2025-06-11T17:09:49.466485,61-90,False,0.005147067217074719,25.145593029012538,0,0.05199285422004457
717,116,2025-07-11T17:09:49.466485,61-90,False,0.18623470054420038,909.835016770192,0,0.2899628515541918
718,116,2025-08-10T17:09:49.466485,91-180,False,0.1319409218269499,644.5870209596442,0,0.3091895975516353
719,116,2025-09-09T17:09:49.466485,61-90,False,0.007876616061174069,38.48058973526159,0,0.4683524391079209
720,116,2025-10-09T17:09:49.466485,0-30,False,0.06509704561685759,318.0265085799447,0,0.20266596970760387
721,116,2025-11-08T17:09:49.466485,0-30,False,0.048119558006593115,235.0843249833135,0,0.4994337310525817
722,116,2025-12-08T17:09:49.466485,0-30,False,0.16692717351165715,815.5096084004683,0,0.047692411609069396
723,117,2024-07-23T17:09:49.466485,0-30,False,0.05158399406306316,276.44328396718737,0,0.19232217618264924
724,117,2024-08-22T17:09:49.466485,0-30,False,0.14459663691026858,774.9064391799055,0,0.09247148113644543
725,117,2024-09-21T17:09:49.466485,0-30,False,0.033565413224330445,179.88008156378433,0,0.26542419442250537
726,117,2024-10-21T17:09:49.466485,31-60,False,0.08975372892194444,480.99834109684815,0,0.4963467510960488
727,117,2024-11-20T17:09:49.466485,0-30,False,0.16208512615693427,868.6288328561818,0,0.4780462087357811
728,117,2024-12-20T17:09:49.466485,61-90,False,0.11767534052696814,630.6327799561707,0,0.2223293502705342
729,117,2025-01-19T17:09:49.466485,31-60,False,0.11705665566567025,627.3171918962604,0,0.3809607872268571
730,118,2025-08-04T17:09:49.466485,61-90,False,0.050786446069404856,244.56156702023975,0,0.25381969782151215
731,118,2025-09-03T17:09:49.466485,31-60,False,0.18236021434016383,878.1535868886975,0,0.28568222620063294
732,118,2025-10-03T17:09:49.466485,61-90,False,0.177474837841402,854.6281106152,0,0.39215479317416935
733,118,2025-11-02T17:09:49.466485,0-30,False,0.1603381603095581,772.1066302780863,0,0.13488869678160398
734,118,2025-12-02T17:09:49.466485,61-90,False,0.044447170325566845,214.0348550788742,0,0.4651249422625264
735,118,2026-01-01T17:09:49.466485,31-60,False,0.0956944076944074,460.8153574840645,0,0.4960322293720119
736,118,2026-01-31T17:09:49.466485,61-90,False,0.11817581230636605,569.0743117176992,0,0.48253826872769895
737,118,2026-03-02T17:09:49.466485,0-30,False,0.11011181915174878,530.24224223919,0,0.18208588316467933
738,119,2024-06-06T17:09:49.466485,0-30,False,0.047789192007731664,184.68583196811903,0,0.11683688202426645
739,119,2024-07-06T17:09:49.466485,0-30,False,0.1260435882113331,487.1073139150564,0,0.331627279893108
740,119,2024-08-05T17:09:49.466485,0-30,False,0.15197988214067257,587.3405637623182,0,0.010280945452751211
741,119,2024-09-04T17:09:49.466485,0-30,False,0.020976348417919066,81.06507342894083,0,0.13221984951453358
742,119,2024-10-04T17:09:49.466485,0-30,False,0.03569619366255117,137.95130128161128,0,0.3394175484815922
743,120,2025-03-28T17:09:49.466485,0-30,False,0.14229168665578137,888.1659823703963,0,0.3036496732265705
744,120,2025-04-27T17:09:49.466485,0-30,False,0.17676038027288554,1103.3150318121802,0,0.2552609569928181
745,120,2025-05-27T17:09:49.466485,61-90,False,0.17430432849749497,1087.9846798491783,0,0.2750986939700659
746,120,2025-06-26T17:09:49.466485,0-30,False,0.03206407645985459,200.13974559636839,0,0.25983794139000493
747,120,2025-07-26T17:09:49.466485,0-30,False,0.1509597229559751,942.27072423355,0,0.12421550049048014
748,120,2025-08-25T17:09:49.466485,61-90,False,0.14215922271620127,887.3391598919304,0,0.15798913420241156
749,120,2025-09-24T17:09:49.466485,0-30,False,0.008541196853620937,53.31302672985045,0,0.3326543061414166
750,120,2025-10-24T17:09:49.466485,0-30,False,0.06626183983254322,413.59768410721443,0,0.31770914997144134
751,120,2025-11-23T17:09:49.466485,0-30,False,0.12527364595441554,781.9416119044506,0,0.48168624259769005
752,120,2025-12-23T17:09:49.466485,0-30,False,0.0949207217329873,592.4826533909128,0,0.06962776331319626
753,120,2026-01-22T17:09:49.466485,31-60,False,0.17297958728723717,1079.7158195520797,0,0.35035236794163843
754,121,2025-09-02T17:09:49.466485,31-60,False,0.03967480357404381,78.99387653076774,0,0.22771374509773934
755,121,2025-10-02T17:09:49.466485,0-30,False,0.17082600340861862,340.12035362244757,0,0.38225340855292905
756,121,2025-11-01T17:09:49.466485,0-30,False,0.1276841800081243,254.22352329156246,0,0.42017405024639926
757,121,2025-12-01T17:09:49.466485,0-30,False,0.1432025241888897,285.1210717038582,0,0.4181400837176777
758,121,2025-12-31T17:09:49.466485,31-60,False,0.12087357109691524,240.6633704749934,0,0.10871661012273026
759,121,2026-01-30T17:09:49.466485,91-180,False,0.08550378088316296,170.24092122833343,0,0.13565172263428532
760,121,2026-03-01T17:09:49.466485,0-30,False,0.0006035553260416382,1.201699078757682,0,0.35269449983105733
761,121,2026-03-31T17:09:49.466485,31-60,False,0.030403579983482334,60.53455661919827,0,0.4731052965039956
762,122,2024-10-15T17:09:49.466485,91-180,False,0.1463267684605395,323.45818605486943,0,0.31404250032507797
763,122,2024-11-14T17:09:49.466485,0-30,False,0.16710521010708726,369.38933805630086,0,0.34691283861853
764,122,2024-12-14T17:09:49.466485,0-30,False,0.14801983666428273,327.2007464613589,0,0.007814843191814691
765,123,2025-05-19T17:09:49.466485,0-30,False,0.07743299202498413,616.7718999381176,0,0.19187850789787791
766,123,2025-06-18T17:09:49.466485,0-30,False,0.03764408421638419,299.84393908062395,0,0.3829029124441393
767,123,2025-07-18T17:09:49.466485,0-30,False,0.07137427094197672,568.5127688386001,0,0.13282072508075898
768,123,2025-08-17T17:09:49.466485,0-30,False,0.010286418100258411,81.93372707601405,0,0.1733861893944253
769,123,2025-09-16T17:09:49.466485,0-30,False,0.16497593788600637,1314.071947797059,0,0.10994954344788821
770,123,2025-10-16T17:09:49.466485,0-30,False,0.01534895896254207,122.25804962237234,0,0.04499878992142853
771,123,2025-11-15T17:09:49.466485,0-30,False,0.07410218009529804,590.2412035452132,0,0.24663314120904073
772,123,2025-12-15T17:09:49.466485,0-30,False,0.19082441478465734,1519.9611145509866,0,0.195172431875426
773,123,2026-01-14T17:09:49.466485,31-60,False,0.13301171885461793,1059.4694639402223,0,0.3085844331290524
774,123,2026-02-13T17:09:49.466485,91-180,False,0.06722353932193718,535.45122025994,0,0.22337687874667184
775,124,2025-02-07T17:09:49.466485,0-30,False,0.13536694005763428,821.7368294812346,0,0.313266055727441
776,124,2025-03-09T17:09:49.466485,91-180,False,0.12302836793013393,746.8362729933593,0,0.4157378484085899
777,124,2025-04-08T17:09:49.466485,91-180,False,0.10285299873050212,624.362913451804,0,0.33915385488561384
778,125,2026-02-14T17:09:49.472655,0-30,False,0.16883611118260664,1174.3889723548166,0,0.22722613377643652
779,125,2026-03-16T17:09:49.472655,0-30,False,0.014054426951875289,97.75967895397146,0,0.4712895981708229
780,125,2026-04-15T17:09:49.472655,0-30,False,0.17170146236163342,1194.3197608751316,0,0.3272017032013151
781,125,2026-05-15T17:09:49.472655,91-180,False,0.01019894579306404,70.94175164970794,0,0.44837032690931417
782,126,2024-11-03T17:09:49.473177,0-30,False,0.12795947998125864,365.1479524916616,0,0.27011545970142736
783,126,2024-12-03T17:09:49.473177,0-30,False,0.08890010228353472,253.68726357661376,0,0.1630720102566039
784,126,2025-01-02T17:09:49.473177,0-30,False,0.05058359614366157,144.34644908082137,0,0.3569183881434504
785,126,2025-02-01T17:09:49.473177,0-30,False,0.006790905433469319,19.37867530376807,0,0.08231727551349394
786,126,2025-03-03T17:09:49.473177,0-30,False,0.1773228229296216,506.01226053963444,0,0.4406717566460035
787,126,2025-04-02T17:09:49.473177,91-180,False,0.11562594370777453,329.9527053876255,0,0.3597908898817329
788,126,2025-05-02T17:09:49.473177,0-30,False,0.13382964137415554,381.89917259450857,0,0.38216179022669117
789,126,2025-06-01T17:09:49.473177,0-30,False,0.04568326416136666,130.36275525738236,0,0.2704005471319013
790,126,2025-07-01T17:09:49.473177,0-30,False,0.17249178374829546,492.22630215869543,0,0.3441042909654101
791,126,2025-07-31T17:09:49.473177,0-30,False,0.020397054109591296,58.2054768124233,0,0.046385652464048244
792,126,2025-08-30T17:09:49.473177,61-90,False,0.11228900475812947,320.4303438929474,0,0.1586839307642678
793,127,2025-08-08T17:09:49.473177,61-90,False,0.19777304979268961,1384.943132495957,0,0.3593591658479613
794,127,2025-09-07T17:09:49.473177,31-60,False,0.11481349315093343,804.0031694102662,0,0.02698313335018898
795,127,2025-10-07T17:09:49.473177,31-60,False,0.009608096670482725,67.28251151555119,0,0.1490561055969743
796,127,2025-11-06T17:09:49.473177,0-30,False,0.09785371875936318,685.2391462184964,0,0.4625188683218281
797,127,2025-12-06T17:09:49.473177,31-60,False,0.17318531746149202,1212.762893219495,0,0.10085120040435924
798,128,2024-10-08T17:09:49.473177,0-30,False,0.17460127138238757,826.1026271344838,0,0.25561752390846826
799,128,2024-11-07T17:09:49.473177,31-60,False,0.084651341388686,400.51653093922226,0,0.15273968052073583
800,128,2024-12-07T17:09:49.473177,0-30,False,0.16272032226159416,769.8895010568199,0,0.19100319196654209
801,128,2025-01-06T17:09:49.473177,0-30,False,0.1660674145611801,785.7258218353435,0,0.09860346965418232
802,128,2025-02-05T17:09:49.473177,0-30,False,0.039755171796618076,188.09629278954816,0,0.10577425994981693
803,128,2025-03-07T17:09:49.473177,31-60,False,0.1380984723666636,653.394502354509,0,0.4690709790067905
804,128,2025-04-06T17:09:49.473177,31-60,False,0.1723346265663379,815.3782995136469,0,0.07624677794701706
805,128,2025-05-06T17:09:49.473177,0-30,False,0.08662601031205544,409.85941356774396,0,0.340055287634651
806,129,2026-04-16T17:09:49.473177,0-30,False,0.027121990491715556,115.510993096833,0,0.36655756120708805
807,129,2026-05-16T17:09:49.473177,91-180,False,0.16816276138724823,716.1955010521845,0,0.4755053402383389
808,130,2025-07-12T17:09:49.473177,0-30,False,0.06990541701480073,80.45114277950152,0,0.46607077536041674
809,130,2025-08-11T17:09:49.473177,0-30,False,0.049457185213065906,56.918150823793624,0,0.03226845055350952
810,130,2025-09-10T17:09:49.473177,0-30,False,0.057843906165396544,66.57006785112405,0,0.12293110334168411
811,130,2025-10-10T17:09:49.473177,31-60,False,0.05180585655974712,59.621135827287254,0,0.29059739452077465
812,130,2025-11-09T17:09:49.473177,0-30,False,0.0594436640421014,68.4111604995545,0,0.07098227941825175
813,131,2024-12-15T17:09:49.473177,180+,True,0.9424819550250723,7207.91371139535,0,0.9394212367559067
814,131,2025-01-14T17:09:49.473177,180+,True,0.6914650040041096,5288.186215913996,0,0.7310416669864336
815,131,2025-02-13T17:09:49.473177,180+,True,0.5876048053726135,4493.884165044184,0,0.9546162518113468
816,131,2025-03-15T17:09:49.473177,180+,True,0.9367535416417143,7164.103950210747,0,0.9341082875235118
817,131,2025-04-14T17:09:49.473177,180+,True,0.9835516547049581,7522.006570008928,0,0.7821763045254441
818,131,2025-05-14T17:09:49.473177,180+,True,0.5841461292686413,4467.432901144459,0,0.9509329456153113
819,131,2025-06-13T17:09:49.473177,180+,True,0.6149430998578054,4702.961979866364,0,0.8721966741806455
820,131,2025-07-13T17:09:49.473177,180+,True,0.7549700563956923,5773.8601701320285,0,0.8386140583377916
821,132,2025-06-14T17:09:49.473177,0-30,False,0.10639814489582736,990.6740202844109,0,0.3074727010290494
822,132,2025-07-14T17:09:49.473177,0-30,False,0.19542822747197813,1819.6338665140918,0,0.03905209991970143
823,132,2025-08-13T17:09:49.473177,61-90,False,0.1738811980531193,1619.0092947185315,0,0.28245092856356874
824,132,2025-09-12T17:09:49.473177,0-30,False,0.12830045547310673,1194.606617928433,0,0.4776659250291529
825,132,2025-10-12T17:09:49.473177,31-60,False,0.08955595114705646,833.8562129077882,0,0.4590232790352455
826,132,2025-11-11T17:09:49.473177,0-30,False,0.024506017186076947,228.17573173535482,0,0.13474819677721112
827,133,2025-12-27T17:09:49.473177,61-90,False,0.12166718666630467,103.08157626670219,0,0.4148272041723879
828,133,2026-01-26T17:09:49.473177,61-90,False,0.10927356228180414,92.58117453788037,0,0.4792336905534784
829,133,2026-02-25T17:09:49.473177,31-60,False,0.13914344865373043,117.88820311716597,0,0.04037567349933746
830,133,2026-03-27T17:09:49.473177,0-30,False,0.14051148097376323,119.04725784504052,0,0.166091812352903
831,133,2026-04-26T17:09:49.473177,31-60,False,0.04621246489251268,39.15315094245638,0,0.3647329795758149
832,134,2025-06-05T17:09:49.473177,0-30,False,0.03873228570021754,251.89793973394492,0,0.2911016976845387
833,134,2025-07-05T17:09:49.473177,180+,False,0.025348403187482993,164.8549891398861,0,0.032990922383797416
834,134,2025-08-04T17:09:49.473177,0-30,False,0.17052051216632733,1108.9912438819404,0,0.43609078762492776
835,135,2025-03-27T17:09:49.473177,0-30,False,0.006249998167915183,50.77973814386998,0,0.022880397921302587
836,135,2025-04-26T17:09:49.473177,31-60,False,0.039986354602082996,324.87955379657643,0,0.03763928437277719
837,135,2025-05-26T17:09:49.473177,0-30,False,0.01779961070537701,144.61757370136488,0,0.27178968915989304
838,136,2026-01-29T17:09:49.473177,0-30,False,0.060454442234203536,561.163051991835,0,0.0897852605695802
839,136,2026-02-28T17:09:49.473177,0-30,False,0.15664177166945306,1454.0134919929183,0,0.1875173447049328
840,136,2026-03-30T17:09:49.473177,61-90,False,0.0974560121189702,904.6268756192931,0,0.3669839515940869
841,137,2025-05-04T17:09:49.473177,61-90,False,0.08641172339638806,81.93512427587048,0,0.02425178563049346
842,137,2025-06-03T17:09:49.473177,0-30,False,0.12332816752890163,116.93909502120064,0,0.35441550354188334
843,137,2025-07-03T17:09:49.473177,0-30,False,0.014857725932071398,14.088014598630012,0,0.47273511923336586
844,137,2025-08-02T17:09:49.473177,0-30,False,0.1356942886094027,128.6645835049041,0,0.378858803849335
845,138,2025-05-08T17:09:49.480719,31-60,False,0.07984280633684622,15.60622518605679,0,0.00846297504756699
846,138,2025-06-07T17:09:49.480719,0-30,False,0.123739629601564,24.186380872613313,0,0.38365456960087174
847,138,2025-07-07T17:09:49.480719,0-30,False,0.1062240722426005,20.762757067983454,0,0.1864687626009614
848,138,2025-08-06T17:09:49.480719,91-180,False,0.18453561717825412,36.06967901881941,0,0.29633780368822854
849,138,2025-09-05T17:09:49.480719,0-30,False,0.005856796592177638,1.1447804840531186,0,0.34959347564243065
850,138,2025-10-05T17:09:49.480719,0-30,False,0.0617181427871913,12.063544339092426,0,0.35820225840646674
851,138,2025-11-04T17:09:49.480719,0-30,False,0.038091597234551536,7.44545528160691,0,0.1706418064492432
852,139,2025-01-24T17:09:49.480719,0-30,False,0.048433548041933276,80.79293889498769,0,0.1972821468605923
853,139,2025-02-23T17:09:49.480719,31-60,False,0.03880514217540616,64.73160871622478,0,0.35570129713389276
854,139,2025-03-25T17:09:49.480719,0-30,False,0.09546284994412518,159.24342762581603,0,0.05157059029373834
855,139,2025-04-24T17:09:49.480719,61-90,False,0.0940112784527356,156.8220331266146,0,0.4876921937458833
856,140,2025-08-27T17:09:49.480719,0-30,False,0.10695647207617592,826.2240454423228,0,0.14622389687476334
857,140,2025-09-26T17:09:49.480719,0-30,False,0.06603385269470685,510.10243560301427,0,0.003527410221494165
858,140,2025-10-26T17:09:49.480719,0-30,False,0.034829663752380884,269.05436509155334,0,0.2785838165886974
859,140,2025-11-25T17:09:49.480719,0-30,False,0.11310364207436621,873.7100887395359,0,0.3824800780188555
860,140,2025-12-25T17:09:49.480719,61-90,False,0.09440560914163637,729.2703544101257,0,0.07973295894460536
861,140,2026-01-24T17:09:49.480719,0-30,False,0.016574142609327526,128.0329735134077,0,0.3471662806807665
862,140,2026-02-23T17:09:49.480719,0-30,False,0.15141761964607542,1169.6802991606332,0,0.17562613365685215
863,140,2026-03-25T17:09:49.480719,91-180,False,0.1843321170564182,1423.9402675027618,0,0.1354651280301684
864,140,2026-04-24T17:09:49.480719,0-30,False,0.15296768981648898,1181.654378167338,0,0.16974842052766248
865,141,2025-04-23T17:09:49.480719,0-30,False,0.008164029567754817,29.386183890437334,0,0.025658088886711228
866,141,2025-05-23T17:09:49.480719,0-30,False,0.125247552875432,450.8248763774262,0,0.47569237565518163
867,141,2025-06-22T17:09:49.480719,91-180,False,0.12985034727842373,467.3924992177962,0,0.36645861945182284
868,141,2025-07-22T17:09:49.480719,0-30,False,0.007798340373003732,28.06989640831634,0,0.08660644318893157
869,141,2025-08-21T17:09:49.480719,0-30,False,0.054893993746013295,197.58931313430898,0,0.11748527410527354
870,141,2025-09-20T17:09:49.480719,0-30,False,0.13861807515511115,498.9516773843332,0,0.4464324792816658
871,141,2025-10-20T17:09:49.480719,0-30,False,0.10338631745006954,372.1360035664823,0,0.31907027864250687
872,141,2025-11-19T17:09:49.480719,61-90,False,0.1816009022433353,653.6670970753952,0,0.32254731415867377
873,142,2025-01-21T17:09:49.483847,0-30,False,0.08274592837265389,377.29445259144296,0,0.09365735792924362
874,142,2025-02-20T17:09:49.483847,0-30,False,0.1955842777498537,891.8005327922705,0,0.3795341347765868
875,142,2025-03-22T17:09:49.483847,0-30,False,0.07539880722033383,343.7939757969411,0,0.3202169570909216
876,142,2025-04-21T17:09:49.483847,31-60,False,0.14658611225943682,668.3848748829768,0,0.3318207202622951
877,142,2025-05-21T17:09:49.483847,31-60,False,0.0818488371886007,373.20400930476376,0,0.21141563164666777
878,142,2025-06-20T17:09:49.483847,0-30,False,0.19228842489144327,876.7725184296102,0,0.0742817516048202
879,143,2025-01-31T17:09:49.483847,61-90,False,0.17957662705355992,197.00542932890986,0,0.14759100481416665
880,143,2025-03-02T17:09:49.483847,31-60,False,0.1070829435198444,117.47587427198059,0,0.45918699251166095
881,143,2025-04-01T17:09:49.483847,0-30,False,0.09729414784690292,106.73702743092905,0,0.0014333964151714285
882,143,2025-05-01T17:09:49.483847,0-30,False,0.10798025619053134,118.46027558762745,0,0.361981343183823
883,143,2025-05-31T17:09:49.483847,0-30,False,0.08348937784903053,91.59243603927449,0,0.22863173284401755
884,144,2026-01-14T17:09:49.483847,0-30,False,0.18832386729830228,662.291042830983,0,0.3733217113377329
885,144,2026-02-13T17:09:49.483847,0-30,False,0.11813683927074657,415.45966318462655,0,0.2744818251670827
886,144,2026-03-15T17:09:49.483847,91-180,False,0.08170714706317783,287.3449468276949,0,0.15656801721810515
887,144,2026-04-14T17:09:49.483847,91-180,False,0.09356199456328018,329.03567581537345,0,0.18699878411072274
888,144,2026-05-14T17:09:49.483847,0-30,False,0.1159302032320103,407.6994397768936,0,0.38598030720930004
889,145,2024-06-14T17:09:49.483847,61-90,False,0.1952492017491083,989.1799642828119,0,0.2098937528254501
890,145,2024-07-14T17:09:49.483847,0-30,False,0.04708351594579255,238.53654818735248,0,0.3521759492000317
891,145,2024-08-13T17:09:49.483847,0-30,False,0.1771799824470469,897.6369026789096,0,0.2532854898091309
892,145,2024-09-12T17:09:49.483847,31-60,False,0.024183492528220142,122.51945749841049,0,0.41653931037091413
893,145,2024-10-12T17:09:49.483847,0-30,False,0.04589449757543325,232.51269181002934,0,0.261203869840492
894,145,2024-11-11T17:09:49.483847,91-180,False,0.11463654045305852,580.7766074074586,0,0.3312080385497632
895,146,2026-03-05T17:09:49.483847,0-30,False,0.045622529165623794,200.75867127171315,0,0.17530833871748658
896,146,2026-04-04T17:09:49.483847,91-180,False,0.10180499311980118,447.98557908440614,0,0.36591942032510877
897,146,2026-05-04T17:09:49.483847,0-30,False,0.1105026420328159,486.25896004111974,0,0.4736653947166258
898,147,2024-09-12T17:09:49.483847,31-60,False,0.13014997670936507,549.6686805976221,0,0.44282755677022884
899,147,2024-10-12T17:09:49.483847,0-30,False,0.016935655816329054,71.5251729042161,0,0.1280659157976204
900,147,2024-11-11T17:09:49.483847,61-90,False,0.19590284006182263,827.3659231040084,0,0.4468239572256276
901,147,2024-12-11T17:09:49.483847,61-90,False,0.08594616529109103,362.9805895660972,0,0.319990392888557
902,147,2025-01-10T17:09:49.483847,0-30,False,0.031306161544913884,132.2168235911072,0,0.1376163491391948
903,147,2025-02-09T17:09:49.483847,91-180,False,0.03343291545549543,141.19884606657547,0,0.2613290126201926
904,147,2025-03-11T17:09:49.483847,61-90,False,0.17517164926922388,739.8108840767493,0,0.0019382131710836137
905,148,2025-10-27T17:09:49.483847,91-180,False,0.18306181793459042,1617.3465462034433,0,0.452826502950709
906,148,2025-11-26T17:09:49.483847,31-60,False,0.039535358413575895,349.2938948413556,0,0.4432719862231958
907,148,2025-12-26T17:09:49.483847,0-30,False,0.0685623421668057,605.7465644896171,0,0.25096031073799424
908,148,2026-01-25T17:09:49.483847,91-180,False,0.021780774820466364,192.43259641452445,0,0.44545605196811905
909,148,2026-02-24T17:09:49.483847,0-30,False,0.06483484923773851,572.8142584367039,0,0.23999116940899906
910,148,2026-03-26T17:09:49.483847,0-30,False,0.19953978327400704,1762.9289545442584,0,0.2890935738797456
911,148,2026-04-25T17:09:49.483847,180+,False,0.022744035234737604,200.9429778894465,0,0.3530174121101591
912,149,2025-07-23T17:09:49.483847,0-30,False,0.060927794489718905,204.0746064726949,0,0.08805454645730676
913,149,2025-08-22T17:09:49.483847,0-30,False,0.1518077012068864,508.47231781133064,0,0.3300093925596263
914,149,2025-09-21T17:09:49.483847,31-60,False,0.10208593764650856,341.93175259483155,0,0.2440280652766747
915,149,2025-10-21T17:09:49.483847,31-60,False,0.1283632613762863,429.9463368124645,0,0.08922929587430445
916,149,2025-11-20T17:09:49.483847,0-30,False,0.06089266522226027,203.9569427447964,0,0.42770669026595914
917,149,2025-12-20T17:09:49.483847,0-30,False,0.06596832269339714,220.9576040962792,0,0.2797851643574824
918,150,2024-09-26T17:09:49.483847,0-30,False,0.1019077132881185,251.97178920348907,0,0.3695752092896319
919,150,2024-10-26T17:09:49.483847,0-30,False,0.006231660663691807,15.408084790403182,0,0.36849881987637056
920,150,2024-11-25T17:09:49.483847,91-180,False,0.14184233798257292,350.71209561172543,0,0.3136482829642118
921,150,2024-12-25T17:09:49.483847,0-30,False,0.10270560896208868,253.94462515555855,0,0.44624938067219333
922,150,2025-01-24T17:09:49.483847,31-60,False,0.028784783734943798,71.17178107042174,0,0.21688319261855504
923,150,2025-02-23T17:09:49.483847,31-60,False,0.10534020930783819,260.45880294971414,0,0.21915006978358992
924,150,2025-03-25T17:09:49.483847,0-30,False,0.14705499513045225,363.600644531885,0,0.062123875361750236
925,150,2025-04-24T17:09:49.483847,31-60,False,0.06937968757301614,171.54465985049399,0,0.3321042142526696
926,150,2025-05-24T17:09:49.483847,0-30,False,0.1478160707010966,365.482440983466,0,0.3905042356166002
927,150,2025-06-23T17:09:49.483847,0-30,False,0.19816128050032134,489.96342658924067,0,0.22795159814617427
928,151,2026-01-11T17:09:49.483847,0-30,False,0.07053142186181914,682.2756441522085,0,0.2682512579949208
929,151,2026-02-10T17:09:49.483847,0-30,False,0.1531092251795784,1481.080240232493,0,0.08210365985502904
930,151,2026-03-12T17:09:49.483847,91-180,False,0.05660821431194494,547.5914828380345,0,0.0867673563331553
931,151,2026-04-11T17:09:49.483847,61-90,False,0.0029459867076433,28.4975820076192,0,0.42354354838272684
932,151,2026-05-11T17:09:49.483847,31-60,False,0.11848413277969215,1146.139350096398,0,0.16281471091621602
933,152,2025-01-15T17:09:49.483847,0-30,False,0.03868064960381337,298.84705368660104,0,0.2507069642471202
934,152,2025-02-14T17:09:49.483847,0-30,False,0.018705933338436665,144.52221257676723,0,0.2991657351212275
935,152,2025-03-16T17:09:49.483847,31-60,False,0.011262063036461446,87.01080233532258,0,0.29833166503728226
936,152,2025-04-15T17:09:49.483847,0-30,False,0.13912652619648433,1074.8928177093514,0,0.166880674924256
937,152,2025-05-15T17:09:49.483847,0-30,False,0.1855134537434858,1433.2786454806762,0,0.44084551150725715
938,152,2025-06-14T17:09:49.483847,0-30,False,0.1950656949054125,1507.079348327824,0,0.14079369214635307
939,152,2025-07-14T17:09:49.483847,0-30,False,0.11431639473227251,883.209514414311,0,0.38891836600611407
940,153,2025-04-17T17:09:49.483847,91-180,False,0.015206787841362868,33.67716768201954,0,0.2601282117395845
941,153,2025-05-17T17:09:49.483847,0-30,False,0.16434315080665646,363.95666887999204,0,0.030238675828525463
942,153,2025-06-16T17:09:49.483847,0-30,False,0.1340888842617328,296.9551417883512,0,0.03422493614043559
943,153,2025-07-16T17:09:49.483847,0-30,False,0.0633901508744857,140.38472573292944,0,0.23708443270287893
944,153,2025-08-15T17:09:49.483847,0-30,False,0.04955095300719541,109.73624217260299,0,0.14292163066289237
945,153,2025-09-14T17:09:49.483847,0-30,False,0.11501428363020041,254.712261132886,0,0.3773666371326183
946,153,2025-10-14T17:09:49.483847,0-30,False,0.13085447901917502,289.79218213891494,0,0.12156593939404664
947,153,2025-11-13T17:09:49.483847,91-180,False,0.15204086080669285,336.71184324530526,0,0.11920117663883745
948,153,2025-12-13T17:09:49.483847,31-60,False,0.010454073711685297,23.15173967187178,0,0.011400939804385057
949,153,2026-01-12T17:09:49.483847,31-60,False,0.08529854036970991,188.90335533245548,0,0.009148777421038645
950,154,2025-05-05T17:09:49.483847,0-30,False,0.0557500296766118,549.1790096669346,0,0.20799681053089064
951,154,2025-06-04T17:09:49.483847,0-30,False,0.1295859994338801,1276.517900503534,0,0.4760318746645959
952,154,2025-07-04T17:09:49.483847,0-30,False,0.025324057449029172,249.46068856427593,0,0.22947024460296295
953,154,2025-08-03T17:09:49.483847,0-30,False,0.02948730136287299,290.4717191030779,0,0.054737830487559314
954,154,2025-09-02T17:09:49.483847,0-30,False,0.04907036881551146,483.3794117494288,0,0.42161674566613766
955,154,2025-10-02T17:09:49.483847,61-90,False,0.008146675559114658,80.25077729257836,0,0.37040126158908393
956,154,2025-11-01T17:09:49.483847,31-60,False,0.041611391823416825,409.90297377426725,0,0.4085410541516505
957,154,2025-12-01T17:09:49.483847,31-60,False,0.09955028735997307,980.6439304433995,0,0.09996984102240108
958,154,2025-12-31T17:09:49.483847,61-90,False,0.15197415364078976,1497.0577715482896,0,0.23677740199094888
959,155,2025-08-15T17:09:49.483847,0-30,False,0.17237626913645498,130.7715271090121,0,0.23866541713490086
960,155,2025-09-14T17:09:49.483847,0-30,False,0.13627471409094447,103.38344458487863,0,0.25029667072776834
961,155,2025-10-14T17:09:49.483847,0-30,False,0.0067614521830112965,5.129507860197415,0,0.20564389099951713
962,155,2025-11-13T17:09:49.483847,61-90,False,0.016198591629319005,12.288899017209992,0,0.09092198782364669
963,155,2025-12-13T17:09:49.483847,31-60,False,0.02994217308661691,22.715329198821657,0,0.4505506136819178
964,155,2026-01-12T17:09:49.483847,0-30,False,0.035707357960747026,27.089028860803314,0,0.3483472898012898
965,155,2026-02-11T17:09:49.483847,180+,False,0.07716078415707783,58.5372547375546,0,0.322764952357889
966,156,2025-02-10T17:09:49.483847,31-60,False,0.027111145831599306,182.30299553691916,0,0.3759461750626716
967,156,2025-03-12T17:09:49.483847,31-60,False,0.03984444774002032,267.92531100082385,0,0.4366767276884586
968,156,2025-04-11T17:09:49.483847,0-30,False,0.0718654187796458,483.2433568253851,0,0.467629811859811
969,156,2025-05-11T17:09:49.483847,31-60,False,0.09015290267353189,606.2135593906645,0,0.14208376881269247
970,156,2025-06-10T17:09:49.483847,31-60,False,0.031650206180454665,212.82491827891974,0,0.08653494282597357
971,157,2025-04-06T17:09:49.496515,31-60,False,0.027497569772090016,144.44171085129773,0,0.4666361718140396
972,157,2025-05-06T17:09:49.496515,0-30,False,0.04497318779954462,236.2392110300732,0,0.4094830940413396
973,157,2025-06-05T17:09:49.496515,0-30,False,0.00957756847712068,50.309914225035186,0,0.18329577695083582
974,157,2025-07-05T17:09:49.496515,31-60,False,0.019813014190444945,104.07558524294228,0,0.02946005047487782
975,157,2025-08-04T17:09:49.496515,31-60,False,0.18388987039928736,965.953271828997,0,0.2321570262691247
976,157,2025-09-03T17:09:49.496515,31-60,False,0.05259610074349011,276.28153463976065,0,0.3697673695904582
977,157,2025-10-03T17:09:49.496515,0-30,False,0.16226040569571623,852.3360717463692,0,0.3684772328765522
978,157,2025-11-02T17:09:49.496515,0-30,False,0.16882747615560303,886.8321708696398,0,0.07335524196523768
979,157,2025-12-02T17:09:49.496515,0-30,False,0.07200516801446155,378.23523112578863,0,0.44207212474367774
980,157,2026-01-01T17:09:49.496515,91-180,False,0.009925687798206885,52.1385467454669,0,0.36278930632563083
981,157,2026-01-31T17:09:49.496515,0-30,False,0.1078022476199191,566.2733546599102,0,0.20192658313843803
982,158,2025-10-21T17:09:49.500058,0-30,False,0.0001125876625217126,0.17329890702774742,0,0.03295140862494167
983,158,2025-11-20T17:09:49.500058,61-90,False,0.12067754351742302,185.75113761092334,0,0.43094905261405786
984,158,2025-12-20T17:09:49.500058,0-30,False,0.13273322837296522,204.30767357714006,0,0.15266852641323547
985,158,2026-01-19T17:09:49.500058,0-30,False,0.06964315548933937,107.1972048974589,0,0.3825149296051985
986,159,2024-10-23T17:09:49.500058,61-90,False,0.01573367257005629,29.580922279291727,0,0.346170742925931
987,159,2024-11-22T17:09:49.500058,61-90,False,0.1494844679433127,281.0461707845613,0,0.37630838026448815
988,159,2024-12-22T17:09:49.500058,0-30,False,0.1832513313765015,344.5313461868763,0,0.11527627203696628
989,159,2025-01-21T17:09:49.500058,0-30,False,0.13524990642366094,254.28373142923994,0,0.17059940833431841
990,159,2025-02-20T17:09:49.500058,180+,False,0.10858209542385676,204.14550457651052,0,0.4340121122620491
991,159,2025-03-22T17:09:49.500058,0-30,False,0.1082432081949215,203.50836173932854,0,0.4395455116354318
992,159,2025-04-21T17:09:49.500058,61-90,False,0.04815895764513494,90.54379241777637,0,0.2836530671608691
993,160,2026-03-19T17:09:49.504723,0-30,False,0.19525099149096098,1388.3145674002033,0,0.1691305117954205
994,160,2026-04-18T17:09:49.504723,0-30,False,0.030783925162975123,218.8863237987427,0,0.4628492822210029
995,160,2026-05-18T17:09:49.504723,0-30,False,0.10259174244795977,729.4693330254664,0,0.4319127882214983
996,161,2025-06-14T17:09:49.542037,0-30,False,0.019175372518132394,84.27744324435523,0,0.2781425396574211
997,161,2025-07-14T17:09:49.542037,31-60,False,0.02823277888929612,124.08553827171369,0,0.15491403844683183
998,161,2025-08-13T17:09:49.542037,0-30,False,0.100396838222822,441.25290537305716,0,0.2921325300638465
999,161,2025-09-12T17:09:49.542037,0-30,False,0.08172184547426085,359.1746750822332,0,0.21827833276349629
1000,162,2024-05-21T17:09:49.543619,0-30,False,0.036105356532717424,141.0135514335412,0,0.4602755058975819
1001,162,2024-06-20T17:09:49.543619,61-90,False,0.10788401392948162,421.35321204531635,0,0.03158707101414726
1002,162,2024-07-20T17:09:49.543619,31-60,False,0.1052318045451421,410.99470847834067,0,0.19466151661277498
1003,162,2024-08-19T17:09:49.543619,0-30,False,0.1518027118869913,592.8826516649875,0,0.15235576926555272
1004,162,2024-09-18T17:09:49.543619,0-30,False,0.17314113577456824,676.222278339353,0,0.13372515371021798
1005,162,2024-10-18T17:09:49.543619,61-90,False,0.15271704436320233,596.4536805106577,0,0.43868029459191593
1006,162,2024-11-17T17:09:49.543619,0-30,False,0.19155216465608155,748.1286328930076,0,0.2552997981863008
1007,162,2024-12-17T17:09:49.543619,0-30,False,0.06585461286791952,257.2026350265038,0,0.38499794356750094
1008,162,2025-01-16T17:09:49.543619,31-60,False,0.0932434274476844,364.1727465097573,0,0.16525687423871355
1009,163,2025-06-23T17:09:49.546748,0-30,False,0.18980780588835577,629.6781663566624,0,0.20279107631727888
1010,163,2025-07-23T17:09:49.546748,0-30,False,0.14932530835762636,495.3794493182204,0,0.07210165343722685
1011,163,2025-08-22T17:09:49.546748,180+,False,0.055155466373731234,182.97557768085574,0,0.39505239078467963
1012,163,2025-09-21T17:09:49.546748,61-90,False,0.001281200797718407,4.250321346196602,0,0.49809265794143226
1013,163,2025-10-21T17:09:49.546748,0-30,False,0.1451646346018328,481.5766164521296,0,0.3739592655311877
1014,163,2025-11-20T17:09:49.546748,0-30,False,0.16825223997541755,558.1686246109306,0,0.1300991059397717
1015,163,2025-12-20T17:09:49.546748,31-60,False,0.10999402641169548,364.89983400283154,0,0.33401642505521795
1016,163,2026-01-19T17:09:49.546748,0-30,False,0.12509431131851673,414.9942949081072,0,0.29228402929810704
1017,163,2026-02-18T17:09:49.546748,61-90,False,0.1758979575072397,583.5329207387229,0,0.153628345004032
1018,164,2024-05-22T17:09:49.548753,0-30,False,0.1179870982179083,386.5185128367675,0,0.27579115064107773
1019,164,2024-06-21T17:09:49.548753,61-90,False,0.03453940308720065,113.14897066862645,0,0.09274640336094037
1020,164,2024-07-21T17:09:49.548753,0-30,False,0.12963086455398895,424.6627787439497,0,0.21020663486510294
1021,164,2024-08-20T17:09:49.548753,31-60,False,0.13407716769109904,439.2285957030483,0,0.04656478901361516
1022,164,2024-09-19T17:09:49.548753,0-30,False,0.16738873145722366,548.3552399007897,0,0.20912061098388945
1023,164,2024-10-19T17:09:49.548753,31-60,False,0.11472230239711255,375.8232415365184,0,0.12803421141844218
1024,164,2024-11-18T17:09:49.548753,0-30,False,0.17626191597944674,577.4232493480745,0,0.3625040621524709
1025,164,2024-12-18T17:09:49.548753,61-90,False,0.12049661864596124,394.7395481739794,0,0.11798743318539895
1026,164,2025-01-17T17:09:49.548753,91-180,False,0.0006080628608759354,1.9919767181914123,0,0.39970788161965853
1027,164,2025-02-16T17:09:49.548753,0-30,False,0.06251627475739022,204.79949004842638,0,0.014237108112653885
1028,164,2025-03-18T17:09:49.548753,0-30,False,0.009810237700420645,32.13773831049475,0,0.19688714762718307
1029,165,2024-09-26T17:09:49.550234,0-30,False,0.18102946882862875,613.9279177520416,0,0.0643684776527581
1030,165,2024-10-26T17:09:49.550234,0-30,False,0.1409136579667124,477.88257446759934,0,0.2698709542372841
1031,165,2024-11-25T17:09:49.550234,31-60,False,0.12903757196720145,437.6070281938266,0,0.49789728233519437
1032,165,2024-12-25T17:09:49.550234,0-30,False,0.15889273859578315,538.8552967824974,0,0.09034280596147137
1033,165,2025-01-24T17:09:49.550234,0-30,False,0.10118591450311423,343.1532898963518,0,0.37504681468011547
1034,165,2025-02-23T17:09:49.550234,0-30,False,0.14499557222711104,491.7256307310036,0,0.43922799808538326
1035,165,2025-03-25T17:09:49.550234,0-30,False,0.0560903091498006,190.2198958281405,0,0.17380812409156016
1036,165,2025-04-24T17:09:49.550234,31-60,False,0.025465913275585828,86.36292871043334,0,0.20974741819315296
1037,166,2025-04-16T17:09:49.553692,0-30,False,0.05644365157282075,33.62544647983149,0,0.2198427741333257
1038,166,2025-05-16T17:09:49.553692,0-30,False,0.06877930067501963,40.97422171179582,0,0.46570340517055153
1039,166,2025-06-15T17:09:49.553692,31-60,False,0.17631503946148017,105.03700164317868,0,0.4887860098098495
1040,167,2024-07-17T17:09:49.556316,61-90,False,0.1773539655292441,210.68285931807273,0,0.47551191012492383
1041,167,2024-08-16T17:09:49.556316,0-30,False,0.06855074957543361,81.4330138367731,0,0.33360417305497114
1042,167,2024-09-15T17:09:49.556316,0-30,False,0.006753724095952318,8.022904361537817,0,0.15035105842512103
1043,167,2024-10-15T17:09:49.556316,0-30,False,0.03239146836127924,38.478571096511104,0,0.027084205788706073
1044,167,2024-11-14T17:09:49.556316,0-30,False,0.1531612814982809,181.94381290875205,0,0.39266468877894417
1045,168,2026-02-17T17:09:49.559393,0-30,False,0.07322575235062385,101.94572250564404,0,0.08945643141801896
1046,168,2026-03-19T17:09:49.559393,31-60,False,0.06484391625362688,90.27643527537137,0,0.29178288445942946
1047,168,2026-04-18T17:09:49.559393,0-30,False,0.020868137362462204,29.052857396078494,0,0.4501751501339711
1048,168,2026-05-18T17:09:49.559393,0-30,False,0.09626539579647914,134.02177528709603,0,0.16053321096399226
1049,169,2026-03-09T17:09:49.561015,0-30,False,0.1726775105255613,1248.3140712019676,0,0.11800916112412368
1050,169,2026-04-08T17:09:49.561015,0-30,False,0.11548432403987295,834.85513697443,0,0.32186676611433623
1051,169,2026-05-08T17:09:49.561015,180+,False,0.1013202624674702,732.4608106236103,0,0.33200668687232493
1052,170,2026-02-26T17:09:49.561015,0-30,False,0.12721356292234806,45.48081041395816,0,0.15104553341239785
1053,170,2026-03-28T17:09:49.561015,91-180,False,0.044493518060776484,15.907118809394698,0,0.31996672407657506
1054,170,2026-04-27T17:09:49.561015,0-30,False,0.07987240228684007,28.555615472640845,0,0.007452993274481123
1055,171,2025-07-25T17:09:49.561015,0-30,False,0.01110457639910134,37.6143844594069,0,0.3681802108070262
1056,171,2025-08-24T17:09:49.561015,0-30,False,0.06228992013237836,210.9938208894345,0,0.3431162016786131
1057,171,2025-09-23T17:09:49.561015,0-30,False,0.15534920084323275,526.2122890569568,0,0.0005332107306502687
1058,171,2025-10-23T17:09:49.561015,91-180,False,0.03653850442883238,123.766391779615,0,0.39282078089195877
1059,172,2024-07-22T17:09:49.563023,91-180,False,0.04694388016229592,103.84482649659685,0,0.4999198996263288
1060,172,2024-08-21T17:09:49.563023,31-60,False,0.037136893569585765,82.15073521880781,0,0.11386620772667572
1061,172,2024-09-20T17:09:49.563023,61-90,False,0.11882145548392214,262.84562303205934,0,0.10092084561202525
1062,173,2025-12-07T17:09:49.563023,0-30,False,0.11861518404891261,264.35394479085534,0,0.20093476814837652
1063,173,2026-01-06T17:09:49.563023,0-30,False,0.1938015066750792,431.91934663982113,0,0.07793479311189544
1064,173,2026-02-05T17:09:49.563023,0-30,False,0.18510154160939163,412.5300070447423,0,0.28403128974751685
1065,173,2026-03-07T17:09:49.563023,31-60,False,0.06581424771583648,146.67815209855007,0,0.1849513646415551
1066,173,2026-04-06T17:09:49.563023,0-30,False,0.11138931115961613,248.24986824990316,0,0.15152601347589006
1067,173,2026-05-06T17:09:49.563023,61-90,False,0.1384616224309561,308.58508027666613,0,0.21483029222131672
1068,174,2025-10-10T17:09:49.565030,0-30,False,0.18259790353316396,742.4028205959922,0,0.3332036728667948
1069,174,2025-11-09T17:09:49.565030,0-30,False,0.18488834092355744,751.7152340800704,0,0.3469833083118968
1070,174,2025-12-09T17:09:49.565030,0-30,False,0.11278837329252718,458.57266070745317,0,0.46240275826284155
1071,174,2026-01-08T17:09:49.565030,31-60,False,0.10173662480892992,413.63868781958865,0,0.4110682626991218
1072,174,2026-02-07T17:09:49.565030,0-30,False,0.0017149862800799555,6.972756132348163,0,0.46603390027867553
1073,174,2026-03-09T17:09:49.565030,0-30,False,0.16376011761546327,665.8125359953566,0,0.4702214743230753
1074,174,2026-04-08T17:09:49.565030,0-30,False,0.19779395632723698,804.1866211651835,0,0.4035186364714824
1075,174,2026-05-08T17:09:49.565030,0-30,False,0.03441422486001291,139.9206513893955,0,0.26861305207279457
1076,175,2024-10-14T17:09:49.565030,31-60,False,0.34751660066821466,3380.9420695675703,1,0.6920252713653433
1077,175,2024-11-13T17:09:49.565030,0-30,False,0.30399326855096614,2957.5094500034315,1,0.4833707022091288
1078,175,2024-12-13T17:09:49.565030,0-30,False,0.4166812821811553,4053.835914079475,1,0.6112796040982784
1079,175,2025-01-12T17:09:49.565030,61-90,True,0.3360606332275935,3269.4885096711005,1,0.5865472209653738
1080,175,2025-02-11T17:09:49.565030,61-90,True,0.37807248324862053,3678.216124073796,1,0.42884559492188323
1081,176,2024-10-19T17:09:49.567351,91-180,False,0.006217038104934214,53.209102805375906,0,0.3510436681573151
1082,176,2024-11-18T17:09:49.567351,91-180,False,0.043805579422315846,374.91415358724544,0,0.4480254390663719
1083,176,2024-12-18T17:09:49.567351,61-90,False,0.09917526840454807,848.8008217450335,0,0.16544614015509662
1084,176,2025-01-17T17:09:49.567351,0-30,False,0.09587029123146494,820.5148651200561,0,0.4135866801734801
1085,176,2025-02-16T17:09:49.567351,31-60,False,0.08050715394900737,689.028016032449,0,0.2650279830088823
1086,176,2025-03-18T17:09:49.567351,0-30,False,0.1116555274434255,955.6142874225739,0,0.008266462563952026
1087,176,2025-04-17T17:09:49.567351,91-180,False,0.05898265041659892,504.80853692363996,0,0.1798446976404311
1088,177,2026-01-28T17:09:49.568766,61-90,False,0.17055889638828667,1170.8481682120434,0,0.33598067556969524
1089,177,2026-02-27T17:09:49.568766,0-30,False,0.17051564617007908,1170.5512652662842,0,0.4982096896054991
1090,177,2026-03-29T17:09:49.568766,91-180,False,0.0072855456701229615,50.01361982824415,0,0.4661874841134802
1091,177,2026-04-28T17:09:49.568766,61-90,False,0.03758508312222966,258.01307734529985,0,0.32961596421934924
1092,178,2025-07-04T17:09:49.568766,0-30,False,0.01751161425040242,101.9848797664994,0,0.30318968169999094
1093,178,2025-08-03T17:09:49.568766,0-30,False,0.13749835898469245,800.7687588722775,0,0.015174144140249424
1094,178,2025-09-02T17:09:49.568766,31-60,False,0.00585737680176075,34.112438769654,0,0.4725548960514748
1095,178,2025-10-02T17:09:49.568766,0-30,False,0.14430094090651083,840.3859231998018,0,0.42071841255706605
1096,179,2024-11-30T17:09:49.568766,31-60,False,0.14100150788911656,558.4532768518692,0,0.12733255253396925
1097,179,2024-12-30T17:09:49.568766,31-60,False,0.047645407271189155,188.70531397764734,0,0.2560758782113846
1098,179,2025-01-29T17:09:49.568766,31-60,False,0.09513559645373107,376.7958682159882,0,0.16837052924748597
1099,179,2025-02-28T17:09:49.568766,0-30,False,0.15559355850545842,616.2468324292521,0,0.03987637776478742
1100,179,2025-03-30T17:09:49.568766,61-90,False,0.023499729310765518,93.07347868257713,0,0.36929356372374766
1101,179,2025-04-29T17:09:49.568766,31-60,False,0.05588421583170864,221.3360972001612,0,0.16415235341052437
1102,179,2025-05-29T17:09:49.568766,31-60,False,0.06996377743106179,277.0998789462386,0,0.012240199721765765
1103,179,2025-06-28T17:09:49.568766,0-30,False,0.058211115823683615,230.55206194322557,0,0.2548001523652861
1104,180,2025-03-06T17:09:49.568766,31-60,False,0.07296568387320697,192.9213324798041,0,0.05488072324165155
1105,180,2025-04-05T17:09:49.568766,0-30,False,0.0033184492326411522,8.773982696306861,0,0.18570047638919646
1106,180,2025-05-05T17:09:49.568766,180+,False,0.16687367195471525,441.21413574693906,0,0.23327417640782866
1107,180,2025-06-04T17:09:49.568766,31-60,False,0.12863678485449911,340.1157725482593,0,0.23488942348017222
1108,180,2025-07-04T17:09:49.568766,0-30,False,0.1854630447735255,490.36445386635313,0,0.43684048726435565
1109,180,2025-08-03T17:09:49.568766,0-30,False,0.10493400439813541,277.44560012769944,0,0.34562293728493676
1110,180,2025-09-02T17:09:49.568766,31-60,False,0.07133693421436844,188.61491694609683,0,0.13791334057648058
1111,180,2025-10-02T17:09:49.568766,0-30,False,0.075846406566208,200.53796581944778,0,0.4393687164602156
1112,181,2025-02-23T17:09:49.568766,0-30,False,0.31673873743987746,981.1690588610262,1,0.6445070868566098
1113,181,2025-03-25T17:09:49.568766,31-60,True,0.41381121868892834,1281.8727739742271,1,0.4001322864189989
1114,181,2025-04-24T17:09:49.568766,0-30,False,0.3622938886046968,1122.2863252741433,1,0.42066253150040034
1115,182,2024-06-04T17:09:49.568766,0-30,False,0.1826950014766753,1532.5367583243815,0,0.480091384303869
1116,182,2024-07-04T17:09:49.568766,91-180,False,0.02980459498160062,250.01580233219948,0,0.21354517742685658
1117,182,2024-08-03T17:09:49.568766,0-30,False,0.06476556952443353,543.2858872314561,0,0.31331054760764215
1118,182,2024-09-02T17:09:49.568766,0-30,False,0.08967034713918627,752.1995785968744,0,0.15240156839776325
1119,182,2024-10-02T17:09:49.568766,0-30,False,0.12501034639751654,1048.6491117794344,0,0.2566278108761937
1120,182,2024-11-01T17:09:49.568766,31-60,False,0.19361757684783093,1624.1607661875723,0,0.013693664920913506
1121,182,2024-12-01T17:09:49.568766,31-60,False,0.03762118832256554,315.58528438194077,0,0.4509604914898338
1122,182,2024-12-31T17:09:49.568766,0-30,False,0.0389618292615513,326.83124897923983,0,0.1710070807417161
1123,182,2025-01-30T17:09:49.568766,0-30,False,0.11827963801990451,992.1885741901276,0,0.2746253526829426
1124,183,2024-07-05T17:09:49.573179,31-60,False,0.0052505008980392905,22.344846493050788,0,0.36212310357031785
1125,183,2024-08-04T17:09:49.573179,0-30,False,0.17485181672787742,744.1265280564921,0,0.013966236007207478
1126,183,2024-09-03T17:09:49.573179,0-30,False,0.03272371184001379,139.26410678664834,0,0.4506695722186908
1127,183,2024-10-03T17:09:49.573179,0-30,False,0.1951128410038472,830.3524874516394,0,0.3711665692339564
1128,183,2024-11-02T17:09:49.573179,0-30,False,0.1575974494504904,670.6961648140236,0,0.38974987820384943
1129,183,2024-12-02T17:09:49.573179,0-30,False,0.025585154996613804,108.88415638853371,0,0.42139890230319965
1130,184,2025-05-16T17:09:49.573179,0-30,False,0.13070539818137983,305.9306035291285,0,0.02487825511274494
1131,184,2025-06-15T17:09:49.573179,31-60,False,0.17986770686004971,421.0004856779854,0,0.36090972988542835
1132,184,2025-07-15T17:09:49.573179,31-60,False,0.13280940502632774,310.8552668778534,0,0.47168313846971877
1133,185,2026-03-22T17:09:49.573179,180+,False,0.13216643706423803,1164.5203108795122,0,0.21735621438516856
1134,185,2026-04-21T17:09:49.573179,0-30,False,0.07623215107228183,671.6825408750333,0,0.30476202632739985
1135,186,2025-06-22T17:09:49.573179,0-30,False,0.1755515283244078,1523.6463485760096,0,0.2464849560274902
1136,186,2025-07-22T17:09:49.573179,180+,False,0.15422812993130047,1338.576367066926,0,0.25126016122193195
1137,186,2025-08-21T17:09:49.573179,0-30,False,0.18550309839729512,1610.017988566141,0,0.06478042660074856
1138,186,2025-09-20T17:09:49.573179,0-30,False,0.09109294304524085,790.6136242541985,0,0.4807557497306087
1139,187,2026-01-17T17:09:49.573179,0-30,False,0.11352942876424282,230.9761790273838,0,0.13863224597937263
1140,187,2026-02-16T17:09:49.573179,31-60,False,0.08102968073120304,164.8552824304958,0,0.03177983178113469
1141,187,2026-03-18T17:09:49.573179,0-30,False,0.010151036073537867,20.652332623850768,0,0.025892884601176946
1142,187,2026-04-17T17:09:49.573179,31-60,False,0.12116933641128047,246.51960856492974,0,0.17406755938525031
1143,187,2026-05-17T17:09:49.573179,31-60,False,0.1749240688478875,355.88387506388545,0,0.25413374534758315
1144,188,2024-08-09T17:09:49.573179,31-60,False,0.016187099401850504,50.90043888005044,0,0.2847407644917726
1145,188,2024-09-08T17:09:49.573179,31-60,False,0.11145600776334699,350.47413808579665,0,0.4844107728791963
1146,188,2024-10-08T17:09:49.573179,180+,False,0.18183639008869523,571.7857060184945,0,0.2704803609213846
1147,188,2024-11-07T17:09:49.573179,0-30,False,0.15279387123237548,480.46131742545106,0,0.12417185527338032
1148,188,2024-12-07T17:09:49.573179,0-30,False,0.1998329819547927,628.3761056687732,0,0.11314044923840161
1149,188,2025-01-06T17:09:49.573179,31-60,False,0.06364569281081141,200.1342931473456,0,0.2014743887342565
1150,188,2025-02-05T17:09:49.573179,0-30,False,0.014682883650977164,46.170422711682136,0,0.012688116877662525
1151,188,2025-03-07T17:09:49.573179,31-60,False,0.1852450270539737,582.5041870266239,0,0.06192967798808929
1152,188,2025-04-06T17:09:49.573179,0-30,False,0.056959181546318495,179.10851518120907,0,0.4818262361662285
1153,189,2025-04-26T17:09:49.573179,0-30,False,0.030464935069951984,20.395717245686242,0,0.33840118522706375
1154,189,2025-05-26T17:09:49.573179,61-90,False,0.1490068171575871,99.757340806655,0,0.007325995574101685
1155,189,2025-06-25T17:09:49.573179,0-30,False,0.1910203992578592,127.88466617360598,0,0.4919744005137279
1156,189,2025-07-25T17:09:49.573179,0-30,False,0.15625312530954902,104.60861167932124,0,0.19377276797175325
1157,189,2025-08-24T17:09:49.573179,180+,False,0.03054164371861048,20.447072284019495,0,0.1675413139748091
1158,190,2024-06-14T17:09:49.573179,180+,True,0.6879633789807471,3242.559110434551,0,0.9055320628011343
1159,190,2024-07-14T17:09:49.573179,180+,True,0.9706692463480842,4575.028997368626,0,0.9438766800341895
1160,190,2024-08-13T17:09:49.573179,180+,True,0.5127006141071582,2416.4978805435503,0,0.9779164084944014
1161,190,2024-09-12T17:09:49.573179,180+,True,0.8810820330234691,4152.780017816033,0,0.7055381165554218
1162,190,2024-10-12T17:09:49.573179,180+,True,0.653601841405957,3080.6038085742275,0,0.8874719860458555
1163,190,2024-11-11T17:09:49.573179,180+,True,0.5238777948930261,2469.178983191609,0,0.9744517809357767
1164,190,2024-12-11T17:09:49.573179,180+,True,0.6335728737755604,2986.2018193887557,0,0.7764559209086545
1165,190,2025-01-10T17:09:49.573179,180+,True,0.7818665575016244,3685.150411533666,0,0.7312198413120267
1166,190,2025-02-09T17:09:49.573179,180+,True,0.8301984552798113,3912.951832733496,0,0.7461703299425805
1167,191,2026-01-10T17:09:49.573179,0-30,False,0.07752613275420324,745.0478099001948,0,0.4677644433365234
1168,191,2026-02-09T17:09:49.573179,31-60,False,0.0144355167306379,138.72935154702753,0,0.20219897406652537
1169,191,2026-03-11T17:09:49.573179,61-90,False,0.16161959884081045,1553.209529166994,0,0.1238360152330703
1170,191,2026-04-10T17:09:49.573179,0-30,False,0.09437360097575152,906.9566895888587,0,0.18618738320259837
1171,191,2026-05-10T17:09:49.573179,31-60,False,0.08772617938690473,843.0731096874085,0,0.3539378610165761
1172,192,2025-11-09T17:09:49.578707,61-90,False,0.2872430057261154,536.69591861016,1,0.6075017223690908
1173,192,2025-12-09T17:09:49.578707,61-90,True,0.48154917307480855,899.7450613149955,1,0.44468750735866974
1174,192,2026-01-08T17:09:49.578707,61-90,True,0.20377654426138767,380.7439604564272,1,0.5496290094706102
1175,192,2026-02-07T17:09:49.578707,31-60,False,0.2436841160687831,455.3088079329683,1,0.6069412886841318
1176,192,2026-03-09T17:09:49.578707,0-30,True,0.4378768275437459,818.1459653042724,1,0.6431935932878302
1177,192,2026-04-08T17:09:49.578707,31-60,False,0.2541375873393743,474.8404771273239,1,0.47234827556620235
1178,192,2026-05-08T17:09:49.578707,61-90,True,0.4448569346106554,831.1878667591131,1,0.5829792706096024
1179,193,2025-09-12T17:09:49.578707,0-30,False,0.1827364159601473,1286.3994348595402,0,0.1549703697907477
1180,193,2025-10-12T17:09:49.578707,0-30,False,0.07737392870351807,544.6849640455637,0,0.17714343176649067
1181,193,2025-11-11T17:09:49.578707,0-30,False,0.185796264067799,1307.9396782519552,0,0.08892443731922756
1182,193,2025-12-11T17:09:49.578707,61-90,False,0.19559730513111684,1376.9355246389002,0,0.373977718541557
1183,193,2026-01-10T17:09:49.578707,0-30,False,0.1305179107936544,918.7997137944391,0,0.19182883284947944
1184,193,2026-02-09T17:09:49.578707,31-60,False,0.1534893673571594,1080.510605331449,0,0.33460374921750163
1185,193,2026-03-11T17:09:49.578707,0-30,False,0.10011460014149981,704.7712103060029,0,0.1010922997596937
1186,193,2026-04-10T17:09:49.578707,0-30,False,0.09186745807386512,646.7142606866926,0,0.07354560772950419
1187,194,2024-12-12T17:09:49.578707,91-180,False,0.11322056119065221,1104.9359752542211,0,0.32695127662872714
1188,194,2025-01-11T17:09:49.578707,61-90,False,0.04137808062946535,403.81472582067425,0,0.29027606478451196
1189,194,2025-02-10T17:09:49.578707,0-30,False,0.030810743340235258,300.6865394671891,0,0.10358353270934684
1190,194,2025-03-12T17:09:49.578707,0-30,False,0.09436932505915828,920.9640114991114,0,0.36945449805216174
1191,194,2025-04-11T17:09:49.578707,0-30,False,0.19292657615298076,1882.7986041783686,0,0.22440107761386913
1192,194,2025-05-11T17:09:49.578707,0-30,False,0.1502937025144212,1466.7381703108051,0,0.25163912854274245
1193,195,2025-06-19T17:09:49.578707,0-30,True,0.43043112066992495,3966.2228741453464,1,0.6516261259490941
1194,195,2025-07-19T17:09:49.578707,0-30,False,0.24162971479331297,2226.505603021599,1,0.4163587086423116
1195,195,2025-08-18T17:09:49.578707,31-60,False,0.3794233503140599,3496.20995958259,1,0.6445738193021815
1196,195,2025-09-17T17:09:49.578707,61-90,False,0.3307870595374549,3048.0491279691114,1,0.4302036633896717
1197,195,2025-10-17T17:09:49.578707,0-30,True,0.23846964103316676,2197.386990938042,1,0.6000873024063256
1198,195,2025-11-16T17:09:49.578707,61-90,False,0.2980904552199416,2746.7651042926564,1,0.47462979518771914
1199,195,2025-12-16T17:09:49.578707,31-60,True,0.3562266622165514,3282.4632518780936,1,0.497742930158252
1200,195,2026-01-15T17:09:49.578707,31-60,False,0.25245955502018186,2326.2975510673023,1,0.6003421812814105
1201,195,2026-02-14T17:09:49.578707,31-60,False,0.4394100522666005,4048.959558771434,1,0.5035990613338457
1202,196,2025-07-10T17:09:49.578707,61-90,False,0.039767798288106886,265.0797393890111,0,0.35922472864524346
1203,196,2025-08-09T17:09:49.578707,91-180,False,0.020193159069054237,134.60129989309897,0,0.24970140495267507
1204,196,2025-09-08T17:09:49.578707,0-30,False,0.008192129714699603,54.60618146574592,0,0.4684858651222949
1205,196,2025-10-08T17:09:49.578707,0-30,False,0.05421487168407535,361.37942445059366,0,0.09665300238180125
1206,196,2025-11-07T17:09:49.578707,0-30,False,0.19846227464776495,1322.887620306431,0,0.2263469064287334
1207,197,2024-12-26T17:09:49.578707,31-60,False,0.11780500155246539,102.66557351710274,0,0.07736816292008614
1208,197,2025-01-25T17:09:49.578707,61-90,False,0.15892952578276254,138.50507786820717,0,0.19916424253406634
1209,197,2025-02-24T17:09:49.578707,31-60,False,0.11153266188681897,97.19930858283448,0,0.4264129395464455
1210,197,2025-03-26T17:09:49.578707,0-30,False,0.1725594349718676,150.38337187478464,0,0.2676449572330583
1211,197,2025-04-25T17:09:49.578707,61-90,False,0.005634344809555514,4.910260461297216,0,0.4256401979151
1212,197,2025-05-25T17:09:49.578707,0-30,False,0.05180607516393907,45.148341312208316,0,0.12257285081223568
1213,197,2025-06-24T17:09:49.578707,0-30,False,0.11723073522118621,102.1651076499886,0,0.3967434209760413
1214,197,2025-07-24T17:09:49.578707,31-60,False,0.12156294801549057,105.94057647783208,0,0.3453214163922832
1215,197,2025-08-23T17:09:49.578707,0-30,False,0.0521667973481226,45.4627061475846,0,0.2349036092339527
1216,198,2024-10-10T17:09:49.578707,180+,True,0.5083756597128697,4972.303821941223,0,0.8319887824701947
1217,198,2024-11-09T17:09:49.578707,180+,True,0.8663624429818825,8473.689100021433,0,0.7758543450362961
1218,198,2024-12-09T17:09:49.578707,180+,True,0.8747277382666507,8555.508103196395,0,0.8700453510806042
1219,199,2025-08-02T17:09:49.578707,31-60,False,0.13130254115971782,1083.6100975690968,0,0.3382796296769654
1220,199,2025-09-01T17:09:49.578707,0-30,False,0.1632144480504404,1346.9718286829545,0,0.22710327321413448
1221,199,2025-10-01T17:09:49.578707,31-60,False,0.1804753563954241,1489.422191110344,0,0.3780316464312072
1222,199,2025-10-31T17:09:49.578707,0-30,False,0.008601712427143892,70.98798210691642,0,0.4402029038302624
1223,199,2025-11-30T17:09:49.578707,0-30,False,0.19483232061076708,1607.9069611443047,0,0.46503097317856434
1224,199,2025-12-30T17:09:49.578707,0-30,False,0.11731428381804054,968.1681817542428,0,0.37156738833717795
1225,199,2026-01-29T17:09:49.578707,0-30,False,0.14313858647480177,1181.2902955715795,0,0.46308658829340604
1226,199,2026-02-28T17:09:49.578707,0-30,False,0.07542791412273522,622.489470958128,0,0.15141470884876174
1227,200,2024-11-03T17:09:49.578707,180+,True,0.9346434341261891,8603.664668074132,0,0.7993959031177916
1228,200,2024-12-03T17:09:49.578707,180+,True,0.5710456224158491,5256.641052671549,0,0.9408900516420375
1229,200,2025-01-02T17:09:49.578707,180+,True,0.5902862243028685,5433.756389497934,0,0.954488786038948
1230,200,2025-02-01T17:09:49.578707,180+,True,0.9884933259538133,9099.368585504522,0,0.7347725730654026
1231,201,2025-01-25T17:09:49.578707,0-30,False,0.12184861883535184,44.799032642018595,0,0.28090396987895927
1232,201,2025-02-24T17:09:49.578707,61-90,False,0.19132468310603873,70.34269904423857,0,0.05422035060006469
1233,201,2025-03-26T17:09:49.578707,0-30,False,0.1088984129528152,40.03774193886703,0,0.14366248474279614
1234,201,2025-04-25T17:09:49.578707,0-30,False,0.020261624473656425,7.449417029520785,0,0.4695269825003993
1235,202,2024-10-25T17:09:49.578707,31-60,False,0.17817446621505717,321.78486685235026,0,0.1059690948528712
1236,202,2024-11-24T17:09:49.578707,0-30,False,0.12393295416761528,223.82415394644437,0,0.2892812073092043
1237,202,2024-12-24T17:09:49.578707,0-30,False,0.14305883576145895,258.3656872696333,0,0.012902362860880479
1238,202,2025-01-23T17:09:49.578707,31-60,False,0.10211573130980711,184.4220314003656,0,0.4050174523425857
1239,202,2025-02-22T17:09:49.578707,31-60,False,0.15531149463386562,280.4941116594994,0,0.0067285949777237675
1240,202,2025-03-24T17:09:49.578707,0-30,False,0.1776628497538567,320.860882409775,0,0.37644449432351584
1241,203,2025-01-16T17:09:49.578707,180+,True,0.5089066509632496,1894.013676422338,0,0.7348348510052922
1242,203,2025-02-15T17:09:49.578707,180+,True,0.8682845753762758,3231.52165073195,0,0.764082437896964
1243,203,2025-03-17T17:09:49.578707,180+,True,0.8479706577813596,3155.9187131919057,0,0.8427303876578742
1244,203,2025-04-16T17:09:49.578707,180+,True,0.6816172140384489,2536.7959389608027,0,0.9412428017929203
1245,203,2025-05-16T17:09:49.578707,180+,True,0.8913967442304465,3317.5389268251697,0,0.9632075794880879
1246,203,2025-06-15T17:09:49.578707,180+,True,0.8448987090459805,3144.4857462478435,0,0.8793258126924666
1247,203,2025-07-15T17:09:49.578707,180+,True,0.87437544411909,3254.190225957579,0,0.787424533241327
1248,203,2025-08-14T17:09:49.578707,180+,True,0.5822234313156771,2166.8790131907076,0,0.7453887374300369
1249,203,2025-09-13T17:09:49.578707,180+,True,0.6124248766865745,2279.2806697065557,0,0.8897055355350355
1250,203,2025-10-13T17:09:49.578707,180+,True,0.7774861921041769,2893.5944898491352,0,0.8276788908675453
1251,203,2025-11-12T17:09:49.578707,180+,True,0.9256918734016975,3445.1761733851695,0,0.9047880078715513
1252,204,2026-02-09T17:09:49.578707,180+,True,0.6747200405312718,2172.079185458539,0,0.9699557219409928
1253,204,2026-03-11T17:09:49.578707,180+,True,0.8824803796319365,2840.9075602153225,0,0.9933610092616245
1254,204,2026-04-10T17:09:49.578707,180+,True,0.5169074779879523,1664.0442054476987,0,0.9543770196689028
1255,204,2026-05-10T17:09:49.578707,180+,True,0.5935476031207307,1910.766416990088,0,0.7024583394801929
1256,205,2025-08-07T17:09:49.578707,61-90,False,0.03573903560561014,292.77627358874787,0,0.10165647644817061
1257,205,2025-09-06T17:09:49.578707,0-30,False,0.16910580790649116,1385.3246860781335,0,0.13804832781174303
1258,205,2025-10-06T17:09:49.578707,61-90,False,0.1871920853358732,1533.4885304331146,0,0.08958222160318319
1259,205,2025-11-05T17:09:49.578707,0-30,False,0.020061841209418965,164.3477785869759,0,0.2575409324850752
1260,205,2025-12-05T17:09:49.578707,31-60,False,0.011377252982029608,93.20312300850713,0,0.026684959542303877
1261,205,2026-01-04T17:09:49.578707,0-30,False,0.19053642083285272,1560.88552276501,0,0.49274445146885576
1262,205,2026-02-03T17:09:49.578707,0-30,False,0.0840792126177618,688.7818358657717,0,0.41413424498214235
1263,206,2025-11-25T17:09:49.578707,180+,False,0.18447196877846578,1669.1866774963953,0,0.30796969400557045
1264,206,2025-12-25T17:09:49.578707,180+,False,0.14925430004651097,1350.5211162779553,0,0.2049782675110789
1265,206,2026-01-24T17:09:49.578707,180+,False,0.14047445791685673,1271.0770922867548,0,0.0532235346070023
1266,206,2026-02-23T17:09:49.578707,91-180,False,0.1017305653600254,920.5046464108266,0,0.3200330897335703
1267,207,2024-12-21T17:09:49.578707,31-60,False,0.1544585678333975,1324.5705250972135,0,0.1605820405636163
1268,207,2025-01-20T17:09:49.578707,0-30,False,0.14198603988692338,1217.611467253491,0,0.17926378651776093
1269,207,2025-02-19T17:09:49.578707,31-60,False,0.0512748325033221,439.7110031892434,0,0.36014768775203787
1270,207,2025-03-21T17:09:49.578707,0-30,False,0.16823820035409442,1442.7387519531899,0,0.12442500134538453
1271,208,2024-05-30T17:09:49.578707,0-30,False,0.19252591069177294,905.8745407196113,0,0.13838434465249538
1272,208,2024-06-29T17:09:49.578707,0-30,False,0.13009587250409202,612.12819786546,0,0.18977341805269582
1273,208,2024-07-29T17:09:49.578707,0-30,False,0.1261743236556298,593.6764931092231,0,0.49078951606609245
1274,208,2024-08-28T17:09:49.578707,0-30,False,0.04131336017864234,194.38797117197976,0,0.38630380695696936
1275,209,2024-06-27T17:09:49.578707,61-90,False,0.08981339523379187,693.9906016105117,0,0.18413977812613402
1276,209,2024-07-27T17:09:49.578707,0-30,False,0.04613818516448207,356.5110393184304,0,0.24111634895269746
1277,209,2024-08-26T17:09:49.578707,31-60,False,0.08460738380058325,653.7636065490411,0,0.12253045524237577
1278,209,2024-09-25T17:09:49.578707,0-30,False,0.0067699269903050315,52.311414044987906,0,0.13999711249114655
1279,209,2024-10-25T17:09:49.578707,0-30,False,0.1876325887494642,1449.8422290908509,0,0.25600571855478577
1280,210,2025-10-29T17:09:49.578707,0-30,False,0.14919935909169482,351.1237562565094,0,0.33377080580754925
1281,210,2025-11-28T17:09:49.578707,91-180,False,0.0679908003423783,160.00863108554154,0,0.20763047470423046
1282,210,2025-12-28T17:09:49.578707,0-30,False,0.04093389108320782,96.33326632789023,0,0.14787225198483928
1283,210,2026-01-27T17:09:49.578707,0-30,False,0.11981041936563828,281.96022249985845,0,0.08845286954062026
1284,210,2026-02-26T17:09:49.578707,31-60,False,0.1832363229222878,431.2258871538667,0,0.25231654851957136
1285,210,2026-03-28T17:09:49.578707,0-30,False,0.0915707548428372,215.50137748179324,0,0.4052671751071071
1286,210,2026-04-27T17:09:49.578707,0-30,False,0.191078332673177,449.68116696937943,0,0.1789899554875934
1287,211,2024-06-10T17:09:49.578707,31-60,False,0.1818994227974391,1759.0320649936994,0,0.14010896935399514
1288,211,2024-07-10T17:09:49.578707,31-60,False,0.08260865389747174,798.8550420714436,0,0.15229558309364888
1289,211,2024-08-09T17:09:49.578707,0-30,False,0.07881057651571172,762.1262839638216,0,0.4448394528673876
1290,211,2024-09-08T17:09:49.578707,0-30,False,0.13393134574147036,1295.163712143019,0,0.39907511476558627
1291,211,2024-10-08T17:09:49.578707,91-180,False,0.01372783405189957,132.75303411542046,0,0.3489219852933811
1292,212,2024-11-08T17:09:49.578707,0-30,False,0.005837822121058278,55.849579099530324,0,0.4923935255635468
1293,212,2024-12-08T17:09:49.578707,61-90,False,0.19287657809568204,1845.2216394097281,0,0.09431367455887141
1294,212,2025-01-07T17:09:49.578707,61-90,False,0.022800589948097395,218.1298651133583,0,0.36961179100666197
1295,212,2025-02-06T17:09:49.578707,31-60,False,0.08568156429839711,819.702828113466,0,0.17410807718046645
1296,212,2025-03-08T17:09:49.578707,0-30,False,0.009418543726896857,90.10581205964428,0,0.16863169111114118
1297,212,2025-04-07T17:09:49.578707,31-60,False,0.026404153741846483,252.60462590012744,0,0.10535691637127692
1298,213,2024-06-27T17:09:49.578707,31-60,False,0.01582364898128539,150.1393598065028,0,0.39307992966226946
1299,213,2024-07-27T17:09:49.578707,0-30,False,0.024126424761418797,228.91849865876677,0,0.47186920284562633
1300,213,2024-08-26T17:09:49.578707,91-180,False,0.09780264276074978,927.9797718497073,0,0.11855146756404972
1301,213,2024-09-25T17:09:49.578707,0-30,False,0.019899062884316823,188.80806606201506,0,0.33752436242386924
1302,213,2024-10-25T17:09:49.578707,180+,False,0.10351445629170693,982.1751112361073,0,0.3247617260898106
1303,213,2024-11-24T17:09:49.578707,0-30,False,0.04941549711892586,468.86853409920207,0,0.1107522446949562
1304,213,2024-12-24T17:09:49.578707,91-180,False,0.05712993425470003,542.0653456691816,0,0.4722542134218125
1305,214,2026-03-12T17:09:49.594846,180+,True,0.6937964291084866,6434.781353999979,0,0.8068447781390948
1306,214,2026-04-11T17:09:49.594846,180+,True,0.7830851207821601,7262.910736336374,0,0.8483990820149371
1307,214,2026-05-11T17:09:49.594846,180+,True,0.5681741519748089,5269.667420528857,0,0.8859687271562876
1308,215,2025-06-01T17:09:49.594846,0-30,False,0.06342807456967184,127.74365047380572,0,0.30757098831325314
1309,215,2025-07-01T17:09:49.594846,61-90,False,0.11441992113523253,230.44083415592763,0,0.1425231306004368
1310,215,2025-07-31T17:09:49.594846,0-30,False,0.07832977325587437,157.75555610630667,0,0.35383014397960566
1311,216,2025-08-26T17:09:49.594846,0-30,False,0.09252887570729072,362.3858100853681,0,0.2242593595190071
1312,216,2025-09-25T17:09:49.594846,91-180,False,0.04672296226675268,182.98869840575767,0,0.3147664232662372
1313,216,2025-10-25T17:09:49.594846,0-30,False,0.02666687478187151,104.43979726765598,0,0.2507750975557619
1314,216,2025-11-24T17:09:49.594846,0-30,False,0.056189846014143945,220.06538727243188,0,0.39685804833674077
1315,216,2025-12-24T17:09:49.594846,0-30,False,0.11215684183956452,439.2579902864268,0,0.02713257870118302
1316,216,2026-01-23T17:09:49.594846,0-30,False,0.14321835727020632,560.9092299212921,0,0.3742274834761197
1317,216,2026-02-22T17:09:49.594846,0-30,False,0.09221296161950199,361.1485446182845,0,0.39922443637754035
1318,216,2026-03-24T17:09:49.594846,31-60,False,0.04290893868516837,168.05122062131483,0,0.0794806098713301
1319,216,2026-04-23T17:09:49.594846,31-60,False,0.08955489451594023,350.7383262597187,0,0.31856058654520747
1320,217,2024-07-29T17:09:49.594846,0-30,False,0.16026559400619145,1486.696075449979,0,0.38769538651223956
1321,217,2024-08-28T17:09:49.594846,31-60,False,0.06449474040163448,598.2823577128536,0,0.06353169503537753
1322,217,2024-09-27T17:09:49.594846,91-180,False,0.13478414226639202,1250.3186138167332,0,0.029501686280277883
1323,217,2024-10-27T17:09:49.594846,0-30,False,0.011420297309506534,105.93983877699537,0,0.21981150369988955
1324,217,2024-11-26T17:09:49.594846,91-180,False,0.17681641822557784,1640.2290003738003,0,0.365416448979387
1325,217,2024-12-26T17:09:49.594846,0-30,False,0.02848490814289284,264.2388805170242,0,0.24221259748453994
1326,218,2026-03-27T17:09:49.594846,31-60,False,0.142257788685597,954.3504120831461,0,0.14815854956661756
1327,218,2026-04-26T17:09:49.594846,0-30,False,0.09453212706776884,634.1781019920746,0,0.4872569933221031
1328,219,2024-11-17T17:09:49.594846,0-30,False,0.1255791546997925,860.8866900709152,0,0.3497968644918622
1329,219,2024-12-17T17:09:49.594846,31-60,False,0.042418301030585394,290.79150006981763,0,0.38413329236627364
1330,219,2025-01-16T17:09:49.594846,0-30,False,0.12162628419702487,833.7884538107518,0,0.2901560863634101
1331,219,2025-02-15T17:09:49.594846,0-30,False,0.08090185555967395,554.6090099098116,0,0.22321153164562763
1332,219,2025-03-17T17:09:49.594846,0-30,False,0.018807389786584652,128.93088491439852,0,0.4240024686352701
1333,219,2025-04-16T17:09:49.594846,31-60,False,0.06088395986120998,417.37970611944337,0,0.09517748132177672
1334,220,2025-10-05T17:09:49.594846,0-30,False,0.19043206345419367,937.2389286638312,0,0.13296468943516077
1335,220,2025-11-04T17:09:49.594846,31-60,False,0.14539705338311174,715.5926164526605,0,0.17252837440786517
1336,220,2025-12-04T17:09:49.594846,61-90,False,0.14266248411467944,702.1340384957031,0,0.1882751941602735
1337,220,2026-01-03T17:09:49.594846,61-90,False,0.04403611764584425,216.7301187430189,0,0.029799703626661567
1338,220,2026-02-02T17:09:49.594846,180+,False,0.052047521074658334,256.1593988260001,0,0.19834602652603767
1339,221,2025-03-24T17:09:49.594846,31-60,False,0.19820160975424161,1316.1755568328329,0,0.38836442169240704
1340,221,2025-04-23T17:09:49.594846,61-90,False,0.010725629999962672,71.22450748552359,0,0.44795859846027325
1341,221,2025-05-23T17:09:49.594846,0-30,False,0.013723580316307472,91.13266530454878,0,0.1897228822872598
1342,222,2026-02-15T17:09:49.600484,0-30,False,0.07566659393392872,600.0982477576011,0,0.143924361782863
1343,222,2026-03-17T17:09:49.600484,0-30,False,0.06258619683135867,496.35995357615553,0,0.4458105295172429
1344,222,2026-04-16T17:09:49.600484,0-30,False,0.15319047020651044,1214.926270163048,0,0.23786286161780446
1345,222,2026-05-16T17:09:49.600484,0-30,False,0.0648956581381657,514.6758788930666,0,0.42615754824193236
1346,223,2025-12-18T17:09:49.600484,31-60,False,0.13558200388877323,1315.442213974658,0,0.2136813252677961
1347,223,2026-01-17T17:09:49.600484,31-60,False,0.1227682020661646,1191.1202880884414,0,0.38416403413686806
1348,223,2026-02-16T17:09:49.600484,0-30,False,0.09503988728146705,922.0949400039596,0,0.49430987274473903
1349,223,2026-03-18T17:09:49.600484,61-90,False,0.173274354772876,1681.1405225611668,0,0.13739170209843488
1350,223,2026-04-17T17:09:49.600484,31-60,False,0.18612309276465255,1805.8014057603004,0,0.02524967171750958
1351,223,2026-05-17T17:09:49.600484,31-60,False,0.0629604733926253,610.8544064626079,0,0.41322699935538126
1352,224,2025-04-19T17:09:49.600484,0-30,False,0.18813744352396003,1554.4543102282062,0,0.01829202552224346
1353,224,2025-05-19T17:09:49.600484,0-30,False,0.12940920407494144,1069.2220075366108,0,0.2465678648963282
1354,224,2025-06-18T17:09:49.600484,0-30,False,0.16871198633987236,1393.954703757722,0,0.0679373516746426
1355,224,2025-07-18T17:09:49.600484,31-60,False,0.1531143924223006,1265.0821803502754,0,0.33372847153676305
1356,224,2025-08-17T17:09:49.600484,31-60,False,0.14477363496564846,1196.1680602463218,0,0.4018833791175377
1357,224,2025-09-16T17:09:49.600484,31-60,False,0.02310175629911182,190.87441596081126,0,0.1326353274212242
1358,224,2025-10-16T17:09:49.600484,61-90,False,0.08938484457878766,738.5273995544627,0,0.25316352546253584
1359,224,2025-11-15T17:09:49.600484,31-60,False,0.031056497700538734,256.59914266373397,0,0.14488886514354338
1360,224,2025-12-15T17:09:49.600484,0-30,False,0.07348825657614948,607.1844872889628,0,0.11749794139146863
1361,225,2024-07-14T17:09:49.600484,0-30,False,0.1483985149080532,1243.211869846941,0,0.17391836575855774
1362,225,2024-08-13T17:09:49.600484,0-30,False,0.061765403124030296,517.4410428382847,0,0.4656979637565516
1363,225,2024-09-12T17:09:49.600484,0-30,False,0.06142955721791097,514.6274862660661,0,0.1326273382528826
1364,225,2024-10-12T17:09:49.600484,0-30,False,0.13688626138469823,1146.7677090830014,0,0.008355007854913055
1365,225,2024-11-11T17:09:49.600484,0-30,False,0.06340276441780272,531.1580736111807,0,0.17913591719487143
1366,225,2024-12-11T17:09:49.600484,0-30,False,0.11239276825838576,941.5729238958779,0,0.13323300790584547
1367,225,2025-01-10T17:09:49.600484,31-60,False,0.02669381797278321,223.62805568411233,0,0.2808052226188211
1368,225,2025-02-09T17:09:49.600484,0-30,False,0.16932487131888893,1418.522887606909,0,0.47942796417653727
1369,225,2025-03-11T17:09:49.600484,0-30,False,0.14570858017802973,1220.6768816258611,0,0.03081959017766872
1370,226,2026-04-07T17:09:49.603155,180+,True,0.563758945371198,1292.7761668517128,0,0.7508650433303121
1371,226,2026-05-07T17:09:49.603155,180+,True,0.8713407866516354,1998.1032876513657,0,0.9684769216670323
1372,227,2024-10-21T17:09:49.603155,0-30,False,0.16966721357395445,622.8616317336675,0,0.36899801720488246
1373,227,2024-11-20T17:09:49.603155,0-30,False,0.006290385633085704,23.092498409835606,0,0.025274848300387898
1374,227,2024-12-20T17:09:49.603155,0-30,False,0.08903526879673429,326.85544623745,0,0.37662123516224155
1375,227,2025-01-19T17:09:49.603155,31-60,False,0.022523243894568813,82.68459267171028,0,0.49252927748704983
1376,227,2025-02-18T17:09:49.603155,0-30,False,0.1671561007837212,613.6431399753278,0,0.4764652750841092
1377,227,2025-03-20T17:09:49.603155,0-30,False,0.05272672237184872,193.56392811969448,0,0.06464271009681638
1378,227,2025-04-19T17:09:49.603155,31-60,False,0.0358795174954919,131.716519310419,0,0.014866189873963931
1379,227,2025-05-19T17:09:49.603155,180+,False,0.18399686825249992,675.4669165571165,0,0.4732943638255393
1380,228,2024-12-15T17:09:49.603155,180+,True,0.6203998751720641,3240.9911880847553,0,0.9880844459231319
1381,228,2025-01-14T17:09:49.603155,180+,True,0.8512855633265601,4447.14629982792,0,0.9570772323545284
1382,228,2025-02-13T17:09:49.603155,180+,True,0.8347637320420167,4360.835660920429,0,0.9455406805206029
1383,228,2025-03-15T17:09:49.603155,180+,True,0.9893667735442512,5168.487491960653,0,0.8249734597152426
1384,228,2025-04-14T17:09:49.603155,180+,True,0.7746540059028366,4046.820296747057,0,0.7021951452452296
1385,228,2025-05-14T17:09:49.603155,180+,True,0.7860389257916729,4106.295526374619,0,0.8017357984183902
1386,228,2025-06-13T17:09:49.603155,180+,True,0.9827789871521007,5134.072659688124,0,0.9809338824367868
1387,228,2025-07-13T17:09:49.603155,180+,True,0.9688100918220407,5061.098649724879,0,0.7947383359678535
1388,228,2025-08-12T17:09:49.603155,180+,True,0.7397313658293301,3864.3831730911256,0,0.9960538901296492
1389,229,2025-02-26T17:09:49.603155,31-60,False,0.09857695702890606,861.1189013937775,0,0.46156562453789196
1390,229,2025-03-28T17:09:49.603155,0-30,False,0.1736774104679251,1517.158831096812,0,0.286740665724088
1391,229,2025-04-27T17:09:49.603155,31-60,False,0.180462120978505,1576.4266624159732,0,0.08053140225518907
1392,229,2025-05-27T17:09:49.603155,61-90,False,0.1098489246345856,959.5851622086933,0,0.028881056110834302
1393,229,2025-06-26T17:09:49.603155,0-30,False,0.14956591433542762,1306.5328827376213,0,0.3121462126675253
1394,229,2025-07-26T17:09:49.603155,0-30,False,0.09412478394990392,822.2269482826557,0,0.42080670010674126
1395,229,2025-08-25T17:09:49.603155,0-30,False,0.17165484727794755,1499.4907325406532,0,0.016689385619093167
1396,230,2025-07-20T17:09:49.603155,61-90,False,0.16510225070036294,732.6800256174275,0,0.4416949690960499
1397,230,2025-08-19T17:09:49.603155,31-60,False,0.025878833443735427,114.84340322480855,0,0.2635945837084561
1398,230,2025-09-18T17:09:49.603155,91-180,False,0.06572090016935188,291.65193457641504,0,0.4303628672231924
1399,230,2025-10-18T17:09:49.603155,0-30,False,0.0675905347152819,299.9488771147291,0,0.1306558380485337
1400,230,2025-11-17T17:09:49.603155,31-60,False,0.06449446045261119,286.209320200972,0,0.039196674256451625
1401,230,2025-12-17T17:09:49.603155,180+,False,0.04289369001212891,190.3508266156151,0,0.04015085922146433
1402,230,2026-01-16T17:09:49.603155,0-30,False,0.07518288389751376,333.6417103119562,0,0.40923497996543806
1403,230,2026-02-15T17:09:49.603155,61-90,False,0.011218440886307924,49.78446702634574,0,0.3338648717659372
1404,230,2026-03-17T17:09:49.603155,180+,False,0.05350401330172656,237.4366289390507,0,0.022227880882442375
1405,231,2024-08-13T17:09:49.603155,0-30,False,0.18121193927752438,1718.535836933185,0,0.03636179931828393
1406,231,2024-09-12T17:09:49.603155,0-30,False,0.015294431859043202,145.0457920161907,0,0.41331770977288945
1407,231,2024-10-12T17:09:49.603155,91-180,False,0.15308176304051882,1451.7613840175638,0,0.3103568015282097
1408,231,2024-11-11T17:09:49.603155,31-60,False,0.022843731788830347,216.64009493475956,0,0.12078059641689498
1409,231,2024-12-11T17:09:49.603155,31-60,False,0.12047254336446805,1142.5096158882295,0,0.23609830382011365
1410,231,2025-01-10T17:09:49.603155,0-30,False,0.06526306460800309,618.9267429292937,0,0.3478920808880581
1411,232,2025-07-07T17:09:49.603155,31-60,False,0.2822583514615609,1888.502987772386,1,0.6460274900893223
1412,232,2025-08-06T17:09:49.603155,0-30,False,0.2103776966751748,1407.5718457026635,1,0.5794382042448215
1413,232,2025-09-05T17:09:49.603155,31-60,False,0.34650541049918815,2318.360110935919,1,0.44682655479266276
1414,232,2025-10-05T17:09:49.603155,61-90,True,0.44443447339973763,2973.573063607838,1,0.6760790701169566
1415,232,2025-11-04T17:09:49.603155,31-60,False,0.2994736669747047,2003.6853184764034,1,0.505253497467642
1416,232,2025-12-04T17:09:49.603155,31-60,False,0.4054926381809898,2713.025335687162,1,0.6347525862437828
1417,232,2026-01-03T17:09:49.603155,0-30,True,0.3308520025188827,2213.6280185582987,1,0.5676439584325333
1418,232,2026-02-02T17:09:49.603155,0-30,False,0.37876076940668313,2534.1707020240283,1,0.5667214820729174
1419,232,2026-03-04T17:09:49.603155,61-90,True,0.4082156422577182,2731.2441104656236,1,0.6321412258322336
1420,233,2024-09-15T17:09:49.603155,0-30,False,0.1024538159093847,144.73603947042258,0,0.4987311986194836
1421,233,2024-10-15T17:09:49.603155,31-60,False,0.08383278419696732,118.43019271414224,0,0.49533149327982795
1422,233,2024-11-14T17:09:49.603155,0-30,False,0.08128941174355445,114.83718202403057,0,0.27681673045645927
1423,233,2024-12-14T17:09:49.603155,0-30,False,0.0648363744516991,91.59405111918956,0,0.06046299650485609
1424,233,2025-01-13T17:09:49.603155,91-180,False,0.052054872500625377,73.53768148120484,0,0.33939331331857797
1425,233,2025-02-12T17:09:49.603155,0-30,False,0.047485767867539955,67.0829281599265,0,0.46120652588483874
1426,233,2025-03-14T17:09:49.603155,31-60,False,0.09614971424197626,135.8302637346844,0,0.07444931526568488
1427,233,2025-04-13T17:09:49.603155,61-90,False,0.03889739290310743,54.95016993315328,0,0.0556494132519601
1428,233,2025-05-13T17:09:49.603155,91-180,False,0.09578174761273722,135.31043895216538,0,0.10269757582495842
1429,233,2025-06-12T17:09:49.603155,0-30,False,0.18199316631357765,257.10091780482276,0,0.3603446032958777
1430,233,2025-07-12T17:09:49.603155,0-30,False,0.05610582894005063,79.26044920737901,0,0.4974938177894569
1431,234,2024-11-15T17:09:49.603155,0-30,False,0.09511560813368175,603.7264805988722,0,0.33234491101249364
1432,234,2024-12-15T17:09:49.603155,180+,False,0.19229583663187183,1220.5577082618172,0,0.020251593809316626
1433,234,2025-01-14T17:09:49.603155,61-90,False,0.180215777663442,1143.882053976068,0,0.492886060660172
1434,234,2025-02-13T17:09:49.603155,0-30,False,0.13351753244230088,847.4746841374778,0,0.0428073263314937
1435,234,2025-03-15T17:09:49.603155,0-30,False,0.08167299818892981,518.4023182321426,0,0.10123010446681868
1436,234,2025-04-14T17:09:49.603155,180+,False,0.09762074461936741,619.6273118462232,0,0.46416772518664473
1437,234,2025-05-14T17:09:49.603155,0-30,False,0.05640338722909562,358.0087341482172,0,0.30518923293759564
1438,234,2025-06-13T17:09:49.603155,31-60,False,0.04427112931669328,281.0017579548036,0,0.46471597479700005
1439,234,2025-07-13T17:09:49.603155,31-60,False,0.0795845016568426,505.1460221751607,0,0.12380378578326434
1440,234,2025-08-12T17:09:49.603155,61-90,False,0.13756479170791885,873.1638180288213,0,0.24743994208914843
1441,235,2024-06-05T17:09:49.603155,61-90,False,0.017591414679972252,50.23397142569614,0,0.3897615068772643
1442,235,2024-07-05T17:09:49.603155,0-30,False,0.1724439557566108,492.43025098338825,0,0.49206465581289394
1443,235,2024-08-04T17:09:49.603155,31-60,False,0.12873859058439382,367.6253899104284,0,0.4186696946060712
1444,236,2026-02-22T17:09:49.603155,0-30,False,0.14094837077537084,715.6201807216283,0,0.00302759719934792
1445,236,2026-03-24T17:09:49.603155,0-30,False,0.14318836937377158,726.9930557182355,0,0.03896356667835882
1446,236,2026-04-23T17:09:49.603155,91-180,False,0.09335129291266947,473.96127204072275,0,0.011129349845878989
1447,237,2025-05-17T17:09:49.603155,61-90,False,0.40984769164697205,2572.1596870919857,1,0.4175122090199659
1448,237,2025-06-16T17:09:49.603155,61-90,False,0.43602748490805915,2736.4612318243003,1,0.5936667317491029
1449,237,2025-07-16T17:09:49.603155,61-90,True,0.44668820357760863,2803.366746619449,1,0.5325014972910203
1450,237,2025-08-15T17:09:49.603155,31-60,False,0.21386284537227648,1342.1800357660268,1,0.5122233555259049
1451,237,2025-09-14T17:09:49.603155,0-30,False,0.43931833893244004,2757.1142749672345,1,0.6261628936381709
1452,238,2026-03-02T17:09:49.603155,31-60,False,0.17751517962320656,180.94806489961758,0,0.4697684613456777
1453,238,2026-04-01T17:09:49.603155,0-30,False,0.10197178594331356,103.94377190708954,0,0.48538546728038073
1454,238,2026-05-01T17:09:49.603155,31-60,False,0.01197758576673058,12.209214847200407,0,0.029001786642653682
1455,239,2025-12-22T17:09:49.611274,31-60,False,0.26644016373316426,2198.8969917838517,1,0.41502498426059503
1456,239,2026-01-21T17:09:49.611274,31-60,False,0.45313178695799217,3739.6393594076885,1,0.5370894393574495
1457,239,2026-02-20T17:09:49.611274,31-60,False,0.44404708674283133,3664.66447688817,1,0.661289065870629
1458,239,2026-03-22T17:09:49.611274,31-60,False,0.2011680903054174,1660.2148205346743,1,0.4590621944808045
1459,239,2026-04-21T17:09:49.611274,31-60,False,0.31972211989050986,2638.6262408173484,1,0.47491752137043663
1460,240,2025-12-29T17:09:49.611274,61-90,True,0.20019865735245967,1023.242211553154,1,0.616476517726211
1461,240,2026-01-28T17:09:49.611274,61-90,False,0.4519405359684342,2309.928745929108,1,0.538704440482674
1462,240,2026-02-27T17:09:49.611274,0-30,False,0.28293442945593167,1446.1158488756487,1,0.5466503395003287
1463,240,2026-03-29T17:09:49.611274,61-90,False,0.39260792829453417,2006.6718235483984,1,0.604560369111189
1464,240,2026-04-28T17:09:49.611274,61-90,False,0.3289583714615766,1681.3503945266693,1,0.6358789069798452
1465,241,2025-11-02T17:09:49.613285,0-30,False,0.10304428151884318,381.915484396428,0,0.4116565123497535
1466,241,2025-12-02T17:09:49.613285,91-180,False,0.020381228420315246,75.53943421222786,0,0.34132141828330026
1467,241,2026-01-01T17:09:49.613285,31-60,False,0.09245757231729608,342.67771095304073,0,0.4868162844084488
1468,241,2026-01-31T17:09:49.613285,0-30,False,0.04754022163848879,176.19946015205932,0,0.20941688967790295
1469,242,2024-09-27T17:09:49.613285,0-30,False,0.16509721341302444,1430.5897866387313,0,0.32210376718598355
1470,242,2024-10-27T17:09:49.613285,0-30,False,0.16531423267350773,1432.470288018089,0,0.49126647541783347
1471,242,2024-11-26T17:09:49.613285,0-30,False,0.06913323251122415,599.0488531169581,0,0.35958348247137173
1472,242,2024-12-26T17:09:49.613285,31-60,False,0.09923501346016134,859.8848750881722,0,0.31163449274412974
1473,242,2025-01-25T17:09:49.613285,31-60,False,0.025617266717086397,221.9770968234463,0,0.12693967319916138
1474,242,2025-02-24T17:09:49.613285,0-30,False,0.09022340393949602,781.7980541483881,0,0.09670533714990126
1475,242,2025-03-26T17:09:49.613285,61-90,False,0.1590260365390426,1377.9822141107354,0,0.3040515341080507
1476,243,2024-07-18T17:09:49.613285,0-30,False,0.10514639772385681,211.3601679314289,0,0.43246245906159914
1477,243,2024-08-17T17:09:49.613285,0-30,False,0.18396168275792857,369.79081549497533,0,0.32259326743638456
1478,243,2024-09-16T17:09:49.613285,0-30,False,0.16252745881105699,326.70478239293277,0,0.49095248645591855
1479,243,2024-10-16T17:09:49.613285,61-90,False,0.17690103920166234,355.5978536811462,0,0.49856271780337763
1480,243,2024-11-15T17:09:49.613285,0-30,False,0.034269501813195456,68.88688357337779,0,0.438658325169074
1481,243,2024-12-15T17:09:49.613285,0-30,False,0.1072567363464566,215.602267854208,0,0.17143266097526955
1482,243,2025-01-14T17:09:49.613285,0-30,False,0.0375857448751221,75.55303387089975,0,0.13054040565537145
1483,243,2025-02-13T17:09:49.613285,0-30,False,0.09956393493413561,200.1385731050879,0,0.37173871854825624
1484,244,2024-06-28T17:09:49.615297,61-90,False,0.32766312145235355,3046.8706234060737,1,0.45880428499288006
1485,244,2024-07-28T17:09:49.615297,0-30,False,0.228714342433382,2126.766686537965,1,0.5008141847693077
1486,244,2024-08-27T17:09:49.615297,31-60,False,0.49746926029009114,4625.862283515584,1,0.4476901021800095
1487,244,2024-09-26T17:09:49.615297,61-90,False,0.38882330154976597,3615.586306864909,1,0.6370279666594096
1488,244,2024-10-26T17:09:49.615297,0-30,False,0.40194715228844774,3737.622241529806,1,0.47758153929954883
1489,244,2024-11-25T17:09:49.615297,31-60,False,0.2751075859930717,2558.1677252022946,1,0.4167441933987977
1490,245,2025-01-27T17:09:49.616884,61-90,False,0.013681507051378272,77.63875344661238,0,0.0536248100052924
1491,245,2025-02-26T17:09:49.616884,0-30,False,0.032668626168168284,185.3853821063123,0,0.2036823712926687
1492,245,2025-03-28T17:09:49.616884,0-30,False,0.08503713562755039,482.5621316423925,0,0.33843108502626335
1493,245,2025-04-27T17:09:49.616884,0-30,False,0.06656553262576007,377.74091378721243,0,0.34661472739525395
1494,246,2024-10-21T17:09:49.616884,61-90,False,0.17556873322794475,335.81617737049703,0,0.0413618482362168
1495,246,2024-11-20T17:09:49.616884,0-30,False,0.1783528627393777,341.1414748345958,0,0.4492493320564717
1496,246,2024-12-20T17:09:49.616884,0-30,False,0.14622292595913908,279.6854721038197,0,0.15144841909343976
1497,246,2025-01-19T17:09:49.616884,0-30,False,0.09935972095146087,190.04865536734425,0,0.31503615176616667
1498,246,2025-02-18T17:09:49.616884,0-30,False,0.09674332592744733,185.04418925711337,0,0.2453170866183595
1499,246,2025-03-20T17:09:49.616884,0-30,False,0.16587623529170303,317.2770129858328,0,0.15681168917360955
1500,246,2025-04-19T17:09:49.616884,31-60,False,0.17347364147070377,331.8088254222224,0,0.4615458765164165
1501,246,2025-05-19T17:09:49.616884,0-30,False,0.05313115204802177,101.62572829464044,0,0.15008159688560196
1502,247,2024-07-05T17:09:49.616884,0-30,False,0.12943006173422655,507.19187099653294,0,0.12596280072322824
1503,247,2024-08-04T17:09:49.616884,31-60,False,0.11449372719858925,448.66151601211027,0,0.43532704793254434
1504,247,2024-09-03T17:09:49.616884,0-30,False,0.07606492440442891,298.0722624169942,0,0.08609557843967441
1505,247,2024-10-03T17:09:49.616884,0-30,False,0.09169702736197977,359.32909441118034,0,0.10025542852842995
1506,247,2024-11-02T17:09:49.616884,0-30,False,0.07278354549255771,285.2136676866757,0,0.3176698699469959
1507,247,2024-12-02T17:09:49.616884,0-30,False,0.05769172316549964,226.0740095558963,0,0.2620074084712854
1508,247,2025-01-01T17:09:49.616884,0-30,False,0.00393304822523497,15.412262509560476,0,0.3131135714890049
1509,247,2025-01-31T17:09:49.616884,0-30,False,0.19557241715071408,766.3810002166948,0,0.37934538646287697
1510,248,2025-09-09T17:09:49.616884,180+,False,0.1713435866287406,914.1872159428125,0,0.18253760192041374
1511,248,2025-10-09T17:09:49.616884,0-30,False,0.04862600939875257,259.4393932640967,0,0.3471782663850304
1512,248,2025-11-08T17:09:49.616884,0-30,False,0.035381854188960116,188.77647779128745,0,0.2461657481092555
1513,249,2025-07-14T17:09:49.619498,0-30,False,0.19097053975742606,505.8437200066334,0,0.3362120021592399
1514,249,2025-08-13T17:09:49.619498,0-30,False,0.16527617270079398,437.7843521499363,0,0.30953907202114644
1515,249,2025-09-12T17:09:49.619498,0-30,False,0.02868822726684117,75.98951974209083,0,0.3977794003029378
1516,249,2025-10-12T17:09:49.619498,31-60,False,0.17316653890797995,458.68439358840834,0,0.1901977358752308
1517,249,2025-11-11T17:09:49.619498,0-30,False,0.19113315615564025,506.27445913483206,0,0.12923566732204567
1518,249,2025-12-11T17:09:49.619498,0-30,False,0.08127054108563506,215.26981534391862,0,0.3965590353560177
1519,249,2026-01-10T17:09:49.619498,61-90,False,0.0236693502340535,62.695493177857664,0,0.3389698402028343
1520,249,2026-02-09T17:09:49.619498,0-30,False,0.1421977204536799,376.65403251265474,0,0.46410839508267376
1521,249,2026-03-11T17:09:49.619498,0-30,False,0.03575177219181125,94.69947283652827,0,0.06941077681429941
1522,249,2026-04-10T17:09:49.619498,91-180,False,0.02371259280360798,62.810034312180626,0,0.017987060125561505
1523,249,2026-05-10T17:09:49.619498,31-60,False,0.13550888691718724,358.9366168164832,0,0.3954563954059588
1524,250,2024-10-18T17:09:49.619498,0-30,False,0.1714850781778554,975.8967803246192,0,0.4648259169431414
1525,250,2024-11-17T17:09:49.619498,0-30,False,0.08584210636179478,488.5150131131176,0,0.09084049613881878
1526,250,2024-12-17T17:09:49.619498,0-30,False,0.09769627509986666,555.975373092141,0,0.30077484637607654
1527,250,2025-01-16T17:09:49.619498,0-30,False,0.04436923673543918,252.49890973410302,0,0.47141954039155176
1528,250,2025-02-15T17:09:49.619498,31-60,False,0.10071818496586359,573.1726251212592,0,0.023548399072493453
1529,250,2025-03-17T17:09:49.619498,180+,False,0.04936728000982567,280.94205120871067,0,0.2641354409376539
1530,251,2025-04-14T17:09:49.619498,31-60,False,0.03949603833916933,301.3410172327532,0,0.03252047364824495
1531,251,2025-05-14T17:09:49.619498,0-30,False,0.1499411383653473,1143.9986656899991,0,0.07946547437504098
1532,251,2025-06-13T17:09:49.619498,61-90,False,0.19642570967722223,1498.659755606377,0,0.4486404881529122
1533,251,2025-07-13T17:09:49.619498,0-30,False,0.033228179966657743,253.5194407590862,0,0.06515512975931814
1534,251,2025-08-12T17:09:49.619498,31-60,False,0.18812072040500025,1435.2955798400055,0,0.20456147620329962
1535,251,2025-09-11T17:09:49.619498,61-90,False,0.17212249481608333,1313.2346903025796,0,0.008403835432649664
1536,251,2025-10-11T17:09:49.619498,0-30,False,0.05742986180709056,438.16984447582666,0,0.26728289255640536
1537,252,2025-02-04T17:09:49.619498,0-30,False,0.12415700701222754,695.5717288628477,0,0.32934559294600546
1538,252,2025-03-06T17:09:49.619498,91-180,False,0.13349522184569337,747.8877309356653,0,0.034642289142323535
1539,252,2025-04-05T17:09:49.619498,31-60,False,0.0625785826981834,350.58748599565786,0,0.07154397256206452
1540,253,2024-08-11T17:09:49.619498,0-30,False,0.17603300161926627,709.6167581746631,0,0.40837312203418863
1541,253,2024-09-10T17:09:49.619498,91-180,False,0.11491403696023435,463.23658419944866,0,0.14120625687808702
1542,253,2024-10-10T17:09:49.619498,61-90,False,0.1895023025607935,763.91363194881,0,0.3837121780344668
1543,253,2024-11-09T17:09:49.619498,0-30,False,0.038091252796800285,153.55184014267593,0,0.00884964863875043
1544,253,2024-12-09T17:09:49.619498,91-180,False,0.0815616167787625,328.78772478816353,0,0.07725017832097714
1545,254,2025-03-21T17:09:49.619498,0-30,False,0.19035433923095357,1156.7062920083617,0,0.2742882520904072
1546,254,2025-04-20T17:09:49.619498,0-30,False,0.11958752404082443,726.684992118264,0,0.13465085498044221
1547,254,2025-05-20T17:09:49.619498,31-60,False,0.056349641724308897,342.4139706941132,0,0.41154197487463473
1548,255,2025-05-01T17:09:49.619498,0-30,False,0.015318056284195115,79.19954000316899,0,0.022088771530986484
1549,255,2025-05-31T17:09:49.619498,91-180,False,0.1022771413903229,528.8074675186035,0,0.17198965489708917
1550,255,2025-06-30T17:09:49.619498,0-30,False,0.17459295120068008,902.7047013240666,0,0.4651825480078651
1551,256,2025-10-28T17:09:49.619498,0-30,False,0.029177827908477585,115.73853210927457,0,0.0702730178644046
1552,256,2025-11-27T17:09:49.619498,0-30,False,0.1104362373375327,438.0630402376107,0,0.4623230780743585
1553,256,2025-12-27T17:09:49.619498,0-30,False,0.12623256013507123,500.72168703771007,0,0.34679517934833887
1554,256,2026-01-26T17:09:49.619498,0-30,False,0.012946685806250758,51.35510482807651,0,0.12448739122730129
1555,256,2026-02-25T17:09:49.619498,0-30,False,0.18077994795795396,717.0926457265665,0,0.22799733166659897
1556,256,2026-03-27T17:09:49.619498,31-60,False,0.049419430575818796,196.0300941681683,0,0.06714898592573398
1557,256,2026-04-26T17:09:49.619498,0-30,False,0.014699713841804286,58.308771571803526,0,0.4028103133583869
1558,257,2025-09-01T17:09:49.619498,61-90,False,0.011932520993700214,69.10605336960309,0,0.41801162729895225
1559,257,2025-10-01T17:09:49.619498,0-30,False,0.08929430193302729,517.1394040071752,0,0.17344301063008633
1560,257,2025-10-31T17:09:49.619498,0-30,False,0.1732628545862757,1003.4352407450507,0,0.359660892677559
1561,257,2025-11-30T17:09:49.619498,0-30,False,0.05764087663579707,333.8216206924844,0,0.2866408760048794
1562,258,2026-04-08T17:09:49.619498,31-60,False,0.15799478450120522,1174.4362344112753,0,0.035079936848512405
1563,258,2026-05-08T17:09:49.619498,31-60,False,0.18958817685041374,1409.2821178372526,0,0.14073405169235698
1564,259,2025-01-08T17:09:49.619498,91-180,False,0.0977573652774326,373.4878351018405,0,0.43484551307381686
1565,259,2025-02-07T17:09:49.619498,0-30,False,0.10031838145271493,383.27234989775843,0,0.11838237803787799
1566,259,2025-03-09T17:09:49.619498,31-60,False,0.15430617233699884,589.5359197277946,0,0.4506640631536393
1567,259,2025-04-08T17:09:49.619498,0-30,False,0.1950816089940648,745.3209034899895,0,0.22096131705808697
1568,259,2025-05-08T17:09:49.619498,91-180,False,0.1772247081441261,677.0975504859019,0,0.10419534510023004
1569,259,2025-06-07T17:09:49.619498,0-30,False,0.16733643318078847,639.3188071813166,0,0.05952372550718127
1570,259,2025-07-07T17:09:49.619498,0-30,False,0.11370633577098557,434.42182656974836,0,0.15338658350844753
1571,259,2025-08-06T17:09:49.619498,91-180,False,0.003538166296738621,13.51777502031619,0,0.3638294579451676
1572,259,2025-09-05T17:09:49.619498,61-90,False,0.023835025058096915,91.06313251469957,0,0.46661146445107116
1573,260,2025-04-15T17:09:49.619498,31-60,False,0.012184421378214672,117.32571379151537,0,0.38738660019650345
1574,260,2025-05-15T17:09:49.619498,0-30,False,0.08134178494081908,783.2528671670002,0,0.04976477798878137
1575,260,2025-06-14T17:09:49.619498,0-30,False,0.026461232729465458,254.79938040708535,0,0.27258686631994083
1576,260,2025-07-14T17:09:49.619498,61-90,False,0.1199602292676713,1155.1159540975782,0,0.13967278658982113
1577,260,2025-08-13T17:09:49.619498,0-30,False,0.11950343741404844,1150.7174333458029,0,0.43193056705689464
1578,260,2025-09-12T17:09:49.619498,0-30,False,0.1763013959035627,1697.6339273532963,0,0.022157201561670836
1579,260,2025-10-12T17:09:49.619498,0-30,False,0.1652088880644166,1590.8224211218458,0,0.09767184522264388
1580,260,2025-11-11T17:09:49.619498,0-30,False,0.15190805151157777,1462.7465696598906,0,0.24065600014307076
1581,260,2025-12-11T17:09:49.619498,31-60,False,0.07004147334440601,674.4403858056598,0,0.2335153482810795
1582,260,2026-01-10T17:09:49.619498,31-60,False,0.09525152369462796,917.1919338888748,0,0.4565035940846245
1583,260,2026-02-09T17:09:49.619498,0-30,False,0.1711111223776317,1647.6559655526773,0,0.4859774869394888
1584,261,2025-08-09T17:09:49.619498,61-90,False,0.03425830100238032,133.41125189438836,0,0.16964572229754643
1585,261,2025-09-08T17:09:49.619498,61-90,False,0.051781513280545324,201.65146284585018,0,0.48315093420603444
1586,261,2025-10-08T17:09:49.619498,0-30,False,0.1292145281569107,503.19693212919043,0,0.01739268930929322
1587,261,2025-11-07T17:09:49.619498,0-30,False,0.1908655331953396,743.2829119374875,0,0.1530723723782894
1588,261,2025-12-07T17:09:49.619498,91-180,False,0.06422390443836072,250.10555812653803,0,0.17016622218343808
1589,262,2025-06-11T17:09:49.627664,61-90,False,0.18203796354031704,1684.2450804854443,0,0.2947782957612801
1590,262,2025-07-11T17:09:49.627664,0-30,False,0.16048296872115245,1484.814734869505,0,0.23028250184142268
1591,262,2025-08-10T17:09:49.627664,0-30,False,0.023758444670933666,219.81702486000003,0,0.06682767086167035
1592,262,2025-09-09T17:09:49.627664,0-30,False,0.13756686489517747,1272.7911855935108,0,0.14988543807373872
1593,262,2025-10-09T17:09:49.627664,31-60,False,0.08337437360957511,771.3933723466537,0,0.13680685470503212
1594,262,2025-11-08T17:09:49.627664,0-30,False,0.17354209478827853,1605.639910048555,0,0.37208122914155567
1595,262,2025-12-08T17:09:49.627664,0-30,False,0.16128094022379827,1492.1976980248862,0,0.4242870314871318
1596,262,2026-01-07T17:09:49.627664,0-30,False,0.02329613458686173,215.53965617484374,0,0.28894315108536234
1597,262,2026-02-06T17:09:49.627664,0-30,False,0.01660582205605854,153.63978788489896,0,0.02363791453559405
1598,263,2024-07-06T17:09:49.627664,0-30,False,0.1849157940285526,460.836809918242,0,0.42392950289652737
1599,263,2024-08-05T17:09:49.627664,0-30,False,0.1346213137878185,335.4957164091762,0,0.43785058711997943
1600,263,2024-09-04T17:09:49.627664,31-60,False,0.1223215534060732,304.84294082091543,0,0.40652360061788567
1601,263,2024-10-04T17:09:49.627664,61-90,False,0.0055064954512946025,13.722980294544707,0,0.4792322943342271
1602,263,2024-11-03T17:09:49.627664,0-30,False,0.08063554128505773,200.95539057144524,0,0.28068159564859807
1603,263,2024-12-03T17:09:49.627664,0-30,False,0.061704288176124035,153.7759793356007,0,0.032897641978199
1604,263,2025-01-02T17:09:49.627664,61-90,False,0.05974898164796332,148.9030736566474,0,0.4496723566013617
1605,263,2025-02-01T17:09:49.627664,0-30,False,0.06302693827195004,157.0722140028482,0,0.3031702317203748
1606,264,2025-12-20T17:09:49.627664,0-30,False,0.07272066518184271,502.0661566085217,0,0.18157978660095875
1607,264,2026-01-19T17:09:49.627664,0-30,False,0.18846705443657746,1301.1835003391504,0,0.03840590369903735
1608,264,2026-02-18T17:09:49.627664,91-180,False,0.007279446923760791,50.25757025337067,0,0.18957071514707302
1609,264,2026-03-20T17:09:49.627664,0-30,False,0.06926158798149472,478.1845599392917,0,0.31779158977657795
1610,264,2026-04-19T17:09:49.627664,0-30,False,0.14601916222481018,1008.1216857146054,0,0.28632997465186244
1611,265,2025-05-27T17:09:49.627664,31-60,False,0.04871047007508025,447.35783743359497,0,0.34479091703451603
1612,265,2025-06-26T17:09:49.627664,31-60,False,0.04602579517233865,422.7017346111105,0,0.21585297561834138
1613,265,2025-07-26T17:09:49.627664,91-180,False,0.017985972893995616,165.1835000893056,0,0.12557951769712528
1614,265,2025-08-25T17:09:49.627664,0-30,False,0.14166995177574795,1301.0993972760562,0,0.3242829327352176
1615,266,2025-11-11T17:09:49.627664,91-180,False,0.07799679771037467,449.8445103616738,0,0.22959523650400043
1616,266,2025-12-11T17:09:49.627664,0-30,False,0.1954367520451931,1127.1764048173436,0,0.1721281588319678
1617,266,2026-01-10T17:09:49.627664,61-90,False,0.09916038243578673,571.9049370429407,0,0.12228804292387802
1618,266,2026-02-09T17:09:49.627664,0-30,False,0.0901302868807361,519.8240948452287,0,0.393985097268775
1619,266,2026-03-11T17:09:49.627664,0-30,False,0.03213431179397946,185.33381086297177,0,0.1944973601730065
1620,266,2026-04-10T17:09:49.627664,0-30,False,0.06605945406453191,380.99619010981695,0,0.4140179615210602
1621,266,2026-05-10T17:09:49.627664,0-30,False,0.1454942321079016,839.1342147925258,0,0.41915519285324293
1622,267,2024-12-07T17:09:49.627664,0-30,False,0.1216218435510118,1205.279009627966,0,0.06013002811603779
1623,267,2025-01-06T17:09:49.627664,0-30,False,0.15024482830167016,1488.9343276662928,0,0.04779736208873786
1624,267,2025-02-05T17:09:49.627664,0-30,False,0.16636676904395947,1648.7036273562544,0,0.06552592202472857
1625,267,2025-03-07T17:09:49.627664,31-60,False,0.12544236695112262,1243.1406019661438,0,0.06772536787547495
1626,268,2026-02-01T17:09:49.627664,31-60,False,0.039598344332665715,128.9682579039392,0,0.24443403765459887
1627,268,2026-03-03T17:09:49.627664,0-30,False,0.04716775284300654,153.6211429018759,0,0.13508783146644743
1628,268,2026-04-02T17:09:49.627664,61-90,False,0.15205092778884113,495.2162419939337,0,0.47244823080632664
1629,268,2026-05-02T17:09:49.627664,31-60,False,0.14691660938677306,478.494227197658,0,0.376016918400515
1630,269,2025-03-07T17:09:49.627664,0-30,False,0.16275225892312184,24.257505747680796,0,0.374152375686099
1631,269,2025-04-06T17:09:49.627664,0-30,False,0.12647791043812137,18.85097423352271,0,0.4976437351547843
1632,269,2025-05-06T17:09:49.627664,0-30,False,0.12396579578141934,18.47655463328498,0,0.1468432681522936
1633,269,2025-06-05T17:09:49.627664,0-30,False,0.09972758635384193,14.863956513951473,0,0.12042520574396454
1634,269,2025-07-05T17:09:49.627664,0-30,False,0.07757827538779596,11.562699489188308,0,0.006734548405099683
1635,269,2025-08-04T17:09:49.627664,0-30,False,0.028758884211461624,4.28638474004804,0,0.10453444681416713
1636,269,2025-09-03T17:09:49.627664,0-30,False,0.1553038285382719,23.14735007876904,0,0.4216070030581152
1637,269,2025-10-03T17:09:49.627664,0-30,False,0.11708604439602444,17.451158058896034,0,0.09440883311635972
1638,269,2025-11-02T17:09:49.627664,0-30,False,0.12167333130644453,18.134872923021753,0,0.3620751165245081
1639,270,2025-03-23T17:09:49.633240,0-30,False,0.03737097052978313,253.7778056046395,0,0.2035941867121958
1640,270,2025-04-22T17:09:49.633240,180+,False,0.14983976086138381,1017.5279144388494,0,0.33352344791966154
1641,270,2025-05-22T17:09:49.633240,0-30,False,0.0716831208622978,486.78385531433133,0,0.38522738139826423
1642,270,2025-06-21T17:09:49.633240,31-60,False,0.08966376391921366,608.886334154366,0,0.40055233347741886
1643,270,2025-07-21T17:09:49.633240,0-30,False,0.013096275744015728,88.93384551682571,0,0.3789425292335898
1644,270,2025-08-20T17:09:49.633240,180+,False,0.03192492978329007,216.79497507373324,0,0.35468804922857056
1645,270,2025-09-19T17:09:49.633240,180+,False,0.019387729723057315,131.65768603339194,0,0.47473527130223536
1646,270,2025-10-19T17:09:49.633240,0-30,False,0.04290014182426327,291.32515687845927,0,0.22737370807967816
1647,270,2025-11-18T17:09:49.633240,61-90,False,0.18325939572005903,1244.4730934992588,0,0.22039699266302787
1648,271,2026-02-26T17:09:49.633240,61-90,False,0.11620194806922002,600.4512802621136,0,0.18906484626769599
1649,271,2026-03-28T17:09:49.633240,61-90,False,0.030457018011245143,157.38079921796577,0,0.17382601103139844
1650,271,2026-04-27T17:09:49.633240,91-180,False,0.1444181109577383,746.2528904072616,0,0.05499325563278218
1651,272,2026-01-04T17:09:49.633240,31-60,False,0.0881603015155446,265.17074629697163,0,0.47562153612713276
1652,272,2026-02-03T17:09:49.633240,31-60,False,0.19711498770717745,592.8873597082065,0,0.4887354791805567
1653,272,2026-03-05T17:09:49.633240,61-90,False,0.09265367222723159,278.6860184151926,0,0.12594698051696973
1654,272,2026-04-04T17:09:49.633240,31-60,False,0.02576994147116283,77.51147051978539,0,0.11432141238472676
1655,272,2026-05-04T17:09:49.633240,180+,False,0.1647938434141633,495.6710184977641,0,0.48483722610288654
1656,273,2026-01-11T17:09:49.633240,0-30,False,0.14408224288354943,261.08363904592574,0,0.2557925644592274
1657,273,2026-02-10T17:09:49.633240,91-180,False,0.1711793296892677,310.1848043886816,0,0.1426509681190769
1658,273,2026-03-12T17:09:49.633240,0-30,False,0.0035080321921310276,6.356715388946769,0,0.14669953606059716
1659,273,2026-04-11T17:09:49.633240,61-90,False,0.044122121300267714,79.95130948100262,0,0.4461626637093783
1660,274,2025-07-14T17:09:49.633240,0-30,False,0.09112497883489488,875.5857773502405,0,0.389841496804601
1661,274,2025-08-13T17:09:49.633240,0-30,False,0.11043691487661085,1061.1469346467607,0,0.2084429145165857
1662,274,2025-09-12T17:09:49.633240,0-30,False,0.06609302649879716,635.0631267550857,0,0.2646829070203026
1663,274,2025-10-12T17:09:49.633240,31-60,False,0.16897464482841298,1623.6140478302198,0,0.458861342001793
1664,274,2025-11-11T17:09:49.633240,91-180,False,0.06520384785576996,626.5193423469838,0,0.14119747326365278
1665,274,2025-12-11T17:09:49.633240,61-90,False,0.007499602410017504,72.06086947784681,0,0.05161388324801436
1666,274,2026-01-10T17:09:49.633240,0-30,False,0.027869006159031564,267.78283774360716,0,0.48581124194192876
1667,274,2026-02-09T17:09:49.633240,0-30,False,0.04645013719495539,446.3219635700588,0,0.012751177821711035
1668,274,2026-03-11T17:09:49.633240,0-30,False,0.170876067617719,1641.8841069548694,0,0.39726139348002865
1669,274,2026-04-10T17:09:49.633240,61-90,False,0.08344417808128611,801.7838408833369,0,0.15137022919444226
1670,275,2026-01-01T17:09:49.633240,0-30,False,0.29858802950489777,1729.4757919238032,1,0.45341140376754363
1671,275,2026-01-31T17:09:49.633240,31-60,True,0.3774541295343115,2186.2824865206303,1,0.6033619677536829
1672,275,2026-03-02T17:09:49.633240,31-60,False,0.3994263566378743,2313.5495940911314,1,0.6683309220721554
1673,275,2026-04-01T17:09:49.633240,31-60,True,0.4562155988763275,2642.4831412797357,1,0.6852435702824895
1674,275,2026-05-01T17:09:49.633240,0-30,False,0.37073124905404325,2147.3423486259517,1,0.667167753829075
1675,276,2025-07-14T17:09:49.633240,180+,True,0.881398088124485,4440.235038301329,0,0.8985313700965464
1676,276,2025-08-13T17:09:49.633240,180+,True,0.883124249242863,4448.930951286443,0,0.8153973318727
1677,276,2025-09-12T17:09:49.633240,180+,True,0.6897742620461496,3474.888235091321,0,0.7841068578780473
1678,276,2025-10-12T17:09:49.633240,180+,True,0.540657150013923,2723.678271538186,0,0.8118800045999153
1679,276,2025-11-11T17:09:49.633240,180+,True,0.9909795178790568,4992.275382498996,0,0.758039272085762
1680,276,2025-12-11T17:09:49.633240,180+,True,0.6104209388002395,3075.128568001622,0,0.8514689124081263
1681,276,2026-01-10T17:09:49.633240,180+,True,0.7230770059018777,3642.6580681918595,0,0.815083848540828
1682,276,2026-02-09T17:09:49.633240,180+,True,0.7190716079105481,3622.480002522024,0,0.8413607177943696
1683,277,2025-04-17T17:09:49.633240,0-30,False,0.09072043288096639,204.31664291940288,0,0.17938430170582054
1684,277,2025-05-17T17:09:49.633240,91-180,False,0.06518402911020185,146.80465664479095,0,0.23180342057468412
1685,277,2025-06-16T17:09:49.633240,0-30,False,0.02629368867935509,59.217510656971996,0,0.06564700926733052
1686,277,2025-07-16T17:09:49.633240,0-30,False,0.1125076978147644,253.38498053977136,0,0.41010391791070533
1687,277,2025-08-15T17:09:49.633240,0-30,False,0.06443231805905329,145.11168546356203,0,0.09785057101373346
1688,277,2025-09-14T17:09:49.633240,180+,False,0.09463062217807616,213.1230024681178,0,0.49611848983946183
1689,277,2025-10-14T17:09:49.633240,180+,False,0.08660972747311041,195.05868964149275,0,0.19062305339889613
1690,277,2025-11-13T17:09:49.633240,91-180,False,0.16878076474062795,380.12075280132063,0,0.008372027081645472
1691,277,2025-12-13T17:09:49.633240,61-90,False,0.029293594619614227,65.97376932244754,0,0.3441346940982011
1692,278,2025-06-20T17:09:49.633240,180+,True,0.7333844115016315,2460.971372673788,0,0.726737748269585
1693,278,2025-07-20T17:09:49.633240,180+,True,0.6996442784709748,2347.751756608269,0,0.9243872858517974
1694,278,2025-08-19T17:09:49.633240,180+,True,0.5359158244837354,1798.3386086934972,0,0.9628536279848054
1695,278,2025-09-18T17:09:49.633240,180+,True,0.7082284439517346,2376.5570941299507,0,0.8382221112084187
1696,278,2025-10-18T17:09:49.633240,180+,True,0.5488105524367524,1841.6086262356148,0,0.8825594636541357
1697,278,2025-11-17T17:09:49.633240,180+,True,0.650956599288809,2184.3736116816517,0,0.9485278206714636
1698,278,2025-12-17T17:09:49.633240,180+,True,0.50778967878565,1703.957492458814,0,0.9563425073243016
1699,279,2024-11-16T17:09:49.633240,0-30,False,0.04706598062033427,176.19868920632462,0,0.1299428186110091
1700,279,2024-12-16T17:09:49.633240,0-30,False,0.0627363812744272,234.86322818325618,0,0.022263112452231948
1701,279,2025-01-15T17:09:49.633240,0-30,False,0.018936675024525142,70.89233610498559,0,0.485609663001785
1702,279,2025-02-14T17:09:49.633240,91-180,False,0.1269969045460275,475.43231479178405,0,0.220669070760715
1703,279,2025-03-16T17:09:49.633240,91-180,False,0.07873883494102599,294.7708583436585,0,0.2144395546337442
1704,279,2025-04-15T17:09:49.633240,0-30,False,0.1744262175314708,652.991194216918,0,0.4445471081180965
1705,279,2025-05-15T17:09:49.633240,31-60,False,0.17842267225851477,667.9525330671137,0,0.35976746514045393
1706,279,2025-06-14T17:09:49.633240,61-90,False,0.024610400721820327,92.13279508625968,0,0.4978540063344314
1707,279,2025-07-14T17:09:49.633240,180+,False,0.0840493643011337,314.6516363474301,0,0.09943045325192873
1708,279,2025-08-13T17:09:49.633240,0-30,False,0.008873566643500542,33.219552436017146,0,0.09804557480620868
1709,279,2025-09-12T17:09:49.633240,0-30,False,0.05794062111093992,216.90956731361965,0,0.17276997616081968
1710,280,2024-08-30T17:09:49.633240,0-30,False,0.17705138227229333,1390.4163174216947,0,0.03053687730392851
1711,280,2024-09-29T17:09:49.633240,0-30,False,0.016330815845563885,128.24883114190825,0,0.13294993400150684
1712,280,2024-10-29T17:09:49.633240,0-30,False,0.12554662644551998,985.9402155846041,0,0.3048322812124577
1713,280,2024-11-28T17:09:49.633240,0-30,False,0.135117895684881,1061.1051126785844,0,0.16818729018818196
1714,280,2024-12-28T17:09:49.633240,61-90,False,0.1251288266087681,982.6591583966826,0,0.19110536764984787
1715,280,2025-01-27T17:09:49.633240,0-30,False,0.0541461774832551,425.2196607137727,0,0.28979509252506697
1716,280,2025-02-26T17:09:49.633240,0-30,False,0.11483165667276657,901.7936327027827,0,0.32565414657794745
1717,280,2025-03-28T17:09:49.633240,0-30,False,0.06124513316379392,480.9690352071863,0,0.3402844222526068
1718,281,2025-08-12T17:09:49.633240,0-30,False,0.12608626261405018,1103.7638824929445,0,0.3084237558759235
1719,281,2025-09-11T17:09:49.633240,61-90,False,0.14542855774804775,1273.0870611708294,0,0.21324914607847395
1720,281,2025-10-11T17:09:49.633240,91-180,False,0.050956862027728915,446.0782856539035,0,0.12405223373084973
1721,281,2025-11-10T17:09:49.633240,180+,False,0.016531751071341284,144.7195703053317,0,0.07871712194512481
1722,281,2025-12-10T17:09:49.633240,31-60,False,0.19072313320741255,1669.597477360508,0,0.17894362673844344
1723,281,2026-01-09T17:09:49.633240,31-60,False,0.004853233490004794,42.48538840404606,0,0.1448876183399937
1724,281,2026-02-08T17:09:49.633240,91-180,False,0.032419257254895494,283.79939664587675,0,0.35743048224440466
1725,282,2026-03-18T17:09:49.633240,0-30,False,0.14112792897539683,638.598547948868,0,0.2502204891780543
1726,282,2026-04-17T17:09:49.633240,0-30,False,0.09182427003430944,415.50135353149983,0,0.3524161174219927
1727,282,2026-05-17T17:09:49.633240,0-30,False,0.17045326185354698,771.2945715500407,0,0.14569735899909236
1728,283,2026-03-30T17:09:49.633240,0-30,False,0.18380985164343863,184.25502512016416,0,0.09408997319001039
1729,283,2026-04-29T17:09:49.633240,61-90,False,0.014365594373523784,14.400386750185378,0,0.49683509187690217
1730,284,2024-06-27T17:09:49.633240,31-60,False,0.15001001714584297,33.45938694081586,0,0.30087068278343126
1731,284,2024-07-27T17:09:49.633240,0-30,False,0.1198345466920515,26.728818134514352,0,0.420143784582071
1732,284,2024-08-26T17:09:49.633240,91-180,False,0.11841424702143036,26.412023582021074,0,0.4682747844212513
1733,284,2024-09-25T17:09:49.633240,0-30,False,0.07105817260729035,15.849360848103176,0,0.13594748635453113
1734,284,2024-10-25T17:09:49.633240,0-30,False,0.030303537427302785,6.759133848173934,0,0.34108029207170065
1735,284,2024-11-24T17:09:49.633240,91-180,False,0.15814722204551757,35.27437165007172,0,0.20005298813137457
1736,284,2024-12-24T17:09:49.633240,61-90,False,0.09620611742001484,21.45855170258572,0,0.20817131142662115
1737,284,2025-01-23T17:09:49.633240,61-90,False,0.1464081260195874,32.65599346613271,0,0.24480900569950304
1738,285,2024-09-26T17:09:49.633240,91-180,False,0.14528454773111432,1413.7570188131506,0,0.12050357606954099
1739,285,2024-10-26T17:09:49.633240,31-60,False,0.12314990011870766,1198.3658164472165,0,0.05310793386184154
1740,285,2024-11-25T17:09:49.633240,0-30,False,0.061927412357835276,602.6127020738626,0,0.1536994879306286
1741,285,2024-12-25T17:09:49.633240,0-30,False,0.07478997852273513,727.7777212005408,0,0.309625867325528
1742,285,2025-01-24T17:09:49.633240,0-30,False,0.10045948645669658,977.5664811055685,0,0.4425884224926069
1743,285,2025-02-23T17:09:49.633240,0-30,False,0.0475804556458906,463.0031491869359,0,0.16623653156558676
1744,285,2025-03-25T17:09:49.633240,31-60,False,0.1618704986339767,1575.154117601725,0,0.2439917824934768
1745,285,2025-04-24T17:09:49.633240,31-60,False,0.1001375459667086,974.4336935210072,0,0.4175095531648991
1746,286,2024-10-28T17:09:49.643834,31-60,False,0.17885262247252223,352.2805596982813,0,0.35386048585133484
1747,286,2024-11-27T17:09:49.643834,61-90,False,0.13470462507994158,265.32359470658287,0,0.4106542149248319
1748,286,2024-12-27T17:09:49.643834,0-30,False,0.16457029128334696,324.1490872291434,0,0.060754773565895925
1749,286,2025-01-26T17:09:49.643834,0-30,False,0.03192837385080254,62.88834491171479,0,0.31351574798645976
1750,286,2025-02-25T17:09:49.643834,0-30,False,0.02271394617418796,44.73896753976251,0,0.4387068107010387
1751,286,2025-03-27T17:09:49.643834,180+,False,0.05909591016488017,116.39941322057905,0,0.027763336037232356
1752,286,2025-04-26T17:09:49.643834,0-30,False,0.15242441289850375,300.22572073728674,0,0.33004268892087213
1753,286,2025-05-26T17:09:49.643834,0-30,False,0.1812923034178645,357.08592490360536,0,0.454447034542762
1754,286,2025-06-25T17:09:49.643834,31-60,False,0.03237065188892698,63.75948648436169,0,0.14787298848705294
1755,286,2025-07-25T17:09:49.643834,61-90,False,0.18728439371173414,368.88836253804,0,0.12692258958514546
1756,287,2026-04-18T17:09:49.643834,0-30,False,0.16811526281121636,62.73769317933121,0,0.28134219034122626
1757,287,2026-05-18T17:09:49.643834,0-30,False,0.1573560670658049,58.722548389711584,0,0.4644386221752739
1758,288,2025-02-11T17:09:49.643834,0-30,False,0.01017331590924111,13.347114928317406,0,0.49323078523660985
1759,288,2025-03-13T17:09:49.643834,61-90,False,0.05142209708992973,67.46439861274162,0,0.3378521571194648
1760,288,2025-04-12T17:09:49.643834,61-90,False,0.027434422487854306,35.99321924179998,0,0.39988515638711725
1761,288,2025-05-12T17:09:49.643834,0-30,False,0.004287499390031768,5.62508307265508,0,0.20692752098024425
1762,288,2025-06-11T17:09:49.643834,0-30,False,0.10997185840264523,144.28009963275062,0,0.3821329065355103
1763,288,2025-07-11T17:09:49.643834,0-30,False,0.17862313625873813,234.34871675775207,0,0.2438393303003495
1764,288,2025-08-10T17:09:49.643834,91-180,False,0.14745810401406056,193.46103855869197,0,0.29253607885439936
1765,289,2025-03-07T17:09:49.643834,31-60,True,0.2885351739097645,1531.7006549964478,1,0.628660181966118
1766,289,2025-04-06T17:09:49.643834,31-60,False,0.26431420930134975,1403.1226835392936,1,0.658295326818437
1767,289,2025-05-06T17:09:49.643834,31-60,False,0.23295131993792145,1236.6315153063085,1,0.5240052247577734
1768,289,2025-06-05T17:09:49.643834,31-60,True,0.2624517758874385,1393.2358803418879,1,0.4149504351774518
1769,290,2025-06-20T17:09:49.643834,31-60,False,0.016556963034914607,116.7342296888298,0,0.2965231803767375
1770,290,2025-07-20T17:09:49.643834,0-30,False,0.029048414838111138,204.80472914373252,0,0.05441382072716622
1771,290,2025-08-19T17:09:49.643834,0-30,False,0.15086841084653532,1063.6919154442642,0,0.2214113798551099
1772,290,2025-09-18T17:09:49.643834,61-90,False,0.11061058579858388,779.85567168324,0,0.27330885903052304
1773,290,2025-10-18T17:09:49.643834,61-90,False,0.14410993583751897,1016.0415478988975,0,0.4019633634331983
1774,290,2025-11-17T17:09:49.643834,0-30,False,0.09269472805019861,653.5406071957391,0,0.35053096482671525
1775,290,2025-12-17T17:09:49.643834,0-30,False,0.04230438405384138,298.26542914734836,0,0.0865175183449608
1776,290,2026-01-16T17:09:49.643834,31-60,False,0.18585244196947726,1310.3454784156172,0,0.13070680880527624
1777,291,2025-06-29T17:09:49.643834,31-60,False,0.16680521799594797,889.823595962448,0,0.24449688524453117
1778,291,2025-07-29T17:09:49.643834,0-30,False,0.1611122486244798,859.4544112409789,0,0.31085772231222736
1779,291,2025-08-28T17:09:49.643834,0-30,False,0.1650105090634687,880.2497086752804,0,0.05151437525203634
1780,291,2025-09-27T17:09:49.643834,91-180,False,0.07621666585670117,406.5783342972259,0,0.3584046234407912
1781,291,2025-10-27T17:09:49.643834,31-60,False,0.10175229814758296,542.798342419509,0,0.3187191277772592
1782,291,2025-11-26T17:09:49.643834,0-30,False,0.044414137260549616,236.92752423195807,0,0.14790520084237202
1783,291,2025-12-26T17:09:49.643834,0-30,False,0.02378627376516498,126.88804289551959,0,0.027590526276966343
1784,291,2026-01-25T17:09:49.643834,0-30,False,0.09602657888571625,512.2544531798484,0,0.01671628634920469
1785,291,2026-02-24T17:09:49.643834,61-90,False,0.01149367648767048,61.31309719181824,0,0.29372017049381866
1786,291,2026-03-26T17:09:49.643834,0-30,False,0.12100475285429145,645.500696003218,0,0.05369034077221879
1787,292,2025-10-26T17:09:49.643834,0-30,False,0.11609748584984776,985.7659619471983,0,0.10513092165056864
1788,292,2025-11-25T17:09:49.643834,0-30,False,0.18734390436966336,1590.7083840278294,0,0.28141603761301465
1789,292,2025-12-25T17:09:49.643834,61-90,False,0.07478068041431277,634.9512982479258,0,0.2405068380140073
1790,292,2026-01-24T17:09:49.643834,61-90,False,0.008304388563575028,70.5112907556265,0,0.38239541537610716
1791,292,2026-02-23T17:09:49.643834,61-90,False,0.09621407851701425,816.9389971532462,0,0.06008430790460745
1792,292,2026-03-25T17:09:49.643834,31-60,False,0.11732656833890827,996.201913021179,0,0.37386370413737163
1793,292,2026-04-24T17:09:49.643834,0-30,False,0.12042670088399743,1022.5246634072302,0,0.05896456487328028
1794,293,2025-09-06T17:09:49.650860,61-90,False,0.16403807708267,1629.1344215306535,0,0.3385586799315848
1795,293,2025-10-06T17:09:49.650860,0-30,False,0.09076796580709744,901.4566623707519,0,0.1120863963119757
1796,293,2025-11-05T17:09:49.650860,0-30,False,0.12953930963903013,1286.5119612924116,0,0.10645556028847092
1797,293,2025-12-05T17:09:49.650860,31-60,False,0.07174621941730226,712.5433176622286,0,0.1057759619102634
1798,293,2026-01-04T17:09:49.650860,61-90,False,0.08599746148274062,854.0786819585957,0,0.08335536109357894
1799,293,2026-02-03T17:09:49.650860,0-30,False,0.17434825165281365,1731.529308028537,0,0.07435220289488109
1800,293,2026-03-05T17:09:49.650860,0-30,False,0.1778495017652925,1766.301765607107,0,0.052384917608874704
1801,293,2026-04-04T17:09:49.650860,31-60,False,0.11181964849221121,1110.5301988532333,0,0.3633187894751276
1802,293,2026-05-04T17:09:49.650860,91-180,False,0.04761519657251756,472.88749724335736,0,0.1075116792950504
1803,294,2026-04-18T17:09:49.650860,91-180,False,0.18890720005283396,328.0722395122548,0,0.19005304147082924
1804,294,2026-05-18T17:09:49.650860,61-90,False,0.1847348541196795,320.8261902672975,0,0.4986081484390474
1805,295,2025-01-08T17:09:49.652014,180+,True,0.7775498763162358,575.9715552545164,0,0.7736314531021659
1806,295,2025-02-07T17:09:49.652014,180+,True,0.5170551044917112,383.0095557307452,0,0.7839288387699395
1807,295,2025-03-09T17:09:49.652014,180+,True,0.7744515260574882,573.6764463854767,0,0.763342762176112
1808,295,2025-04-08T17:09:49.652014,180+,True,0.8590835790221938,636.3678011849967,0,0.9327562832834102
1809,295,2025-05-08T17:09:49.652014,180+,True,0.6052110580603725,448.3112466299101,0,0.7937532798045457
1810,295,2025-06-07T17:09:49.652014,180+,True,0.6743314583361456,499.512315087749,0,0.915436908248151
1811,295,2025-07-07T17:09:49.652014,180+,True,0.6222172576196583,460.9086214189542,0,0.9317305340903262
1812,295,2025-08-06T17:09:49.652014,180+,True,0.9009558471241346,667.3847637173143,0,0.9473031607456056
1813,295,2025-09-05T17:09:49.652014,180+,True,0.7176792126816409,531.6222468717409,0,0.7802619067871229
1814,295,2025-10-05T17:09:49.652014,180+,True,0.5928591635914009,439.16155722176757,0,0.7143021075904087
1815,296,2024-09-29T17:09:49.652014,0-30,False,0.060882203937788676,210.71813012942155,0,0.1472641336074515
1816,296,2024-10-29T17:09:49.652014,0-30,False,0.06838709777816854,236.69316215159668,0,0.07158098851782457
1817,296,2024-11-28T17:09:49.652014,31-60,False,0.03339530289717836,115.58378847108918,0,0.04126755275813615
1818,296,2024-12-28T17:09:49.652014,0-30,False,0.0030180177721593985,10.445598557776023,0,0.036729545256384666
1819,296,2025-01-27T17:09:49.652014,61-90,False,0.06716357056833562,232.45843756636472,0,0.18104854418567629
1820,296,2025-02-26T17:09:49.652014,31-60,False,0.11302963293666296,391.20451233936683,0,0.4482484360883253
1821,296,2025-03-28T17:09:49.652014,61-90,False,0.0038653644672116405,13.378332585197285,0,0.18851442954221354
1822,296,2025-04-27T17:09:49.652014,0-30,False,0.0582583385724522,201.6367242713153,0,0.3319906173510993
1823,296,2025-05-27T17:09:49.652014,0-30,False,0.014958774093660155,51.77350197876211,0,0.033529219145573164
1824,296,2025-06-26T17:09:49.652014,0-30,False,0.08412062934835121,291.1481611228697,0,0.4659941671377669
1825,297,2025-01-24T17:09:49.652014,61-90,False,0.22060281337869259,964.6616820659542,1,0.6417353190195962
1826,297,2025-02-23T17:09:49.652014,0-30,False,0.4431469733185563,1937.812569734003,1,0.5811131747402096
1827,297,2025-03-25T17:09:49.652014,31-60,False,0.24022956347085778,1050.4863978409746,1,0.5925615041139
1828,297,2025-04-24T17:09:49.652014,61-90,True,0.42025003046986076,1837.6878112855507,1,0.6857334067423272
1829,297,2025-05-24T17:09:49.652014,0-30,False,0.2209876162723127,966.3443650786418,1,0.515476721127421
1830,297,2025-06-23T17:09:49.652014,61-90,True,0.37142608760549045,1624.1883271797662,1,0.6608181835997855
1831,297,2025-07-23T17:09:49.652014,0-30,False,0.45214084187705383,1977.1413536195778,1,0.42805808203296586
1832,297,2025-08-22T17:09:49.652014,0-30,False,0.33997570846289915,1486.6607264178328,1,0.5860897250150493
1833,297,2025-09-21T17:09:49.652014,61-90,False,0.27025771469033455,1181.794817806525,1,0.6402061860739697
1834,297,2025-10-21T17:09:49.652014,31-60,False,0.40388342954042045,1766.119219115361,1,0.515359497183014
1835,297,2025-11-20T17:09:49.652014,0-30,False,0.38942673298584546,1702.9023407725012,1,0.530535470478821
1836,298,2024-12-26T17:09:49.652014,91-180,False,0.15241600812893094,412.7720766622583,0,0.11927942986439038
1837,298,2025-01-25T17:09:49.652014,0-30,False,0.121188862358094,328.2029164651231,0,0.1519153554307059
1838,298,2025-02-24T17:09:49.652014,31-60,False,0.09241870617870929,250.2877600596591,0,0.050324688824717745
1839,298,2025-03-26T17:09:49.652014,0-30,False,0.17346945270041492,469.7888831207634,0,0.38055248851117346
1840,298,2025-04-25T17:09:49.652014,0-30,False,0.08443443748252813,228.6648136853892,0,0.3251722152054541
1841,298,2025-05-25T17:09:49.652014,0-30,False,0.001324610817866212,3.5873027037777714,0,0.07960600321109185
1842,298,2025-06-24T17:09:49.652014,91-180,False,0.010424940768835912,28.232759163941385,0,0.2440262840223828
1843,298,2025-07-24T17:09:49.652014,91-180,False,0.19381996486799502,524.9020124545721,0,0.4976141421433811
1844,298,2025-08-23T17:09:49.652014,0-30,False,0.14598599197353596,395.3583472645622,0,0.2264034239664754
1845,298,2025-09-22T17:09:49.652014,0-30,False,0.09871102002221646,267.32856492051104,0,0.19722464408981233
1846,299,2024-07-03T17:09:49.652014,0-30,False,0.06531703765359918,310.5716668562467,0,0.0647777630432314
1847,299,2024-08-02T17:09:49.652014,0-30,False,0.04975501160167464,236.57681736171793,0,0.19184188989788659
1848,299,2024-09-01T17:09:49.652014,0-30,False,0.18625687191015836,885.6204942935101,0,0.3203577546468247
1849,299,2024-10-01T17:09:49.652014,91-180,False,0.03798332397057838,180.6043975975284,0,0.15934116211006621
1850,299,2024-10-31T17:09:49.652014,0-30,False,0.06444496827191036,306.425121770694,0,0.04307050268096885
1851,299,2024-11-30T17:09:49.652014,31-60,False,0.03713355758973704,176.5638995771508,0,0.40426048588430086
1852,299,2024-12-30T17:09:49.652014,0-30,False,0.19745505500245036,938.8659952174627,0,0.46131713559916
1853,299,2025-01-29T17:09:49.652014,0-30,False,0.09021331948369796,428.94935243811267,0,0.48260942940410884
1854,300,2025-08-09T17:09:49.652014,0-30,False,0.038523259560139717,266.6615987430876,0,0.1509502294003126
1855,300,2025-09-08T17:09:49.652014,0-30,False,0.02276098499766728,157.55366284543385,0,0.24852871982285785
1856,300,2025-10-08T17:09:49.652014,0-30,False,0.10635950071603012,736.2303923990771,0,0.3456601558899693
1857,300,2025-11-07T17:09:49.652014,0-30,False,0.15412203059109242,1066.8470827291205,0,0.27703650396799534
1858,300,2025-12-07T17:09:49.652014,31-60,False,0.1623986200668646,1124.138407683182,0,0.3588308294888963
1859,300,2026-01-06T17:09:49.652014,31-60,False,0.07176797178775461,496.7846001087984,0,0.1975669180719195
1860,300,2026-02-05T17:09:49.652014,91-180,False,0.13507755961380927,935.0194768617982,0,0.20807454877195264
1861,300,2026-03-07T17:09:49.652014,31-60,False,0.0306931966482086,212.46117234627897,0,0.12480667679921426
1862,301,2025-05-24T17:09:49.652014,0-30,False,0.1775701432647454,1429.698198988931,0,0.18509008011292416
1863,301,2025-06-23T17:09:49.652014,180+,False,0.1038062694075631,835.7916127514789,0,0.1521502097443097
1864,301,2025-07-23T17:09:49.652014,61-90,False,0.06554072784834623,527.6982877999855,0,0.36606181727354903
1865,301,2025-08-22T17:09:49.652014,0-30,False,0.08202398205432121,660.4124841084475,0,0.007537818342351843
1866,301,2025-09-21T17:09:49.652014,0-30,False,0.08571374543184243,690.1204516673425,0,0.4053992577901734
1867,302,2025-05-22T17:09:49.652014,0-30,False,0.17722235869192934,724.2810295101499,0,0.25638160789649006
1868,302,2025-06-21T17:09:49.652014,0-30,False,0.02518878362741883,102.94275661621772,0,0.32732924084947856
1869,302,2025-07-21T17:09:49.652014,91-180,False,0.12130401299603266,495.7511911304913,0,0.2708343352937047
1870,302,2025-08-20T17:09:49.652014,61-90,False,0.08686815608590517,355.0170417882663,0,0.14231343950787279
1871,302,2025-09-19T17:09:49.652014,0-30,False,0.15230437211821693,622.4449795775271,0,0.039582887809616996
1872,302,2025-10-19T17:09:49.652014,31-60,False,0.16774288902140133,685.5398678257188,0,0.45925817348549547
1873,302,2025-11-18T17:09:49.652014,0-30,False,0.19683367741067287,804.4295289235599,0,0.37485792840486876
1874,302,2025-12-18T17:09:49.652014,0-30,False,0.1526811968979473,623.9850055732451,0,0.028223561337718917
1875,303,2025-09-19T17:09:49.652014,31-60,False,0.16596453888338536,143.41349129508836,0,0.3325916959642944
1876,303,2025-10-19T17:09:49.652014,31-60,False,0.02625302839868602,22.685800744279245,0,0.1499398356700346
1877,303,2025-11-18T17:09:49.652014,91-180,False,0.12231702076454146,105.69674166951108,0,0.4059047556342785
1878,303,2025-12-18T17:09:49.652014,180+,False,0.03229771221215021,27.909140713746616,0,0.43652226925433174
1879,303,2026-01-17T17:09:49.652014,0-30,False,0.1639969621671872,141.71326636656207,0,0.12977067365196937
1880,303,2026-02-16T17:09:49.652014,31-60,False,0.1867361539632383,161.36268609586782,0,0.4106460421306701
1881,303,2026-03-18T17:09:49.652014,0-30,False,0.1716202433419931,148.30070592297977,0,0.45290348511289563
1882,303,2026-04-17T17:09:49.652014,61-90,False,0.18661945123524404,161.26184078410466,0,0.16478512638660475
1883,303,2026-05-17T17:09:49.652014,0-30,False,0.09661956731788535,83.49102506900604,0,0.2571391596658841
1884,304,2025-12-26T17:09:49.652014,0-30,False,0.08529155530183868,783.1107022226805,0,0.2786941296347645
1885,304,2026-01-25T17:09:49.652014,0-30,False,0.1531225933693139,1405.906378365882,0,0.34740481663312733
1886,304,2026-02-24T17:09:49.652014,31-60,False,0.11441952851179182,1050.5513354019665,0,0.05935286985208377
1887,304,2026-03-26T17:09:49.652014,0-30,False,0.03255521015404233,298.9080618182775,0,0.041876610701670924
1888,304,2026-04-25T17:09:49.652014,31-60,False,0.0672097604278908,617.0913696982268,0,0.42819153915209895
1889,305,2025-03-07T17:09:49.652014,180+,True,0.7063955667409998,2228.753743956604,0,0.9224264110420344
1890,305,2025-04-06T17:09:49.652014,180+,True,0.721011116864727,2274.867371493264,0,0.8174831844109082
1891,305,2025-05-06T17:09:49.652014,180+,True,0.7230766813255347,2281.3844488110735,0,0.8107006815241431
1892,305,2025-06-05T17:09:49.652014,180+,True,0.7919947483823291,2498.8283389075705,0,0.7556648281124135
1893,305,2025-07-05T17:09:49.652014,180+,True,0.8327506882751272,2627.4176986109687,0,0.855113607329897
1894,306,2025-07-08T17:09:49.652014,61-90,False,0.18082060513783763,1584.6470053703438,0,0.04444087934505364
1895,306,2025-08-07T17:09:49.652014,0-30,False,0.14503978667865436,1271.0767306894086,0,0.08603517796216503
1896,306,2025-09-06T17:09:49.652014,0-30,False,0.0684234817953431,599.6388820917279,0,0.2622277426129111
1897,306,2025-10-06T17:09:49.652014,91-180,False,0.14868179522628133,1302.9939888698625,0,0.05998824033336281
1898,306,2025-11-05T17:09:49.652014,31-60,False,0.07815180711202155,684.8944400442718,0,0.16046016675887326
1899,306,2025-12-05T17:09:49.652014,31-60,False,0.08210548535959068,719.5430598209417,0,0.09751883583122067
1900,306,2026-01-04T17:09:49.652014,0-30,False,0.07818753192067894,685.2075194691151,0,0.05756854901111441
1901,306,2026-02-03T17:09:49.652014,0-30,False,0.08736990481082729,765.678545940216,0,0.19353987648404913
1902,307,2024-08-27T17:09:49.660986,0-30,False,0.1910299342305185,1346.294679254582,0,0.410915894892178
1903,307,2024-09-26T17:09:49.660986,0-30,False,0.1137398552758334,801.5883091508567,0,0.09346149091247913
1904,307,2024-10-26T17:09:49.660986,0-30,False,0.018941600354799727,133.49204079953873,0,0.3049859159841261
1905,308,2025-01-20T17:09:49.660986,61-90,False,0.4522805227150657,3860.0556907267164,1,0.45467883132194903
1906,308,2025-02-19T17:09:49.660986,0-30,True,0.3395153756585285,2897.6446963327676,1,0.4513282635323554
1907,308,2025-03-21T17:09:49.660986,0-30,True,0.2769951163418313,2364.0562028190534,1,0.6432020301717125
1908,308,2025-04-20T17:09:49.660986,61-90,True,0.4385949300271167,3743.253955337005,1,0.4480106098379609
1909,308,2025-05-20T17:09:49.660986,31-60,True,0.24116135001993994,2058.227570666947,1,0.46512719448286977
1910,308,2025-06-19T17:09:49.660986,61-90,True,0.38573937721719675,3292.1503433891326,1,0.6287030077628761
1911,308,2025-07-19T17:09:49.660986,31-60,False,0.3580915590344479,3056.1859085913693,1,0.6312386399040348
1912,308,2025-08-18T17:09:49.660986,31-60,False,0.4446531285824706,3794.9585559878683,1,0.6777710002979298
1913,309,2025-10-06T17:09:49.662088,0-30,False,0.13011785375614957,716.5128584667283,0,0.08381656148024447
1914,309,2025-11-05T17:09:49.662088,0-30,False,0.01514265690932497,83.38523940930439,0,0.24733350080720423
1915,309,2025-12-05T17:09:49.662088,0-30,False,0.053830422555414925,296.4250394871681,0,0.18968636842276348
1916,310,2026-01-23T17:09:49.662088,61-90,False,0.11991311473644611,309.2144136079324,0,0.20285437305984683
1917,310,2026-02-22T17:09:49.662088,0-30,False,0.09499008443610475,244.94654585559496,0,0.29076186625575695
1918,310,2026-03-24T17:09:49.662088,0-30,False,0.18133963281494425,467.6121402399709,0,0.4474977477176505
1919,310,2026-04-23T17:09:49.662088,31-60,False,0.16189723579614648,417.47692853678484,0,0.39477044413982915
1920,311,2024-10-08T17:09:49.662088,0-30,False,0.015603322373640417,74.27732260203517,0,0.38680989704808316
1921,311,2024-11-07T17:09:49.662088,0-30,False,0.14705335704205608,700.0258905870875,0,0.2404719011566266
1922,311,2024-12-07T17:09:49.662088,0-30,False,0.035617173209142663,169.55031763602665,0,0.2869407778119407
1923,312,2026-01-10T17:09:49.662088,61-90,False,0.05691674986280837,386.14867085718055,0,0.37797543531401384
1924,312,2026-02-09T17:09:49.662088,31-60,False,0.11038865046696825,748.9259446170774,0,0.26765193212392185
1925,312,2026-03-11T17:09:49.662088,0-30,False,0.00299496250417417,20.319164271353653,0,0.137028505257708
1926,313,2025-12-15T17:09:49.662088,180+,True,0.71008721808027,557.6870051780417,0,0.9598678933940696
1927,313,2026-01-14T17:09:49.662088,180+,True,0.676664601103679,531.4376111708103,0,0.7713331578379825
1928,313,2026-02-13T17:09:49.662088,180+,True,0.8098362175693778,636.0276926008903,0,0.9471912528402386
1929,313,2026-03-15T17:09:49.662088,180+,True,0.8879670426651849,697.3899376185783,0,0.7960250715822264
1930,313,2026-04-14T17:09:49.662088,180+,True,0.571459351741125,448.81170416655357,0,0.8252136664258164
1931,313,2026-05-14T17:09:49.662088,180+,True,0.9917824105990246,778.9242620794572,0,0.7476990955136088
1932,314,2024-08-13T17:09:49.662088,31-60,False,0.07119825235743452,77.55774264684405,0,0.45084895850105794
1933,314,2024-09-12T17:09:49.662088,31-60,False,0.08101016666643868,88.24606573980785,0,0.17796620011757458
1934,314,2024-10-12T17:09:49.662088,91-180,False,0.0784611691472315,85.46938952857678,0,0.060041633396772265
1935,315,2025-12-05T17:09:49.666552,0-30,False,0.08462632282558787,266.28944936617705,0,0.042646318737585565
1936,315,2026-01-04T17:09:49.666552,0-30,False,0.19081428966195435,600.4258536673227,0,0.4691963505786449
1937,315,2026-02-03T17:09:49.666552,0-30,False,0.08577084443558741,269.89085870476544,0,0.4423007802723176
1938,315,2026-03-05T17:09:49.666552,0-30,False,0.1422962702101424,447.7566101886968,0,0.19741221341286552
1939,315,2026-04-04T17:09:49.666552,0-30,False,0.08233551949959475,259.0810922508367,0,0.35586986481443744
1940,315,2026-05-04T17:09:49.666552,61-90,False,0.052851672839653335,166.30573548089004,0,0.08274651266111621
1941,316,2024-12-06T17:09:49.666552,0-30,False,0.14081321207535943,509.08971085704445,0,0.44696053437782085
1942,316,2025-01-05T17:09:49.666552,0-30,False,0.15978436656818829,577.6771637887327,0,0.3181202565950587
1943,316,2025-02-04T17:09:49.666552,31-60,False,0.1273540831630821,460.4301856224948,0,0.36308665920201016
1944,316,2025-03-06T17:09:49.666552,91-180,False,0.07078585750950797,255.91598402710733,0,0.10972100910372895
1945,316,2025-04-05T17:09:49.666552,31-60,False,0.06303331192692795,227.8877817663029,0,0.41198444579695814
1946,317,2026-02-10T17:09:49.666552,0-30,False,0.007316375852017188,33.21519093695779,0,0.21349913476929672
1947,317,2026-03-12T17:09:49.666552,31-60,False,0.1614876428392649,733.1283957188408,0,0.15351098248060457
1948,317,2026-04-11T17:09:49.666552,0-30,False,0.16908533236998333,767.6207063309262,0,0.315351473985588
1949,318,2025-08-13T17:09:49.668579,31-60,False,0.0744021921932247,220.1369159865865,0,0.2189264170138649
1950,318,2025-09-12T17:09:49.668579,91-180,False,0.010832735607135092,32.05127346328323,0,0.18725072641321794
1951,318,2025-10-12T17:09:49.668579,31-60,False,0.1525740812490134,451.42739367702717,0,0.3020618356579858
1952,318,2025-11-11T17:09:49.668579,0-30,False,0.08807503000502954,260.59132008342704,0,0.3090082380392113
1953,318,2025-12-11T17:09:49.668579,61-90,False,0.04136223294639274,122.3801897596082,0,0.2065094135355361
1954,318,2026-01-10T17:09:49.668579,0-30,False,0.10494592856499725,310.50796191124715,0,0.1817457293289868
1955,318,2026-02-09T17:09:49.668579,0-30,False,0.17508292399725675,518.0252596667412,0,0.07028601381768379
1956,318,2026-03-11T17:09:49.668579,91-180,False,0.06632674625238293,196.24375219355528,0,0.41070872794793756
1957,318,2026-04-10T17:09:49.668579,0-30,False,0.12546997943108526,371.23334012965773,0,0.46096817123454675
1958,318,2026-05-10T17:09:49.668579,0-30,False,0.061359828878923356,181.5479234777294,0,0.20117179933667584
1959,319,2025-11-23T17:09:49.668579,0-30,False,0.17629027811465006,923.2827153569789,0,0.18838344284845937
1960,319,2025-12-23T17:09:49.668579,0-30,False,0.10792743549958475,565.2469142102448,0,0.38126195728713286
1961,319,2026-01-22T17:09:49.668579,91-180,False,0.04866865867152397,254.89171502584662,0,0.06834031127815815
1962,319,2026-02-21T17:09:49.668579,61-90,False,0.13278167226896526,695.415675970522,0,0.05429897460088262
1963,319,2026-03-23T17:09:49.668579,0-30,False,0.15560152889529347,814.9298058212388,0,0.0745784867145563
1964,319,2026-04-22T17:09:49.668579,31-60,False,0.16973129353536054,888.9314331585776,0,0.4399709726224886
1965,320,2024-12-13T17:09:49.668579,31-60,False,0.1277966616308843,88.26588238232716,0,0.03793434792096417
1966,320,2025-01-12T17:09:49.668579,0-30,False,0.12157231390335557,83.96688476053025,0,0.2793360637552291
1967,320,2025-02-11T17:09:49.668579,61-90,False,0.13838676952550164,95.58019878084372,0,0.2349231120947038
1968,320,2025-03-13T17:09:49.668579,0-30,False,0.14002870918569416,96.7142444677649,0,0.4183400645642457
1969,320,2025-04-12T17:09:49.668579,91-180,False,0.05976389135445637,41.277389703956096,0,0.22161679612914342
1970,320,2025-05-12T17:09:49.668579,91-180,False,0.18048934368244132,124.6593688554363,0,0.08236338593039755
1971,320,2025-06-11T17:09:49.668579,91-180,False,0.11695695444036106,80.77917414028363,0,0.010060695865630298
1972,320,2025-07-11T17:09:49.668579,0-30,False,0.18248828263375613,126.03998481296274,0,0.4834010867597521
1973,320,2025-08-10T17:09:49.668579,0-30,False,0.046301632553828576,31.9793522064766,0,0.42348874503366135
1974,321,2024-08-08T17:09:49.668579,0-30,False,0.08599020821881598,315.5336707488317,0,0.21726147115408617
1975,321,2024-09-07T17:09:49.668579,31-60,False,0.11564116270398239,424.3352971631271,0,0.37411038573542466
1976,321,2024-10-07T17:09:49.668579,0-30,False,0.062107942787857855,227.8997525002278,0,0.2133035813315809
1977,321,2024-11-06T17:09:49.668579,61-90,False,0.02577010965249711,94.56120019573405,0,0.09905706987323004
1978,321,2024-12-06T17:09:49.668579,0-30,False,0.16253245502849095,596.3988599778426,0,0.09435393598129199
1979,321,2025-01-05T17:09:49.668579,0-30,False,0.05491937027398082,201.52190414130905,0,0.4521700562125876
1980,321,2025-02-04T17:09:49.668579,0-30,False,0.026838525449557005,98.48166004012107,0,0.4814761416935118
1981,322,2025-08-25T17:09:49.668579,180+,False,0.04631966503974097,317.32070519766296,0,0.23761497447475305
1982,322,2025-09-24T17:09:49.668579,0-30,False,0.0730801515699655,500.64794752374206,0,0.3811572665252043
1983,322,2025-10-24T17:09:49.668579,0-30,False,0.05702792429301238,390.67944764047064,0,0.048691790177044836
1984,322,2025-11-23T17:09:49.668579,0-30,False,0.10299465297628306,705.5823025918298,0,0.3116922570774017
1985,323,2025-07-22T17:09:49.668579,0-30,False,0.19150387927477747,1702.8877596757204,0,0.37670877311844275
1986,323,2025-08-21T17:09:49.668579,31-60,False,0.012940868347141966,115.07258438511144,0,0.07999229721704715
1987,323,2025-09-20T17:09:49.668579,0-30,False,0.09065740966047352,806.1423811327497,0,0.0796915232203505
1988,323,2025-10-20T17:09:49.668579,0-30,False,0.11941586401042326,1061.867853040579,0,0.479984563108427
1989,324,2025-10-11T17:09:49.673505,0-30,False,0.10807313008337632,387.90144895570563,0,0.24256458987167012
1990,324,2025-11-10T17:09:49.673505,180+,False,0.10096724344619626,362.39664752587163,0,0.4797644201980718
1991,324,2025-12-10T17:09:49.673505,31-60,False,0.10373606789240591,372.3346498189496,0,0.20108946699315394
1992,324,2026-01-09T17:09:49.673505,0-30,False,0.0931476295021321,334.33010057903437,0,0.36787833824101596
1993,324,2026-02-08T17:09:49.673505,31-60,False,0.1640229896487486,588.7194652149985,0,0.0406346440103606
1994,324,2026-03-10T17:09:49.673505,91-180,False,0.19645697629578396,705.1331418253538,0,0.08888865369013421
1995,324,2026-04-09T17:09:49.673505,0-30,False,0.1590920634066641,571.0211397151943,0,0.28806367512005854
1996,324,2026-05-09T17:09:49.673505,61-90,False,0.161986295513309,581.4092614149689,0,0.23346042387866317
1997,325,2025-05-25T17:09:49.673505,0-30,False,0.1524228394181505,16.71173223612322,0,0.017456915996946265
1998,325,2025-06-24T17:09:49.673505,31-60,False,0.15329907781509639,16.807803543551085,0,0.3274386363940341
1999,325,2025-07-24T17:09:49.673505,31-60,False,0.04438631913721689,4.866542856699665,0,0.2646457733126397
2000,325,2025-08-23T17:09:49.673505,31-60,False,0.03282481141994769,3.5989321629582696,0,0.20347963271088765
2001,325,2025-09-22T17:09:49.673505,0-30,False,0.14624157797079096,16.03401499516331,0,0.38321494226548225
2002,325,2025-10-22T17:09:49.673505,91-180,False,0.05789073136776564,6.347174775542426,0,0.4304323164387324
2003,326,2024-09-05T17:09:49.673505,0-30,False,0.04553402008354923,335.7120646986033,0,0.2606490714861706
2004,326,2024-10-05T17:09:49.673505,0-30,False,0.05815590708247398,428.77039201138024,0,0.2537710228454421
2005,326,2024-11-04T17:09:49.673505,0-30,False,0.07835785682174151,577.7148130280777,0,0.09258034340958066
2006,326,2024-12-04T17:09:49.673505,0-30,False,0.1198795896530692,883.8451883626483,0,0.08370917138315892
2007,327,2025-12-22T17:09:49.673505,0-30,False,0.08267356624497856,78.80882301549819,0,0.1257692768810741
2008,327,2026-01-21T17:09:49.673505,91-180,False,0.06630591998191356,63.206315513839314,0,0.07215539406677018
2009,327,2026-02-20T17:09:49.673505,0-30,False,0.07565469333115299,72.11806152596887,0,0.310562714544861
2010,327,2026-03-22T17:09:49.673505,61-90,False,0.11694899397443803,111.48197648401131,0,0.0865570092968383
2011,327,2026-04-21T17:09:49.673505,0-30,False,0.024937958865216527,23.772183490342584,0,0.22942021938030543
2012,328,2025-04-16T17:09:49.673505,0-30,False,0.11448556191244846,886.3592528255477,0,0.2870679067301962
2013,328,2025-05-16T17:09:49.673505,31-60,False,0.17712609505799007,1371.328843994922,0,0.12348577611443057
2014,328,2025-06-15T17:09:49.673505,0-30,False,0.07388000639321855,571.986774328087,0,0.08194255586106752
2015,328,2025-07-15T17:09:49.673505,0-30,False,0.13910397097747051,1076.9575632161088,0,0.4126396903337171
2016,328,2025-08-14T17:09:49.673505,31-60,False,0.1103161231162208,854.0790194547025,0,0.3224898272622481
2017,329,2024-09-02T17:09:49.673505,0-30,False,0.11243510081417663,81.34593467000974,0,0.014259249919572836
2018,329,2024-10-02T17:09:49.673505,0-30,False,0.08247329449697272,59.66879717801893,0,0.00619378126249881
2019,329,2024-11-01T17:09:49.673505,0-30,False,0.17746673795726803,128.3958262805368,0,0.2502031581200496
2020,329,2024-12-01T17:09:49.673505,0-30,False,0.10065801416836713,72.82530264357169,0,0.35686987506668294
2021,329,2024-12-31T17:09:49.673505,0-30,False,0.06823987934099245,49.37103027937877,0,0.0340767158891066
2022,329,2025-01-30T17:09:49.673505,31-60,False,0.07438738518801045,53.818703696255156,0,0.4639198680640982
2023,329,2025-03-01T17:09:49.673505,180+,False,0.16734101323134032,121.06994196080697,0,0.08389078027390989
2024,329,2025-03-31T17:09:49.673505,0-30,False,0.11417633694741192,82.6057056820295,0,0.16831999232718392
2025,329,2025-04-30T17:09:49.673505,0-30,False,0.1307167113299407,94.57253991969702,0,0.1575948346007665
2026,330,2025-04-21T17:09:49.677139,0-30,False,0.010522763943300206,29.076339480383453,0,0.09389302593837551
2027,330,2025-05-21T17:09:49.677139,31-60,False,0.062288802074521504,172.1154598453516,0,0.33528313220356565
2028,330,2025-06-20T17:09:49.677139,31-60,False,0.09448607959348279,261.0824818682582,0,0.06472763759110145
2029,330,2025-07-20T17:09:49.677139,0-30,False,0.18896230183327528,522.1377260484126,0,0.26141689242928495
2030,330,2025-08-19T17:09:49.677139,0-30,False,0.046215440475957964,127.70179429616338,0,0.21568670886605223
2031,330,2025-09-18T17:09:49.677139,61-90,False,0.015996692465269313,44.2018145792965,0,0.15115422655835942
2032,330,2025-10-18T17:09:49.677139,0-30,False,0.03152457403538278,87.10821810375006,0,0.1167432417803193
2033,330,2025-11-17T17:09:49.677139,31-60,False,0.1550513383711619,428.43547338512116,0,0.42772793723458913
2034,330,2025-12-17T17:09:49.677139,31-60,False,0.0850357490571643,234.96947388324273,0,0.3495031082093369
2035,331,2025-10-16T17:09:49.677139,0-30,False,0.17778464430274435,76.20785834022875,0,0.07532972326225074
2036,331,2025-11-15T17:09:49.677139,0-30,False,0.15659851589677634,67.12636832363016,0,0.05423619606026325
2037,331,2025-12-15T17:09:49.677139,0-30,False,0.04596279455887702,19.702073541847888,0,0.04314573455492876
2038,331,2026-01-14T17:09:49.677139,31-60,False,0.13552581987371806,58.0935013981983,0,0.32509595615560555
2039,331,2026-02-13T17:09:49.677139,180+,False,0.14049638645090617,60.22414791759052,0,0.2547600671800889
2040,331,2026-03-15T17:09:49.677139,61-90,False,0.10774713220404289,46.18609340404575,0,0.13745843172726085
2041,331,2026-04-14T17:09:49.677139,0-30,False,0.15200226395461536,65.15617276327716,0,0.4140436657411232
2042,332,2026-03-23T17:09:49.677139,0-30,False,0.10591816774429026,1054.792956402013,0,0.3946149153317499
2043,332,2026-04-22T17:09:49.677139,0-30,False,0.18326580145329854,1825.0643930038127,0,0.33870737559130304
2044,333,2025-09-20T17:09:49.677139,180+,True,0.6767192845857223,1884.4041960809582,0,0.8304456090611839
2045,333,2025-10-20T17:09:49.677139,180+,True,0.5955215211310287,1658.299502965727,0,0.9677852435007704
2046,333,2025-11-19T17:09:49.677139,180+,True,0.8917782543417943,2483.2611139258265,0,0.7919966435024894
2047,333,2025-12-19T17:09:49.677139,180+,True,0.700548395819994,1950.7591503752353,0,0.8168481675990047
2048,333,2026-01-18T17:09:49.677139,180+,True,0.6907777207423791,1923.5515599693072,0,0.9613629316423463
2049,333,2026-02-17T17:09:49.677139,180+,True,0.8687825858075113,2419.2269785542926,0,0.9314430862789312
2050,333,2026-03-19T17:09:49.677139,180+,True,0.9611352144748413,2676.393701808473,0,0.9179682875523241
2051,333,2026-04-18T17:09:49.677139,180+,True,0.7072786196104178,1969.5002476664151,0,0.9784101807563783
2052,333,2026-05-18T17:09:49.677139,180+,True,0.8822927510114312,2456.847617687695,0,0.842501326885465
2053,334,2025-10-24T17:09:49.677139,180+,True,0.771518941858739,4284.641678139979,0,0.7978186590505818
2054,334,2025-11-23T17:09:49.677139,180+,True,0.6093319152914694,3383.933664400824,0,0.9196130498555117
2055,334,2025-12-23T17:09:49.677139,180+,True,0.8925858608048711,4956.9885754318,0,0.7049538102324175
2056,334,2026-01-22T17:09:49.677139,180+,True,0.57982739044579,3220.079856038125,0,0.7879602324220143
2057,335,2025-02-10T17:09:49.677139,0-30,False,0.14139971707357546,1157.3373301047436,0,0.18650314170940718
2058,335,2025-03-12T17:09:49.677139,0-30,False,0.15526804600980254,1270.8477042147274,0,0.48389924025741127
2059,335,2025-04-11T17:09:49.677139,0-30,False,0.10121272748789523,828.4123209561221,0,0.4208313470450126
2060,336,2025-11-29T17:09:49.677139,0-30,False,0.030311381492301503,93.14902471977237,0,0.025071922410829617
2061,336,2025-12-29T17:09:49.677139,31-60,False,0.023689241499710325,72.79871894356302,0,0.20028611561498877
2062,336,2026-01-28T17:09:49.677139,0-30,False,0.04767726233171559,146.51560796184754,0,0.31352008640042084
2063,336,2026-02-27T17:09:49.677139,61-90,False,0.14578530253584798,448.0085723951642,0,0.29148952160048913
2064,336,2026-03-29T17:09:49.677139,61-90,False,0.0427348284486921,131.3271581690684,0,0.23846641001302932
2065,336,2026-04-28T17:09:49.677139,0-30,False,0.10101478705985552,310.4256036397033,0,0.12751835888037805
2066,337,2024-09-05T17:09:49.683263,180+,False,0.09187029349514211,615.5773231914178,0,0.10924858944452187
2067,337,2024-10-05T17:09:49.683263,31-60,False,0.16202498014735567,1085.6491230707322,0,0.4386312819604441
2068,337,2024-11-04T17:09:49.683263,0-30,False,0.1028476616262106,689.1312287328999,0,0.30492526432215605
2069,337,2024-12-04T17:09:49.683263,91-180,False,0.14133976125042844,947.047718919647,0,0.42042959040157407
2070,337,2025-01-03T17:09:49.683263,31-60,False,0.1133945950239579,759.8010043683371,0,0.3357513055459747
2071,337,2025-02-02T17:09:49.683263,31-60,False,0.14358648273235974,962.1018865203749,0,0.4450245094595268
2072,337,2025-03-04T17:09:49.683263,0-30,False,0.08708525913543393,583.5151785038767,0,0.20513298980046518
2073,337,2025-04-03T17:09:49.683263,91-180,False,0.02125807798163093,142.43984907720736,0,0.49924623461892653
2074,338,2024-10-29T17:09:49.683263,0-30,False,0.19411271514846506,1099.9684184225073,0,0.13226744631825355
2075,338,2024-11-28T17:09:49.683263,0-30,False,0.10611173757745565,601.2978596990224,0,0.1939617065049024
2076,338,2024-12-28T17:09:49.683263,0-30,False,0.050405781344742474,285.63181728059783,0,0.2752756698221395
2077,338,2025-01-27T17:09:49.683263,61-90,False,0.1097081712865454,621.6775833864849,0,0.15965564374956798
2078,338,2025-02-26T17:09:49.683263,61-90,False,0.06036318953636302,342.0569439486114,0,0.17504332128066524
2079,338,2025-03-28T17:09:49.683263,31-60,False,0.10270193920092899,581.9757327353199,0,0.3368750073284997
2080,338,2025-04-27T17:09:49.683263,0-30,False,0.19290543140168764,1093.1271664596245,0,0.45587174260656715
2081,338,2025-05-27T17:09:49.683263,0-30,False,0.1253843094647968,710.5087395820776,0,0.005853729373442251
2082,339,2024-10-10T17:09:49.683263,91-180,False,0.055009829956083146,260.98677515234806,0,0.18743299787766637
2083,339,2024-11-09T17:09:49.683263,61-90,False,0.1481479975231472,702.8683446160805,0,0.49027613901447264
2084,339,2024-12-09T17:09:49.683263,31-60,False,0.03079150846921315,146.08619048398805,0,0.11033852426111163
2085,339,2025-01-08T17:09:49.683263,31-60,False,0.06614329118068321,313.807991716948,0,0.30094988156479674
2086,339,2025-02-07T17:09:49.683263,0-30,False,0.12026587298774266,570.5853367845558,0,0.4970482955380388
2087,339,2025-03-09T17:09:49.683263,0-30,False,0.17996524778215098,853.8210297260323,0,0.3604450129103232
2088,339,2025-04-08T17:09:49.683263,91-180,False,0.09248391101637841,438.7775368313454,0,0.2814713930022241
2089,340,2025-05-17T17:09:49.683263,180+,True,0.6629802071293196,2114.743024545756,0,0.8279244040746438
2090,340,2025-06-16T17:09:49.683263,180+,True,0.5310748310644834,1693.9974714605091,0,0.8374645809264103
2091,340,2025-07-16T17:09:49.683263,180+,True,0.7427869831181002,2369.3069180359266,0,0.7337489796090261
2092,340,2025-08-15T17:09:49.683263,180+,True,0.5480625063949167,1748.183957756735,0,0.9771995085782074
2093,341,2025-08-24T17:09:49.683263,180+,True,0.6947450635579853,2767.3270910529295,0,0.7382844898226572
2094,341,2025-09-23T17:09:49.683263,180+,True,0.8944969671263604,3562.9842079286086,0,0.8530540726545439
2095,341,2025-10-23T17:09:49.683263,180+,True,0.5059459028631504,2015.2972320955148,0,0.7605815443622106
2096,341,2025-11-22T17:09:49.683263,180+,True,0.7341650163470902,2924.345699753289,0,0.9117945053050159
2097,341,2025-12-22T17:09:49.683263,180+,True,0.9141518677109157,3641.274132841551,0,0.8111303994415852
2098,341,2026-01-21T17:09:49.683263,180+,True,0.6919585794544533,2756.227893155788,0,0.7718150549717592
2099,342,2026-02-24T17:09:49.683263,0-30,False,0.026253525397028146,195.47718745134594,0,0.22846432888392254
2100,342,2026-03-26T17:09:49.683263,0-30,False,0.14344247796883244,1068.0368343054251,0,0.040118070810314044
2101,342,2026-04-25T17:09:49.683263,0-30,False,0.04488237215446731,334.1829237110007,0,0.3722719992226544
2102,343,2026-02-25T17:09:49.683263,61-90,False,0.03332474763507372,315.6268469416801,0,0.4355114175010789
2103,343,2026-03-27T17:09:49.683263,0-30,False,0.11658250713462258,1104.1814791338165,0,0.03475985067161874
2104,343,2026-04-26T17:09:49.683263,61-90,False,0.16245851277264808,1538.6843647481428,0,0.46787979607637964
2105,344,2025-07-11T17:09:49.683263,0-30,False,0.17745974578778426,181.06639657942296,0,0.35168076435872697
2106,344,2025-08-10T17:09:49.683263,31-60,False,0.11010992602368995,112.34777466985857,0,0.3499937181810442
2107,344,2025-09-09T17:09:49.683263,0-30,False,0.14035178836995144,143.20426562548482,0,0.4089640661575119
2108,344,2025-10-09T17:09:49.683263,0-30,False,0.08039407182967934,82.02798233439917,0,0.21676931406343491
2109,344,2025-11-08T17:09:49.683263,0-30,False,0.12831934484948312,130.92727750840507,0,0.4305977847828777
2110,344,2025-12-08T17:09:49.683263,0-30,False,0.0529741169862116,54.05075067638469,0,0.3811203985317755
2111,344,2026-01-07T17:09:49.683263,0-30,False,0.11140476406959286,113.66892870445271,0,0.3453814999012213
2112,344,2026-02-06T17:09:49.683263,31-60,False,0.07504184168184064,76.56697470007167,0,0.4390202917418529
2113,344,2026-03-08T17:09:49.683263,0-30,False,0.05028663028357094,51.30864411615003,0,0.3854283644482056
2114,345,2024-12-05T17:09:49.683263,31-60,False,0.09468643243168598,352.3013710156572,0,0.4343272722951102
2115,345,2025-01-04T17:09:49.683263,0-30,False,0.005366185111747646,19.966053461317856,0,0.32209660655933653
2116,345,2025-02-03T17:09:49.683263,91-180,False,0.02008622952597172,74.73516552268954,0,0.402597473585856
2117,345,2025-03-05T17:09:49.683263,91-180,False,0.16205944341034884,602.9772442920162,0,0.2127642521226923
2118,345,2025-04-04T17:09:49.683263,0-30,False,0.0645877563228067,240.31273033511647,0,0.20155264563816483
2119,345,2025-05-04T17:09:49.683263,0-30,False,0.18612078319396266,692.5026681203622,0,0.4061912109946377
2120,345,2025-06-03T17:09:49.683263,61-90,False,0.08534357996474283,317.53926573013143,0,0.1821238496642707
2121,345,2025-07-03T17:09:49.683263,31-60,False,0.06308664105864181,234.72750601061392,0,0.2664697566955849
2122,346,2026-03-25T17:09:49.683263,61-90,False,0.11081446700641012,789.7689275530075,0,0.171032857798176
2123,346,2026-04-24T17:09:49.683263,31-60,False,0.1454220948862861,1036.4156867190484,0,0.35803434598059414
2124,347,2024-06-07T17:09:49.683263,0-30,False,0.08828805000549633,356.8071026945842,0,0.38015872870397077
2125,347,2024-07-07T17:09:49.683263,0-30,False,0.14593875599409298,589.7965205241534,0,0.48368703451523976
2126,347,2024-08-06T17:09:49.683263,0-30,False,0.18566263682879436,750.336512375059,0,0.3712192264198707
2127,347,2024-09-05T17:09:49.683263,91-180,False,0.12012688931067948,485.4805075883792,0,0.10729276053798559
2128,347,2024-10-05T17:09:49.683263,31-60,False,0.11107031501253657,448.87929105389424,0,0.004108486825988078
2129,347,2024-11-04T17:09:49.683263,0-30,False,0.118892208031527,480.49066977977185,0,0.32791235354650655
2130,347,2024-12-04T17:09:49.683263,61-90,False,0.13220715149047757,534.301648704265,0,0.29607399611166785
2131,347,2025-01-03T17:09:49.683263,0-30,False,0.08072673062960684,326.24880563295926,0,0.13768423361784216
2132,347,2025-02-02T17:09:49.683263,0-30,False,0.19450287498145793,786.0634285566447,0,0.32707548298899725
2133,347,2025-03-04T17:09:49.683263,0-30,False,0.19267903521778285,778.6925671341127,0,0.4938489537739973
2134,347,2025-04-03T17:09:49.683263,31-60,False,0.15183721606420097,613.6345421799031,0,0.37206258227708877
2135,348,2025-08-15T17:09:49.683263,0-30,False,0.0695393173422181,301.27537275650377,0,0.4187539548760328
2136,348,2025-09-14T17:09:49.683263,0-30,False,0.164646540365684,713.3223292605588,0,0.32939338029336557
2137,348,2025-10-14T17:09:49.683263,61-90,False,0.11971583096723798,518.6624341164229,0,0.23142948125464363
2138,348,2025-11-13T17:09:49.683263,61-90,False,0.012959323938474833,56.14557777468903,0,0.23332914043559128
2139,348,2025-12-13T17:09:49.683263,0-30,False,0.06919950464358049,299.8031524160938,0,0.023601904571346866
2140,348,2026-01-12T17:09:49.683263,0-30,False,0.16475689700701449,713.8004435061932,0,0.20390786867847893
2141,349,2025-11-27T17:09:49.683263,0-30,False,0.09108791919577744,290.1334190724026,0,0.37408912443141895
2142,349,2025-12-27T17:09:49.683263,61-90,False,0.16328736245436815,520.1032275023871,0,0.23089727889700762
2143,349,2026-01-26T17:09:49.683263,31-60,False,0.05592321003744976,178.12671841582207,0,0.3528768365892822
2144,349,2026-02-25T17:09:49.683263,0-30,False,0.11548655299703355,367.8479953625818,0,0.2630653530735622
2145,349,2026-03-27T17:09:49.683263,0-30,False,0.1995401693220648,635.5757391193163,0,0.4574853686921408
2146,349,2026-04-26T17:09:49.683263,0-30,False,0.19590165066730833,623.9863223559992,0,0.2496339682689659
2147,350,2025-11-22T17:09:49.692908,0-30,False,0.1804076574506054,1358.5382728980196,0,0.348282112094117
2148,350,2025-12-22T17:09:49.692908,31-60,False,0.1380748986988113,1039.756499583231,0,0.13942615331212121
2149,350,2026-01-21T17:09:49.692908,31-60,False,0.19578865258423522,1474.3630159248803,0,0.28503874198436163
2150,350,2026-02-20T17:09:49.692908,61-90,False,0.024795619739863994,186.7204468638137,0,0.001462270919450337
2151,350,2026-03-22T17:09:49.692908,61-90,False,0.07966602920481983,599.9154983440307,0,0.2602160099609962
2152,350,2026-04-21T17:09:49.692908,0-30,False,0.020826810740298088,156.83380568724047,0,0.2904725297305942
2153,351,2024-08-20T17:09:49.692908,0-30,False,0.039076990456453235,192.9451959640782,0,0.415630502889347
2154,351,2024-09-19T17:09:49.692908,0-30,False,0.05159354407594026,254.74649802693955,0,0.13222167591523404
2155,351,2024-10-19T17:09:49.692908,0-30,False,0.09510408337481664,469.5826313489221,0,0.04026462231341127
2156,351,2024-11-18T17:09:49.692908,0-30,False,0.06024818370944005,297.4793472197394,0,0.2801010269117395
2157,351,2024-12-18T17:09:49.692908,0-30,False,0.11638941371383707,574.6803419312942,0,0.4356337607910954
2158,351,2025-01-17T17:09:49.692908,61-90,False,0.19956304272784317,985.3555746372142,0,0.15692649651900797
2159,351,2025-02-16T17:09:49.692908,91-180,False,0.014217509187861377,70.19988142203462,0,0.08531501971650368
2160,351,2025-03-18T17:09:49.692908,91-180,False,0.13023630129179284,643.0502549162392,0,0.40253929792814136
2161,351,2025-04-17T17:09:49.692908,0-30,False,0.16390023465093811,809.2681274553286,0,0.16351987868314444
2162,351,2025-05-17T17:09:49.692908,0-30,False,0.15952768351017843,787.6783702385594,0,0.04893542316398014
2163,352,2025-09-16T17:09:49.692908,61-90,False,0.19421904258122835,656.3085786276895,0,0.08009344469620683
2164,352,2025-10-16T17:09:49.692908,0-30,False,0.143367653947752,484.4706262223634,0,0.23068635752302896
2165,352,2025-11-15T17:09:49.692908,0-30,False,0.07869359309676463,265.9228443618904,0,0.14124499807317847
2166,352,2025-12-15T17:09:49.692908,0-30,False,0.053539615129741015,180.9220570705772,0,0.18799295008847383
2167,352,2026-01-14T17:09:49.692908,0-30,False,0.10342585676674017,349.4985669056681,0,0.4172917251593282
2168,352,2026-02-13T17:09:49.692908,0-30,False,0.15176412204514753,512.8441264170709,0,0.10312472875218082
2169,352,2026-03-15T17:09:49.692908,0-30,False,0.05857654414611966,197.94294070512328,0,0.3126459302767093
2170,352,2026-04-14T17:09:49.692908,31-60,False,0.12067099905212189,407.77367047496693,0,0.45808013927661495
2171,352,2026-05-14T17:09:49.692908,31-60,False,0.17542606186860832,592.8029908348818,0,0.028171671799253895
2172,353,2026-01-01T17:09:49.694918,0-30,False,0.03652272403666932,262.25805217385863,0,0.2897762659889357
2173,353,2026-01-31T17:09:49.694918,0-30,False,0.17106161557809393,1228.3389940515376,0,0.3245607536024436
2174,353,2026-03-02T17:09:49.694918,0-30,False,0.06189634345583777,444.45793405536244,0,0.38606958477221043
2175,354,2024-07-02T17:09:49.694918,180+,False,0.07705310967778428,261.97796034803866,0,0.2886668245308278
2176,354,2024-08-01T17:09:49.694918,91-180,False,0.16176263228949822,549.987465073728,0,0.40778486517927354
2177,354,2024-08-31T17:09:49.694918,0-30,False,0.06399170789275786,217.56963713776832,0,0.153353067620088
2178,354,2024-09-30T17:09:49.694918,0-30,False,0.027010110668727206,91.83346047107165,0,0.42663920938301464
2179,354,2024-10-30T17:09:49.694918,0-30,False,0.05071106338974383,172.41589611996577,0,0.2672124045726116
2180,354,2024-11-29T17:09:49.694918,0-30,False,0.1487011762731851,505.5789574789217,0,0.15595927913224383
2181,355,2024-11-30T17:09:49.694918,0-30,False,0.14148612448684564,54.49897997208508,0,0.08659828665720304
2182,355,2024-12-30T17:09:49.694918,0-30,False,0.035452970098091806,13.656114437613804,0,0.4660411847916303
2183,355,2025-01-29T17:09:49.694918,0-30,False,0.12605124216850422,48.553624232151826,0,0.186449991305483
2184,355,2025-02-28T17:09:49.694918,0-30,False,0.11036674527305057,42.51211955967752,0,0.020019405515274147
2185,355,2025-03-30T17:09:49.694918,0-30,False,0.18419151642775067,70.94865168744691,0,0.020684530488336295
2186,355,2025-04-29T17:09:49.694918,91-180,False,0.1461452069382288,56.29360995525231,0,0.0963667946739789
2187,355,2025-05-29T17:09:49.694918,0-30,False,0.08456218820402002,32.572473223372846,0,0.12958107906417826
2188,356,2026-03-28T17:09:49.696927,0-30,False,0.008914351991976566,82.29995424861109,0,0.0539414610906081
2189,356,2026-04-27T17:09:49.696927,31-60,False,0.13308877572702302,1228.7152406811142,0,0.3788416549566698
2190,357,2024-06-09T17:09:49.696927,0-30,False,0.027135313614718482,17.727235854328832,0,0.1736227170200046
2191,357,2024-07-09T17:09:49.696927,0-30,False,0.18158298939981676,118.62639680267573,0,0.15730891347905773
2192,357,2024-08-08T17:09:49.696927,0-30,False,0.08597748332215811,56.16825169792064,0,0.18841213048101763
2193,357,2024-09-07T17:09:49.696927,0-30,False,0.08943618746601388,58.42778939772517,0,0.3642600443179957
2194,357,2024-10-07T17:09:49.696927,61-90,False,0.14790878889779777,96.62736988958869,0,0.4344289707121051
2195,357,2024-11-06T17:09:49.696927,0-30,False,0.018215475797381076,11.899992763814716,0,0.20064866038967
2196,357,2024-12-06T17:09:49.696927,61-90,False,0.06969902492379927,45.533693517761535,0,0.24079563495131456
2197,357,2025-01-05T17:09:49.696927,0-30,False,0.08056468913364381,52.632126021499964,0,0.25676425903895805
2198,357,2025-02-04T17:09:49.696927,31-60,False,0.009855613922215345,6.438576497363649,0,0.07004921047267143
2199,358,2025-10-07T17:09:49.696927,0-30,False,0.06336464671755748,515.474389736887,0,0.030065604985019534
2200,358,2025-11-06T17:09:49.696927,180+,False,0.007494665570822879,60.96945791589984,0,0.3016360510239823
2201,358,2025-12-06T17:09:49.696927,61-90,False,0.13121359359231474,1067.4287727614046,0,0.4345901909999414
2202,359,2025-04-16T17:09:49.698936,0-30,False,0.024055597632981,41.79519630834201,0,0.04650166605659062
2203,359,2025-05-16T17:09:49.698936,0-30,False,0.06782473181578204,117.84151132103779,0,0.16595897864698855
2204,359,2025-06-15T17:09:49.698936,61-90,False,0.16555708561557125,287.6457695672853,0,0.20417160814240776
2205,359,2025-07-15T17:09:49.698936,31-60,False,0.1683828241477055,292.5553252752123,0,0.4813211834620622
2206,359,2025-08-14T17:09:49.698936,0-30,False,0.18731202972965366,325.443714719081,0,0.3469383727501827
2207,359,2025-09-13T17:09:49.698936,31-60,False,0.04594604224712376,79.82856566727268,0,0.10459866739849938
2208,359,2025-10-13T17:09:49.698936,0-30,False,0.04641874149670758,80.64985301305347,0,0.044838276333648064
2209,360,2025-02-03T17:09:49.699907,31-60,True,0.29757070339725855,2295.6343040951765,1,0.42539297026179
2210,360,2025-03-05T17:09:49.699907,0-30,False,0.49874569821544185,3847.6157792817744,1,0.5540985539096401
2211,360,2025-04-04T17:09:49.699907,0-30,False,0.29740999410015245,2294.3944986599913,1,0.5506285168116125
2212,360,2025-05-04T17:09:49.699907,31-60,True,0.23800446432449954,1836.1055258242582,1,0.569188529489746
2213,360,2025-06-03T17:09:49.699907,61-90,False,0.4310852648254496,3325.6436558612277,1,0.4374219302289103
2214,360,2025-07-03T17:09:49.699907,61-90,False,0.4998908518360332,3856.450163530209,1,0.4060598462394852
2215,361,2026-04-09T17:09:49.700218,180+,True,0.8968279545908662,7059.740129026951,0,0.7121354470168235
2216,361,2026-05-09T17:09:49.700218,180+,True,0.9782218751578118,7700.464946249492,0,0.9987595546983956
2217,362,2024-05-28T17:09:49.701322,0-30,False,0.12575611644355353,1146.4186003085235,0,0.2072823783286768
2218,362,2024-06-27T17:09:49.701322,31-60,False,0.12004790675044574,1094.3813877123673,0,0.003091831317830973
2219,362,2024-07-27T17:09:49.701322,0-30,False,0.010009476601651392,91.24844564229811,0,0.14907182595726315
2220,362,2024-08-26T17:09:49.701322,31-60,False,0.16712338744522937,1523.5311437100308,0,0.18418906294093407
2221,362,2024-09-25T17:09:49.701322,0-30,False,0.004192258577200137,38.217490696465845,0,0.023666855449582802
2222,362,2024-10-25T17:09:49.701322,0-30,False,0.04652820177589323,424.16064890755786,0,0.12362211754856811
2223,362,2024-11-24T17:09:49.701322,0-30,False,0.17941469933329415,1635.581268739103,0,0.4330588845386422
2224,362,2024-12-24T17:09:49.701322,0-30,False,0.13049743495431124,1189.6414341907985,0,0.42776313946751077
2225,362,2025-01-23T17:09:49.701322,61-90,False,0.00411429721034764,37.506778855222755,0,0.2200340696070867
2226,363,2026-01-15T17:09:49.701322,91-180,False,0.14192648861435328,597.3442393740467,0,0.14204056792939623
2227,363,2026-02-14T17:09:49.701322,61-90,False,0.11437205852534212,481.37237081306307,0,0.3493618078684039
2228,363,2026-03-16T17:09:49.701322,0-30,False,0.060486083080398316,254.57554571474077,0,0.18793821985264259
2229,363,2026-04-15T17:09:49.701322,91-180,False,0.030604153403030823,128.8076307298374,0,0.04611231733840726
2230,363,2026-05-15T17:09:49.701322,0-30,False,0.06969731830261985,293.34405433658304,0,0.28615748339662
2231,364,2024-10-14T17:09:49.703330,91-180,False,0.12374802278986115,1140.2239281548925,0,0.2433134661645719
2232,364,2024-11-13T17:09:49.703330,61-90,False,0.17793140062156165,1639.4737950951835,0,0.22969671329584085
2233,364,2024-12-13T17:09:49.703330,0-30,False,0.008540189531829135,78.68997205478853,0,0.3872017763304601
2234,364,2025-01-12T17:09:49.703330,61-90,False,0.18670235579084538,1720.29005972168,0,0.4550526304657584
2235,364,2025-02-11T17:09:49.703330,91-180,False,0.19313925152120848,1779.6001187378263,0,0.0672658316520679
2236,364,2025-03-13T17:09:49.703330,0-30,False,0.12437199835071,1145.9732876115029,0,0.22669426526884384
2237,364,2025-04-12T17:09:49.703330,0-30,False,0.06562887907139606,604.7096075406603,0,0.3131226781583629
2238,364,2025-05-12T17:09:49.703330,0-30,False,0.06283446802233288,578.9616863100085,0,0.03590813359611855
2239,364,2025-06-11T17:09:49.703330,0-30,False,0.1581021099108085,1456.7651647913729,0,0.04982865959239502
2240,364,2025-07-11T17:09:49.703330,31-60,False,0.015165581485852432,139.73684996903677,0,0.4032154182777957
2241,364,2025-08-10T17:09:49.703330,0-30,False,0.19587377817463114,1804.7962604790525,0,0.05529216192176323
2242,365,2025-07-13T17:09:49.703330,31-60,False,0.00547631037695866,23.377495957972403,0,0.46738391433140153
2243,365,2025-08-12T17:09:49.703330,61-90,False,0.012706617609167825,54.24252486631186,0,0.2437038004851672
2244,365,2025-09-11T17:09:49.703330,0-30,False,0.04005550579922468,170.99056855063708,0,0.30495496674080175
2245,365,2025-10-11T17:09:49.703330,31-60,False,0.15571270021303912,664.7126932671971,0,0.2642374020506039
2246,365,2025-11-10T17:09:49.703330,0-30,False,0.06963909810462106,297.27820784360773,0,0.08709681141314768
2247,365,2025-12-10T17:09:49.703330,0-30,False,0.07504806519518398,320.36822604792013,0,0.41222666378783807
2248,365,2026-01-09T17:09:49.703330,61-90,False,0.06475718256788703,276.4380886992753,0,0.4025823297525953
2249,365,2026-02-08T17:09:49.703330,0-30,False,0.012385113637739531,52.870075666909266,0,0.492622432352918
2250,365,2026-03-10T17:09:49.703330,0-30,False,0.16529890850372816,705.6346882130574,0,0.18286186637671958
2251,366,2024-06-29T17:09:49.703330,0-30,False,0.03937721416104814,331.7749326628108,0,0.1494412057083317
2252,366,2024-07-29T17:09:49.703330,61-90,False,0.13657892534242105,1150.7534172761464,0,0.2234606589275978
2253,366,2024-08-28T17:09:49.703330,91-180,False,0.17830854612744562,1502.3486842590364,0,0.23734195069339398
2254,367,2024-07-02T17:09:49.705339,0-30,False,0.06189521387610417,167.59836250846135,0,0.22272549976595124
2255,367,2024-08-01T17:09:49.705339,0-30,False,0.07355164163330606,199.161355548856,0,0.0995388270284186
2256,367,2024-08-31T17:09:49.705339,0-30,False,0.12012275739622094,325.26549597044504,0,0.45119778166459784
2257,367,2024-09-30T17:09:49.705339,0-30,False,0.1166931565564538,315.9789057996253,0,0.4707016729131109
2258,367,2024-10-30T17:09:49.705339,0-30,False,0.11680078625701217,316.2703428985739,0,0.04617922729153934
2259,367,2024-11-29T17:09:49.705339,0-30,False,0.020905393591504763,56.607118937248785,0,0.023891596010893856
2260,367,2024-12-29T17:09:49.705339,0-30,False,0.05123887652924308,138.74339008286006,0,0.11659987997585253
2261,367,2025-01-28T17:09:49.705339,0-30,False,0.1328288847752156,359.6708402480512,0,0.369318533794154
2262,367,2025-02-27T17:09:49.705339,0-30,False,0.17881943392364233,484.2029364384003,0,0.3822521340170635
2263,368,2025-07-13T17:09:49.705339,180+,True,0.9127015069055,1419.353390745,0,0.823967829165964
2264,368,2025-08-12T17:09:49.705339,180+,True,0.8616862069644042,1340.0188674606372,0,0.8011229176303571
2265,368,2025-09-11T17:09:49.705339,180+,True,0.655772643776327,1019.8001410751631,0,0.9913472201557881
2266,368,2025-10-11T17:09:49.705339,180+,True,0.6801559987435406,1057.71899766585,0,0.871762220025973
2267,368,2025-11-10T17:09:49.705339,180+,True,0.6089046287891349,946.9151118665433,0,0.8492111049802277
2268,368,2025-12-10T17:09:49.705339,180+,True,0.8222971596133479,1278.764473233231,0,0.828455674075306
2269,368,2026-01-09T17:09:49.705339,180+,True,0.6444844574203425,1002.2457429959377,0,0.8033909426236182
2270,368,2026-02-08T17:09:49.705339,180+,True,0.6561938838415067,1020.4552167053738,0,0.7993138701608805
2271,368,2026-03-10T17:09:49.705339,180+,True,0.9531525075598439,1482.259241675863,0,0.7481263845863442
2272,369,2026-03-06T17:09:49.705339,31-60,False,0.06303214468289298,48.42272380751575,0,0.13238510811801285
2273,369,2026-04-05T17:09:49.705339,0-30,False,0.012162530262411276,9.343531727504955,0,0.29004140515114224
2274,369,2026-05-05T17:09:49.705339,0-30,False,0.049875356074414026,38.31538025784986,0,0.0748896953131985
2275,370,2025-06-09T17:09:49.705339,0-30,False,0.04347636672152762,101.1484775832683,0,0.21485749598608406
2276,370,2025-07-09T17:09:49.705339,31-60,False,0.14402569417977565,335.0781308950607,0,0.42830243888090425
2277,370,2025-08-08T17:09:49.705339,180+,False,0.010198854006530712,23.727800495890904,0,0.2935625202614211
2278,370,2025-09-07T17:09:49.705339,61-90,False,0.0198529048241195,46.188107470601736,0,0.29492367277203196
2279,370,2025-10-07T17:09:49.705339,0-30,False,0.1917352316551129,446.0751494072527,0,0.35817580802224375
2280,370,2025-11-06T17:09:49.705339,0-30,False,0.01758610622937744,40.91436350035134,0,0.291682813257305
2281,371,2026-03-14T17:09:49.707346,31-60,False,0.024841430303523128,219.05009529190772,0,0.1688712251444266
2282,371,2026-04-13T17:09:49.707346,91-180,False,0.038151437187025565,336.41685882136755,0,0.1913915261868217
2283,371,2026-05-13T17:09:49.707346,0-30,False,0.12798961353772756,1128.603977277325,0,0.24851400152077135
2284,372,2025-10-04T17:09:49.707346,0-30,False,0.2637246587469875,1088.8875888068183,1,0.6982885938998489
2285,372,2025-11-03T17:09:49.707346,0-30,False,0.4591001612546067,1895.5696823517476,1,0.6940035982794259
2286,372,2025-12-03T17:09:49.707346,31-60,False,0.4488901589324278,1853.4138033257543,1,0.5965393492096466
2287,372,2026-01-02T17:09:49.707346,61-90,False,0.35436761235000247,1463.1415082547005,1,0.49673267297028445
2288,372,2026-02-01T17:09:49.707346,0-30,False,0.3243340253450303,1339.1364178985546,1,0.6509953791730939
2289,372,2026-03-03T17:09:49.707346,61-90,False,0.2297389822358349,948.564793335118,1,0.6653372574836387
2290,372,2026-04-02T17:09:49.707346,31-60,False,0.3509646349480437,1449.0910213734644,1,0.5840498414393581
2291,372,2026-05-02T17:09:49.707346,31-60,False,0.38460121455365404,1587.9724374552286,1,0.5218005877726022
2292,373,2025-07-21T17:09:49.707346,31-60,False,0.05555075971539361,156.15393904202875,0,0.07620361785015506
2293,373,2025-08-20T17:09:49.707346,0-30,False,0.19348634013513877,543.8927265391696,0,0.2622476614816702
2294,373,2025-09-19T17:09:49.707346,31-60,False,0.08839074091372215,248.46757162704134,0,0.40551416152758113
2295,373,2025-10-19T17:09:49.707346,0-30,False,0.12144321025375973,341.3785112605549,0,0.44964509933244673
2296,373,2025-11-18T17:09:49.707346,0-30,False,0.0469778280078951,132.05531173030843,0,0.19372134915188916
2297,373,2025-12-18T17:09:49.707346,0-30,False,0.16726418747428154,470.18189973620883,0,0.07659949011712036
2298,373,2026-01-17T17:09:49.707346,31-60,False,0.044090896218010905,123.94010731104015,0,0.12760227924679274
2299,373,2026-02-16T17:09:49.707346,0-30,False,0.09887232509970273,277.93144694444675,0,0.10587176259984282
2300,373,2026-03-18T17:09:49.707346,0-30,False,0.0724409544413681,203.63250551277585,0,0.19566985398888687
2301,373,2026-04-17T17:09:49.707346,0-30,False,0.133744655797967,375.9580415402582,0,0.07718940675245639
2302,374,2025-11-11T17:09:49.709354,0-30,False,0.1857513730964801,492.92883629544957,0,0.35874723766188893
2303,374,2025-12-11T17:09:49.709354,0-30,False,0.10799627808963955,286.5899659073613,0,0.19688803475404965
2304,374,2026-01-10T17:09:49.709354,0-30,False,0.025922945211531268,68.79177797428054,0,0.25527545036706567
2305,375,2025-02-05T17:09:49.709354,180+,True,0.8274348896543138,387.7494200501578,0,0.8237081066780729
2306,375,2025-03-07T17:09:49.709354,180+,True,0.9229050694021541,432.48829593291765,0,0.8809738751377546
2307,375,2025-04-06T17:09:49.709354,180+,True,0.606333614295333,284.13777354512325,0,0.9218705642498691
2308,375,2025-05-06T17:09:49.709354,180+,True,0.7448651572270129,349.0559031792915,0,0.9462647368738817
2309,375,2025-06-05T17:09:49.709354,180+,True,0.70719122783455,331.4012883502733,0,0.7979631798645437
2310,375,2025-07-05T17:09:49.709354,180+,True,0.5283258114900955,247.58205094348784,0,0.986696643471209
2311,375,2025-08-04T17:09:49.709354,180+,True,0.9717379418461072,455.37217260560277,0,0.9801428551833866
2312,375,2025-09-03T17:09:49.709354,180+,True,0.6968775495517494,326.5681312973835,0,0.7432858605902053
2313,375,2025-10-03T17:09:49.709354,180+,True,0.9781067398438297,458.3566947243948,0,0.9375253813165672
2314,375,2025-11-02T17:09:49.709354,180+,True,0.5277325576298633,247.30404255500463,0,0.7704808780951657
2315,375,2025-12-02T17:09:49.709354,180+,True,0.536607653708954,251.4630566364565,0,0.8983722479658145
2316,376,2024-06-14T17:09:49.709354,0-30,False,0.1743353209911974,1447.777841405969,0,0.23081952866474498
2317,376,2024-07-14T17:09:49.709354,31-60,False,0.01714694874921252,142.3978359961098,0,0.2580981956083424
2318,376,2024-08-13T17:09:49.709354,31-60,False,0.05609468426395812,465.8415772333553,0,0.1578582804684115
2319,376,2024-09-12T17:09:49.709354,0-30,False,0.05087319182753008,422.47938874768926,0,0.2874403034233716
2320,377,2025-10-27T17:09:49.711363,0-30,False,0.1891027811889736,525.7091787782335,0,0.23367390314963365
2321,377,2025-11-26T17:09:49.711363,31-60,False,0.104711871414162,291.10091127882833,0,0.2779585752985856
2322,377,2025-12-26T17:09:49.711363,31-60,False,0.0710444882899206,197.50497248525798,0,0.25484235878687955
2323,377,2026-01-25T17:09:49.711363,31-60,False,0.1859155558045999,516.8486341111203,0,0.24648762161464494
2324,377,2026-02-24T17:09:49.711363,0-30,False,0.043005928072956334,119.55726397929858,0,0.30707961010163526
2325,377,2026-03-26T17:09:49.711363,0-30,False,0.14479103497663476,402.521716568257,0,0.1430346533231064
2326,378,2025-03-24T17:09:49.711363,180+,True,0.5431230367313796,3736.3693451870645,0,0.709252719469431
2327,378,2025-04-23T17:09:49.711363,180+,True,0.8205671727891368,5645.022992446767,0,0.8982925188453147
2328,378,2025-05-23T17:09:49.711363,180+,True,0.518196186789659,3564.8871732010753,0,0.9572304539590022
2329,378,2025-06-22T17:09:49.711363,180+,True,0.921462233426471,6339.122093664922,0,0.7192309797976995
2330,378,2025-07-22T17:09:49.711363,180+,True,0.983227533596583,6764.0312920313745,0,0.9285934324967244
2331,378,2025-08-21T17:09:49.711363,180+,True,0.9201287953282005,6329.9488181874785,0,0.8044413849746157
2332,379,2025-12-28T17:09:49.711363,31-60,False,0.12167696817474083,924.4731910037575,0,0.3834288586667637
2333,379,2026-01-27T17:09:49.711363,0-30,False,0.12300366599823537,934.5531312651088,0,0.14879195950547636
2334,379,2026-02-26T17:09:49.711363,31-60,False,0.17966631490260376,1365.062706159508,0,0.1542030758479782
2335,379,2026-03-28T17:09:49.711363,31-60,False,0.04539457139471684,344.89735322180377,0,0.2136097941494116
2336,379,2026-04-27T17:09:49.711363,0-30,False,0.09987013301390701,758.7899496373442,0,0.315266273440014
2337,380,2025-01-05T17:09:49.713371,0-30,False,0.11755323506735278,393.1327594502499,0,0.3762724605070657
2338,380,2025-02-04T17:09:49.713371,31-60,False,0.13234075557035493,442.5865982786031,0,0.3218409705825148
2339,380,2025-03-06T17:09:49.713371,0-30,False,0.16454917884632037,550.3010845091784,0,0.026357509147959368
2340,381,2026-02-15T17:09:49.713371,61-90,False,0.013114867080671645,127.34467626609403,0,0.045110505641307475
2341,381,2026-03-17T17:09:49.713371,31-60,False,0.19836886553754957,1926.1513523366868,0,0.49960443195382664
2342,381,2026-04-16T17:09:49.713371,0-30,False,0.03699269982185134,359.1971885071671,0,0.4236332647905421
2343,381,2026-05-16T17:09:49.713371,0-30,False,0.10346713601258713,1004.6605016013666,0,0.1172584785102867
2344,382,2025-12-11T17:09:49.713371,0-30,False,0.04835732202500984,26.471504198580476,0,0.42506292905373555
2345,382,2026-01-10T17:09:49.713371,0-30,False,0.014338416513212172,7.849058571402857,0,0.15881110665918707
2346,382,2026-02-09T17:09:49.713371,31-60,False,0.1144027124945376,62.62571534796505,0,0.15354466177515053
2347,382,2026-03-11T17:09:49.713371,31-60,False,0.08287020905632436,45.36436252274633,0,0.11089794786100649
2348,382,2026-04-10T17:09:49.713371,61-90,False,0.16072157527073783,87.98133718780798,0,0.4202988250916535
2349,382,2026-05-10T17:09:49.713371,0-30,False,0.0008134717070444886,0.44530629089256774,0,0.48901161797650433
2350,383,2024-06-14T17:09:49.715378,180+,True,0.5828373047924323,3281.647028404317,0,0.7654841235013335
2351,383,2024-07-14T17:09:49.715378,180+,True,0.9083308453940835,5114.328123964276,0,0.920902038730038
2352,383,2024-08-13T17:09:49.715378,180+,True,0.535046274244303,3012.5611409824364,0,0.9535072906109131
2353,383,2024-09-12T17:09:49.715378,180+,True,0.9504050683198795,5351.225706705709,0,0.7391160259484603
2354,383,2024-10-12T17:09:49.715378,180+,True,0.8633864258016755,4861.269989582659,0,0.8168197235331983
2355,383,2024-11-11T17:09:49.715378,180+,True,0.6046475067803669,3404.448681548488,0,0.8011760350184809
2356,383,2024-12-11T17:09:49.715378,180+,True,0.6077714150200557,3422.037748184216,0,0.9844280717920737
2357,383,2025-01-10T17:09:49.715378,180+,True,0.6680668228444662,3761.5291367525415,0,0.8864603145966727
2358,383,2025-02-09T17:09:49.715378,180+,True,0.9076094141939905,5110.26612838761,0,0.9781239682783345
2359,383,2025-03-11T17:09:49.715378,180+,True,0.7053232325877232,3971.3001746007703,0,0.7780922481288656
2360,383,2025-04-10T17:09:49.715378,180+,True,0.520121898926691,2928.529917330282,0,0.862039356406179
2361,384,2025-08-23T17:09:49.716807,0-30,False,0.19416137234060524,818.6553382832238,0,0.21392826981527607
2362,384,2025-09-22T17:09:49.716807,0-30,False,0.11165158186532659,470.7638930439333,0,0.4959609831009018
2363,384,2025-10-22T17:09:49.716807,0-30,False,0.03661420757892249,154.37888664544826,0,0.2864201784182639
2364,384,2025-11-21T17:09:49.716807,61-90,False,0.14318184126974157,603.7069953083633,0,0.4176883538214132
2365,384,2025-12-21T17:09:49.716807,31-60,False,0.12624485389794524,532.2944637671609,0,0.4558009865749307
2366,384,2026-01-20T17:09:49.716807,0-30,False,0.005574988439135709,23.506189678961345,0,0.1398344240293894
2367,385,2025-02-23T17:09:49.716807,0-30,False,0.009325826508144354,39.211464959964445,0,0.07509724578035787
2368,385,2025-03-25T17:09:49.716807,31-60,False,0.058704873475008634,246.83110791672644,0,0.11757921649942427
2369,385,2025-04-24T17:09:49.716807,61-90,False,0.0767303211929747,322.6210886721519,0,0.4691613181590445
2370,385,2025-05-24T17:09:49.716807,0-30,False,0.03969195005017221,166.88917676366614,0,0.44972810510802025
2371,385,2025-06-23T17:09:49.716807,61-90,False,0.14945704710562646,628.4086199206092,0,0.41892665903800447
2372,385,2025-07-23T17:09:49.716807,0-30,False,0.015370982442187132,64.62898906661925,0,0.39476159165398456
2373,386,2024-11-01T17:09:49.717835,180+,True,0.5927966541480134,2964.447079648667,0,0.8229897732987482
2374,386,2024-12-01T17:09:49.717835,180+,True,0.8001636529386005,4001.4443192227877,0,0.9093350271717944
2375,386,2024-12-31T17:09:49.717835,180+,True,0.9527301164984159,4764.396006259963,0,0.9263677667624328
2376,386,2025-01-30T17:09:49.717835,180+,True,0.9438092387779136,4719.784637890392,0,0.8528022967422585
2377,386,2025-03-01T17:09:49.717835,180+,True,0.844091481734141,4221.117832689906,0,0.940237806381182
2378,387,2025-05-07T17:09:49.717835,180+,True,0.7044021722909626,212.07877802188625,0,0.7856751246084587
2379,387,2025-06-06T17:09:49.717835,180+,True,0.5487552477789305,165.21718268350395,0,0.7225935913469976
2380,387,2025-07-06T17:09:49.717835,180+,True,0.7118168761833641,214.31116940674005,0,0.8788502082096954
2381,387,2025-08-05T17:09:49.717835,180+,True,0.7995244571371758,240.71784065740266,0,0.8467574941896048
2382,387,2025-09-04T17:09:49.717835,180+,True,0.6181243442561853,186.1025714459078,0,0.9560302130831351
2383,387,2025-10-04T17:09:49.717835,180+,True,0.7483742951071539,225.31774070645068,0,0.7129824061821669
2384,387,2025-11-03T17:09:49.717835,180+,True,0.5219037677157032,157.13283924463104,0,0.870888196456086
2385,387,2025-12-03T17:09:49.717835,180+,True,0.9382271069050223,282.47791697217576,0,0.7395242406097638
2386,388,2026-04-10T17:09:49.717835,180+,True,0.7009988490486374,461.94355047606814,0,0.7903518195375484
2387,388,2026-05-10T17:09:49.717835,180+,True,0.5209567965116877,343.29961105050313,0,0.8555752574379247
2388,389,2025-12-24T17:09:49.719843,0-30,False,0.13155547549431273,300.6716877728306,0,0.2672399574505353
2389,389,2026-01-23T17:09:49.719843,0-30,False,0.1188464098219225,271.6249589204195,0,0.34320648756556243
2390,389,2026-02-22T17:09:49.719843,0-30,False,0.17853025513194234,408.0331352787801,0,0.3422312197858824
2391,389,2026-03-24T17:09:49.719843,31-60,False,0.019430674565933684,44.40905020754122,0,0.22930182034568664
2392,389,2026-04-23T17:09:49.719843,0-30,False,0.03770015763221826,86.16418269166503,0,0.4711441572774185
2393,390,2025-11-02T17:09:49.719843,0-30,False,0.13218757964666333,800.4666922472912,0,0.495114088771986
2394,390,2025-12-02T17:09:49.719843,0-30,False,0.19290711105488398,1168.15602123767,0,0.19162897737530116
2395,390,2026-01-01T17:09:49.719843,0-30,False,0.12451490135454497,754.0045100242234,0,0.32191858738260287
2396,391,2025-01-02T17:09:49.719843,180+,True,0.8566186588117898,2223.803798587723,0,0.7070503382907133
2397,391,2025-02-01T17:09:49.719843,180+,True,0.6923133559122829,1797.263058484245,0,0.9384485196966615
2398,391,2025-03-03T17:09:49.719843,180+,True,0.9096023025816333,2361.3506837347636,0,0.8545576591347198
2399,391,2025-04-02T17:09:49.719843,180+,True,0.7096968488207346,1842.3910476599174,0,0.9773312004428125
2400,391,2025-05-02T17:09:49.719843,180+,True,0.5967673757561627,1549.2232668858564,0,0.7994562141687145
2401,391,2025-06-01T17:09:49.719843,180+,True,0.658864509668941,1710.429003949993,0,0.7682398186556472
2402,392,2025-02-15T17:09:49.721851,61-90,False,0.11417710349891126,285.59449562123797,0,0.1525282071184021
2403,392,2025-03-17T17:09:49.721851,0-30,False,0.07284684820657761,182.2139311088129,0,0.2478746877044432
2404,392,2025-04-16T17:09:49.721851,0-30,False,0.1162172523943105,290.6975791372717,0,0.4476420885921139
2405,392,2025-05-16T17:09:49.721851,0-30,False,0.00046453860674202654,1.1619638703686923,0,0.030144175529614792
2406,392,2025-06-15T17:09:49.721851,0-30,False,0.06394015872337958,159.93537076126316,0,0.10863830697892762
2407,392,2025-07-15T17:09:49.721851,0-30,False,0.05943064873636135,148.65560283254104,0,0.3708659940353058
2408,393,2025-05-01T17:09:49.721851,31-60,False,0.10313515119881976,422.75816992306807,0,0.45362778627870987
2409,393,2025-05-31T17:09:49.721851,0-30,False,0.1289075688058968,528.4011051921215,0,0.19344503025694199
2410,393,2025-06-30T17:09:49.721851,61-90,False,0.05839293333907301,239.35670184142526,0,0.48672423349752725
2411,393,2025-07-30T17:09:49.721851,31-60,False,0.13502539799792942,553.4785132635922,0,0.4923502427280207
2412,394,2024-11-01T17:09:49.721851,0-30,False,0.15604499405147387,451.0718851548934,0,0.05392491828614221
2413,394,2024-12-01T17:09:49.721851,61-90,False,0.18302118970160927,529.0506982541456,0,0.06304641031504488
2414,394,2024-12-31T17:09:49.721851,31-60,False,0.08493618139882662,245.52100305626465,0,0.3136307348356052
2415,394,2025-01-30T17:09:49.721851,31-60,False,0.03209395370261756,92.77247428993599,0,0.1783353432655727
2416,394,2025-03-01T17:09:49.721851,0-30,False,0.1490042529062915,430.71954767332426,0,0.282650271179702
2417,394,2025-03-31T17:09:49.721851,31-60,False,0.18658442869224287,539.3507847037778,0,0.424368709408006
2418,394,2025-04-30T17:09:49.721851,61-90,False,0.0376354522703376,108.79102214992105,0,0.21699793443306747
2419,394,2025-05-30T17:09:49.721851,31-60,False,0.03558989958901491,102.87803974534927,0,0.002008156190967114
2420,395,2024-05-31T17:09:49.723859,0-30,False,0.17391251865683,933.5075450674224,0,0.0318254690136045
2421,395,2024-06-30T17:09:49.723859,0-30,False,0.10019581212722789,537.8195159687654,0,0.29544831067772703
2422,395,2024-07-30T17:09:49.723859,0-30,False,0.18715549572548462,1004.5916689029117,0,0.07768868595009898
2423,395,2024-08-29T17:09:49.723859,31-60,False,0.12978389538042748,696.6390142674873,0,0.017582987048757714
2424,396,2024-06-29T17:09:49.723859,31-60,False,0.16825768704731267,107.68185437994546,0,0.05715554672769391
2425,396,2024-07-29T17:09:49.723859,0-30,False,0.11315365483880163,72.41627765561903,0,0.05529770964497188
2426,396,2024-08-28T17:09:49.723859,0-30,False,0.009654888700928989,6.178952875155555,0,0.0036378132262659957
2427,396,2024-09-27T17:09:49.723859,0-30,False,0.10364321766386263,66.32977112546904,0,0.0013257865503480404
2428,396,2024-10-27T17:09:49.723859,180+,False,0.11029408738153545,70.58620657876902,0,0.23696820962204457
2429,397,2024-11-27T17:09:49.723859,0-30,False,0.15091150465740955,148.88331127825424,0,0.3521835939456099
2430,397,2024-12-27T17:09:49.723859,0-30,False,0.1927182209984533,190.12816120971164,0,0.42849984334190316
2431,397,2025-01-26T17:09:49.723859,61-90,False,0.10447263971786165,103.06856706839952,0,0.3916138582865099
2432,397,2025-02-25T17:09:49.723859,31-60,False,0.18600943950190543,183.50954319171626,0,0.3509146360910594
2433,398,2024-09-08T17:09:49.723859,0-30,False,0.03728863042915938,51.353042851270544,0,0.00808861097516439
2434,398,2024-10-08T17:09:49.723859,0-30,False,0.1448989932062293,199.5515555703181,0,0.1345664689270369
2435,398,2024-11-07T17:09:49.723859,0-30,False,0.16564698620568608,228.1252135812537,0,0.44945023373578347
2436,398,2024-12-07T17:09:49.723859,0-30,False,0.07091969207324511,97.66896622698971,0,0.07077643699860015
2437,398,2025-01-06T17:09:49.723859,91-180,False,0.06877444245498414,94.71457787039618,0,0.047387106452185135
2438,398,2025-02-05T17:09:49.723859,0-30,False,0.12662444753335084,174.3842722395534,0,0.07316022250193388
2439,398,2025-03-07T17:09:49.723859,0-30,False,0.015789115066799586,21.744405554110863,0,0.19172179847342324
2440,399,2025-08-20T17:09:49.725867,180+,True,0.7142235385895588,372.39751960239755,0,0.9148383809102146
2441,399,2025-09-19T17:09:49.725867,180+,True,0.8488725010826501,442.6037462810719,0,0.8004308666722207
2442,399,2025-10-19T17:09:49.725867,180+,True,0.875770677595229,456.62850698119234,0,0.7510216581888765
2443,399,2025-11-18T17:09:49.725867,180+,True,0.6088541795267306,317.4577341753015,0,0.8270820569052149
2444,399,2025-12-18T17:09:49.725867,180+,True,0.6610046143133298,344.6490706566892,0,0.9102373073924048
2445,399,2026-01-17T17:09:49.725867,180+,True,0.5110075728940418,266.4403262591722,0,0.8962235614682665
2446,399,2026-02-16T17:09:49.725867,180+,True,0.5676410987009504,295.9691549764108,0,0.9778349118643876
2447,399,2026-03-18T17:09:49.725867,180+,True,0.6510699619369199,339.4691238988533,0,0.9411583765538915
2448,400,2025-01-11T17:09:49.725867,0-30,False,0.1615552181827196,554.3871657583059,0,0.22709004373684427
2449,400,2025-02-10T17:09:49.725867,0-30,False,0.010559948834589728,36.237146474214704,0,0.21984700597764456
2450,400,2025-03-12T17:09:49.725867,0-30,False,0.1645495898278008,564.6625454595427,0,0.08129763031816578
2451,400,2025-04-11T17:09:49.725867,180+,False,0.13680212033851358,469.4453117473332,0,0.10426164851559144
2452,400,2025-05-11T17:09:49.725867,31-60,False,0.14104148722215645,483.9929730217233,0,0.28463462289970615
2453,400,2025-06-10T17:09:49.725867,0-30,False,0.14688811555225598,504.0560557597886,0,0.4763328061769906
